# test2_wood_chest; source Poly Pizza; see ASSET-CREDITS.md
v 0 0.83913706 0.898359659
v -0.852838065 0.0152072578 0.89835981
v 0 0.0152072578 0.89835981
v 0.852838065 0.0152072578 0.89835981
v 0.852838065 0.83913706 0.898359659
v -0.852838065 0.83913706 0.898359659
v -0.852838065 0.83913706 0.898359659
v -0.852838065 0.0152069653 -0.898359808
v -0.852838065 0.0152072578 0.89835981
v -0.852838065 0.839136766 -0.898359959
v -0.852838065 0.0152072578 0.89835981
v -0.852838065 0.0152069653 -0.898359808
v 0 0.0152072578 0.89835981
v 0.852838065 0.0152069653 -0.898359808
v 0.852838065 0.0152072578 0.89835981
v 0 0.0152069653 -0.898359808
v 0 0.0152069653 -0.898359808
v -0.852838065 0.0152069653 -0.898359808
v 0 0.839136766 -0.898359959
v 0.852838065 0.0152069653 -0.898359808
v -0.852838065 0.839136766 -0.898359959
v 0.852838065 0.0152072578 0.89835981
v 0.852838065 0.0152069653 -0.898359808
v 0.852838065 0.83913706 0.898359659
v 0.852838065 0.839136766 -0.898359959
v 0.852838065 0.839136766 -0.898359959
v -0.918076281 0.0497103902 -8.09884967e-09
v -0.918076281 0.0497104913 0.615734376
v -0.918076281 0.230111411 0.615734338
v -0.918076281 0.230111409 0.668517883
v -0.918076281 0.230111298 -3.74898865e-08
v -0.918076281 0.0497102948 -0.615734372
v -0.865292735 -0.00307306767 0.90799937
v -0.865292735 -0.00307309807 0.721301464
v -0.69855391 -0.00307306767 0.90799937
v -0.645770365 -0.00307309807 0.721301464
v -0.645770365 -0.00307306767 0.90799937
v -0.69855391 -0.00307309807 0.721301464
v -0.865292735 -0.00307310632 0.668517919
v -0.69855391 -0.00307310632 0.668517919
v -0.592986727 0.0497105461 0.960782918
v -0.645770365 0.230111582 0.960782832
v -0.645770365 0.0497105461 0.960782918
v 0 0.0497105461 0.960782918
v -0.592986727 0.230111582 0.960782832
v 0 0.230111582 0.960782832
v -0.865292735 0.282894913 -4.6089428e-08
v -0.69855391 0.2828948 -0.615734455
v -0.865292735 0.2828948 -0.615734455
v -0.865292735 0.282895003 0.61573434
v -0.69855391 0.282895003 0.61573434
v -0.69855391 0.282894913 -4.6089428e-08
v -0.918076281 0.508815104 0.907999299
v -0.918076281 0.508815112 0.72130144
v -0.918076281 0.335678768 0.907999292
v -0.918076281 0.561598649 0.907999302
v -0.918076281 0.561598657 0.721301396
v -0.918076281 0.335678636 0.721301432
v -0.918076281 0.282895153 0.907999289
v -0.918076281 0.61438214 -1.00095553e-07
v -0.918076281 0.614382207 0.615734308
v -0.918076281 0.797664347 0.615734223
v -0.918076281 0.797664345 0.668517768
v -0.918076281 0.797664281 -1.29956009e-07
v -0.918076281 0.614382028 -0.615734487
v -0.865292735 0.335678639 0.668517887
v -0.865292735 0.508815067 0.668517895
v -0.69855391 0.335678639 0.668517887
v -0.69855391 0.508815067 0.668517895
v -0.592986727 0.614382331 0.960782849
v 0 0.797664425 0.960782764
v -0.592986727 0.797664518 0.960782764
v -0.645770365 0.797664518 0.960782764
v -0.645770365 0.614382331 0.960782849
v 0.592986727 0.614382331 0.960782849
v 0.592986727 0.797664518 0.960782764
v 0 0.614382331 0.960782849
v -0.592986727 0.561598657 0.721301396
v 0 0.561598657 0.721301396
v -0.592986727 0.561598649 0.907999302
v 0 0.561598649 0.907999302
v 0 0.282895153 0.907999289
v -0.592986727 0.282895021 0.72130143
v -0.592986727 0.282895153 0.907999289
v 0.592986727 0.282895021 0.72130143
v 0 0.282895021 0.72130143
v 0.592986727 0.282895153 0.907999289
v -0.69855391 0.508815194 0.960782844
v -0.865292735 0.508815194 0.960782844
v -0.69855391 0.335678765 0.960782837
v -0.865292735 0.335678765 0.960782837
v -0.69855391 0.561598739 0.960782847
v -0.865292735 0.561598739 0.960782847
v -0.865292735 0.282895151 0.960782835
v -0.69855391 0.282895151 0.960782835
v -0.865292735 0.850447919 -1.38555527e-07
v -0.69855391 0.85044776 -0.615734523
v -0.865292735 0.85044776 -0.615734523
v -0.865292735 0.850447985 0.615734225
v -0.69855391 0.850447985 0.615734225
v -0.69855391 0.850447919 -1.38555527e-07
v -0.592986727 0.230111409 0.668517883
v 0 0.230111409 0.668517883
v -0.592986727 0.0497105006 0.668517921
v 0 0.0497105006 0.668517921
v -0.645770365 0.508815104 0.907999299
v -0.645770365 0.335678768 0.907999292
v -0.645770365 0.508815112 0.72130144
v -0.645770365 0.335678636 0.721301432
v -0.918076281 0.797664428 0.907999219
v -0.918076281 0.614382295 0.721301398
v -0.918076281 0.614382287 0.907999304
v -0.918076281 0.614382204 0.668517853
v -0.918076281 0.797664436 0.721301313
v 0 0.850447973 0.907999221
v 0.592986727 0.850447981 0.721301315
v 0 0.850447981 0.721301315
v 0.592986727 0.850447973 0.907999221
v -0.592986727 0.850447981 0.721301315
v -0.592986727 0.850447973 0.907999221
v -0.645770365 0.850447981 0.721301315
v -0.645770365 0.850447973 0.907999221
v -0.69855391 -0.00307321534 5.00690293e-10
v -0.865292735 -0.00307331575 -0.615734374
v -0.69855391 -0.00307331575 -0.615734374
v -0.69855391 -0.00307311492 0.615734374
v -0.865292735 -0.00307311492 0.615734374
v -0.865292735 -0.00307321534 5.00690293e-10
v -0.69855391 0.230111582 0.960782832
v -0.865292735 0.230111582 0.960782832
v -0.69855391 0.0497105461 0.960782918
v -0.865292735 0.0497105461 0.960782918
v -0.645770365 0.230111411 0.615734338
v -0.645770365 0.0497103902 -8.09884967e-09
v -0.645770365 0.230111298 -3.74898865e-08
v -0.645770365 0.0497104913 0.615734376
v -0.645770365 0.0497102948 -0.615734372
v -0.645770365 0.230111185 -0.615734457
v -0.69855391 0.561598549 -9.14960109e-08
v -0.865292735 0.561598436 -0.615734489
v -0.69855391 0.561598436 -0.615734489
v -0.69855391 0.561598615 0.615734306
v -0.865292735 0.561598615 0.615734306
v -0.865292735 0.561598549 -9.14960109e-08
v -0.69855391 0.797664425 0.960782764
v -0.865292735 0.797664425 0.960782764
v -0.69855391 0.614382331 0.960782849
v -0.865292735 0.614382331 0.960782849
v -0.918076281 0.230111406 0.721301428
v -0.918076281 0.0497105006 0.668517921
v -0.918076281 0.04971051 0.721301467
v -0.918076281 0.0497105426 0.907999372
v -0.918076281 0.230111561 0.907999287
v -0.918076281 0.282895021 0.72130143
v -0.865292735 0.850447973 0.907999221
v -0.69855391 0.850447981 0.721301315
v -0.865292735 0.850447981 0.721301315
v -0.69855391 0.850447973 0.907999221
v -0.69855391 0.850447983 0.66851777
v -0.865292735 0.850447983 0.66851777
v -0.645770365 0.012386952 0.945323054
v -0.592986727 -0.00307306767 0.90799937
v -0.592986727 0.012386952 0.945323054
v -0.69855391 0.012386952 0.945323054
v -0.69855391 -0.00307306767 0.90799937
v -0.645770365 -0.00307306767 0.90799937
v -0.645770365 0.0497105461 0.960782918
v -0.645770365 0.012386952 0.945323054
v -0.592986727 0.0497105461 0.960782918
v -0.69855391 0.0497105461 0.960782918
v -0.592986727 0.012386952 0.945323054
v -0.69855391 0.012386952 0.945323054
v -0.865292735 0.0497105461 0.960782918
v -0.865292735 0.0123868923 0.945322868
v -0.865292735 -0.00307306767 0.90799937
v -0.645770365 -0.00307309807 0.721301464
v -0.592986727 0.0123869096 0.683977781
v -0.592986727 -0.00307309807 0.721301464
v -0.645770365 0.00558482559 0.66851792
v -0.645770365 -0.00307309807 0.721301464
v -0.69855391 -0.00307309807 0.721301464
v -0.645770365 0.00558482559 0.66851792
v -0.69855391 -0.00307310632 0.668517919
v -0.69855391 -0.00307310632 0.668517919
v -0.661230274 0.0123868995 0.615734375
v -0.645770365 0.00558482559 0.66851792
v -0.69855391 -0.00307311492 0.615734374
v -0.630310364 0.0497105013 0.653057967
v -0.661230274 0.0123868995 0.615734375
v -0.645770365 0.0497104913 0.615734376
v -0.645770365 0.00558482559 0.66851792
v -0.592986727 0.0123869096 0.683977781
v -0.630310364 0.0497105013 0.653057967
v -0.592986727 0.0497105006 0.668517921
v -0.645770365 0.00558482559 0.66851792
v -0.622509746 0.841790037 0.644437912
v -0.645770365 0.850447981 0.721301315
v -0.592986727 0.850447981 0.721301315
v -0.571627403 0.834988029 0.659340889
v -0.622509746 0.841790037 0.644437912
v -0.69855391 0.850447985 0.615734225
v -0.69855391 0.850447983 0.66851777
v -0.637412816 0.834988032 0.593555615
v -0.645770365 0.850447981 0.721301315
v -0.69855391 0.850447983 0.66851777
v -0.69855391 0.850447981 0.721301315
v -0.622509746 0.841790037 0.644437912
v -0.645770365 0.834988203 0.945322811
v -0.69855391 0.850447973 0.907999221
v -0.69855391 0.834988109 0.945322904
v -0.592986727 0.850447973 0.907999221
v -0.645770365 0.850447973 0.907999221
v -0.592986727 0.834988109 0.945322904
v 0 0.850447973 0.907999221
v 0 0.834988109 0.945322904
v -0.865292735 0.850447973 0.907999221
v -0.865292735 0.834988109 0.945322811
v -0.69855391 0.834988109 0.945322904
v -0.645770365 0.797664518 0.960782764
v -0.645770365 0.834988203 0.945322811
v -0.865292735 0.797664425 0.960782764
v -0.69855391 0.797664425 0.960782764
v -0.865292735 0.834988109 0.945322811
v -0.592986727 0.834988109 0.945322904
v -0.592986727 0.797664518 0.960782764
v 0 0.834988109 0.945322904
v -0.902616326 0.0123869167 0.721301465
v -0.918076281 0.04971051 0.721301467
v -0.902616326 0.0123869074 0.668518013
v -0.918076281 0.0497105006 0.668517921
v -0.902616419 0.0123868867 0.907999371
v -0.918076281 0.0497105426 0.907999372
v -0.902616326 0.0123868995 0.615734375
v -0.918076281 0.0497104913 0.615734376
v -0.918076281 0.0497103902 -8.09884967e-09
v -0.902616326 0.0123867983 -2.01806557e-09
v -0.865292735 -0.00307310632 0.668517919
v -0.902616326 0.0123868995 0.615734375
v -0.865292735 -0.00307311492 0.615734374
v -0.902616326 0.0123867983 -2.01806557e-09
v -0.865292735 -0.00307321534 5.00690293e-10
v -0.902616326 0.0123869074 0.668518013
v -0.865292735 -0.00307309807 0.721301464
v -0.902616326 0.0123869167 0.721301465
v -0.865292735 -0.00307306767 0.90799937
v -0.902616419 0.0123868867 0.907999371
v -0.89576738 0.0192358825 0.938473922
v -0.865292735 0.0497105461 0.960782918
v -0.902616419 0.0497104827 0.94532287
v -0.865292735 0.0123868923 0.945322868
v -0.89576738 0.0192358825 0.938473922
v -0.902616419 0.0497104827 0.94532287
v -0.918076281 0.0497105426 0.907999372
v -0.902616419 0.0123868867 0.907999371
v -0.89576738 0.0192358825 0.938473922
v -0.865292735 -0.00307306767 0.90799937
v -0.865292735 0.0123868923 0.945322868
v -0.902616419 0.0123868867 0.907999371
v -0.902616326 0.834988026 0.721301315
v -0.902616326 0.834988028 0.668517863
v -0.918076281 0.797664436 0.721301313
v -0.902616419 0.834988018 0.90799922
v -0.918076281 0.797664345 0.668517768
v -0.902616326 0.834988031 0.615734224
v -0.918076281 0.797664347 0.615734223
v -0.902616326 0.834988026 0.721301315
v -0.865292735 0.850447973 0.907999221
v -0.865292735 0.850447981 0.721301315
v -0.902616326 0.834988028 0.668517863
v -0.865292735 0.850447983 0.66851777
v -0.902616326 0.834988031 0.615734224
v -0.865292735 0.850447985 0.615734225
v -0.902616326 0.834987964 -1.36036781e-07
v -0.902616326 0.834987964 -1.36036781e-07
v -0.918076281 0.797664281 -1.29956009e-07
v -0.89576738 0.828139164 0.938473771
v -0.918076281 0.797664428 0.907999219
v -0.902616419 0.797664519 0.945322809
v -0.902616419 0.834988018 0.90799922
v -0.89576738 0.828139164 0.938473771
v -0.865292735 0.797664425 0.960782764
v -0.865292735 0.834988109 0.945322811
v -0.902616419 0.797664519 0.945322809
v -0.89576738 0.828139164 0.938473771
v -0.865292735 0.834988109 0.945322811
v -0.865292735 0.850447973 0.907999221
v -0.902616419 0.834988018 0.90799922
v -0.902616233 0.282895151 0.945322973
v -0.918076281 0.230111561 0.907999287
v -0.902616326 0.23011156 0.945322971
v -0.918076281 0.335678768 0.907999292
v -0.918076281 0.282895153 0.907999289
v -0.902616326 0.335678766 0.945322975
v -0.918076281 0.0497105426 0.907999372
v -0.902616419 0.0497104827 0.94532287
v -0.902616233 0.282895151 0.945322973
v -0.865292735 0.230111582 0.960782832
v -0.865292735 0.282895151 0.960782835
v -0.865292735 0.335678765 0.960782837
v -0.902616326 0.335678766 0.945322975
v -0.902616326 0.23011156 0.945322971
v -0.865292735 0.0497105461 0.960782918
v -0.902616326 0.508815195 0.945322983
v -0.918076281 0.508815104 0.907999299
v -0.630310364 0.298355046 0.721301431
v -0.661230274 0.335678638 0.683977702
v -0.645770365 0.335678636 0.721301432
v -0.645770365 0.282895024 0.668518025
v -0.592986727 0.267435068 0.683977699
v -0.630310364 0.298355046 0.721301431
v -0.592986727 0.282895021 0.72130143
v -0.645770365 0.282895024 0.668518025
v -0.630310364 0.230111409 0.653057928
v -0.592986727 0.267435068 0.683977699
v -0.592986727 0.230111409 0.668517883
v -0.645770365 0.282895024 0.668518025
v -0.630310364 0.230111409 0.653057928
v -0.661230274 0.267435048 0.615734339
v -0.645770365 0.282895024 0.668518025
v -0.645770365 0.230111411 0.615734338
v -0.69855391 0.298355049 0.653057931
v -0.661230274 0.267435048 0.615734339
v -0.69855391 0.282895003 0.61573434
v -0.645770365 0.282895024 0.668518025
v -0.69855391 0.298355049 0.653057931
v -0.661230274 0.335678638 0.683977702
v -0.645770365 0.282895024 0.668518025
v -0.69855391 0.335678639 0.668517887
v -0.918076281 0.282895021 0.72130143
v -0.902616326 0.335678638 0.683977702
v -0.909418426 0.282895024 0.668517932
v -0.918076281 0.335678636 0.721301432
v -0.865292735 0.298355049 0.653057931
v -0.902616326 0.335678638 0.683977702
v -0.865292735 0.335678639 0.668517887
v -0.909418426 0.282895024 0.668517932
v -0.865292735 0.298355049 0.653057931
v -0.902616326 0.267435048 0.615734339
v -0.909418426 0.282895024 0.668517932
v -0.865292735 0.282895003 0.61573434
v -0.918076281 0.230111409 0.668517883
v -0.902616326 0.267435048 0.615734339
v -0.918076281 0.230111411 0.615734338
v -0.909418426 0.282895024 0.668517932
v -0.918076281 0.282895021 0.72130143
v -0.909418426 0.282895024 0.668517932
v -0.918076281 0.230111406 0.721301428
v -0.918076281 0.230111409 0.668517883
v -0.592986727 0.267435196 0.945322972
v -0.645770365 0.230111582 0.960782832
v -0.592986727 0.230111582 0.960782832
v -0.645770365 0.282895104 0.952125074
v -0.592986727 0.267435196 0.945322972
v -0.630310364 0.298355108 0.90799929
v -0.645770365 0.282895104 0.952125074
v -0.592986727 0.282895153 0.907999289
v -0.661230274 0.335678766 0.945322975
v -0.630310364 0.298355108 0.90799929
v -0.645770365 0.335678768 0.907999292
v -0.645770365 0.282895104 0.952125074
v -0.69855391 0.282895151 0.960782835
v -0.661230274 0.335678766 0.945322975
v -0.69855391 0.335678765 0.960782837
v -0.645770365 0.282895104 0.952125074
v -0.645770365 0.282895104 0.952125074
v -0.69855391 0.230111582 0.960782832
v -0.645770365 0.230111582 0.960782832
v -0.69855391 0.282895151 0.960782835
v -0.645770365 0.614382331 0.960782849
v -0.592986727 0.577058741 0.945322893
v -0.592986727 0.614382331 0.960782849
v -0.645770365 0.56159874 0.952124806
v -0.645770365 0.614382331 0.960782849
v -0.69855391 0.614382331 0.960782849
v -0.645770365 0.56159874 0.952124806
v -0.69855391 0.561598739 0.960782847
v -0.69855391 0.561598739 0.960782847
v -0.661230274 0.508815195 0.945322983
v -0.645770365 0.56159874 0.952124806
v -0.69855391 0.508815194 0.960782844
v -0.661230274 0.508815195 0.945322983
v -0.630310364 0.546138694 0.907999301
v -0.645770365 0.56159874 0.952124806
v -0.645770365 0.508815104 0.907999299
v -0.592986727 0.577058741 0.945322893
v -0.630310364 0.546138694 0.907999301
v -0.592986727 0.561598649 0.907999302
v -0.645770365 0.56159874 0.952124806
v -0.902616326 0.508815113 0.68397771
v -0.865292735 0.546138659 0.653057942
v -0.865292735 0.508815067 0.668517895
v -0.909418426 0.561598613 0.668517851
v -0.918076281 0.561598657 0.721301396
v -0.902616326 0.508815113 0.68397771
v -0.918076281 0.508815112 0.72130144
v -0.909418426 0.561598613 0.668517851
v -0.918076281 0.561598657 0.721301396
v -0.918076281 0.614382204 0.668517853
v -0.909418426 0.561598613 0.668517851
v -0.918076281 0.614382295 0.721301398
v -0.918076281 0.614382204 0.668517853
v -0.902616326 0.577058616 0.615734306
v -0.909418426 0.561598613 0.668517851
v -0.918076281 0.614382207 0.615734308
v -0.865292735 0.546138659 0.653057942
v -0.902616326 0.577058616 0.615734306
v -0.865292735 0.561598615 0.615734306
v -0.909418426 0.561598613 0.668517851
v -0.69855391 0.546138659 0.653057942
v -0.661230274 0.508815113 0.68397771
v -0.69855391 0.508815067 0.668517895
v -0.645770365 0.561598613 0.668517897
v -0.69855391 0.546138659 0.653057942
v -0.661230274 0.577058616 0.615734306
v -0.645770365 0.561598613 0.668517897
v -0.69855391 0.561598615 0.615734306
v -0.630310364 0.546138702 0.721301442
v -0.592986727 0.577058706 0.683977666
v -0.592986727 0.561598657 0.721301396
v -0.645770365 0.561598613 0.668517897
v -0.661230274 0.508815113 0.68397771
v -0.630310364 0.546138702 0.721301442
v -0.645770365 0.508815112 0.72130144
v -0.645770365 0.561598613 0.668517897
v -0.902616326 0.614382332 0.945322894
v -0.865292735 0.561598739 0.960782847
v -0.865292735 0.614382331 0.960782849
v -0.865292735 0.797664425 0.960782764
v -0.902616419 0.797664519 0.945322809
v -0.865292735 0.508815194 0.960782844
v -0.902616419 0.56159874 0.945322799
v -0.902616419 0.56159874 0.945322799
v -0.902616326 0.508815195 0.945322983
v -0.918076281 0.614382287 0.907999304
v -0.918076281 0.561598649 0.907999302
v -0.902616326 0.614382332 0.945322894
v -0.918076281 0.797664428 0.907999219
v -0.592986727 -0.00307309807 0.721301464
v -0.592986727 -0.00307306767 0.90799937
v 0 -0.00307309807 0.721301464
v -0.902616419 0.0497104827 0.94532287
v -0.918076281 0.797664428 0.907999219
v -0.902616419 0.834988018 0.90799922
v -0.865292735 0.0123868923 0.945322868
v -0.902616326 0.335678638 0.683977702
v -0.865292735 0.508815067 0.668517895
v -0.865292735 0.335678639 0.668517887
v -0.902616326 0.508815113 0.68397771
v -0.918076281 0.335678636 0.721301432
v -0.918076281 0.508815112 0.72130144
v -0.902616326 0.508815113 0.68397771
v -0.902616326 0.335678638 0.683977702
v -0.645770365 0.508815112 0.72130144
v -0.645770365 0.335678636 0.721301432
v -0.661230274 0.335678638 0.683977702
v -0.661230274 0.508815113 0.68397771
v -0.661230274 0.335678638 0.683977702
v -0.69855391 0.508815067 0.668517895
v -0.661230274 0.508815113 0.68397771
v -0.69855391 0.335678639 0.668517887
v -0.865292735 0.298355049 0.653057931
v -0.69855391 0.282895003 0.61573434
v -0.865292735 0.282895003 0.61573434
v -0.69855391 0.298355049 0.653057931
v -0.865292735 0.335678639 0.668517887
v -0.69855391 0.298355049 0.653057931
v -0.865292735 0.298355049 0.653057931
v -0.69855391 0.335678639 0.668517887
v -0.630310364 0.298355046 0.721301431
v -0.630310364 0.298355108 0.90799929
v -0.592986727 0.282895153 0.907999289
v -0.592986727 0.282895021 0.72130143
v -0.645770365 0.335678636 0.721301432
v -0.645770365 0.335678768 0.907999292
v -0.630310364 0.298355108 0.90799929
v -0.630310364 0.298355046 0.721301431
v -0.630310364 0.0497105013 0.653057967
v -0.592986727 0.230111409 0.668517883
v -0.592986727 0.0497105006 0.668517921
v -0.630310364 0.230111409 0.653057928
v -0.630310364 0.230111409 0.653057928
v -0.630310364 0.0497105013 0.653057967
v -0.645770365 0.0497104913 0.615734376
v -0.645770365 0.230111411 0.615734338
v -0.902616419 0.797664519 0.945322809
v -0.661230274 0.0123868995 0.615734375
v -0.645770365 0.0497103902 -8.09884967e-09
v -0.645770365 0.0497104913 0.615734376
v -0.661230274 0.0123867983 -2.01806557e-09
v -0.645770365 0.0497102948 -0.615734372
v -0.661230274 0.0123868995 0.615734375
v -0.69855391 -0.00307321534 5.00690293e-10
v -0.661230274 0.0123867983 -2.01806557e-09
v -0.69855391 -0.00307331575 -0.615734374
v -0.69855391 -0.00307311492 0.615734374
v -0.661230274 0.0123866972 -0.615734374
v -0.918076281 0.230111411 0.615734338
v -0.902616326 0.267434958 -4.35706817e-08
v -0.918076281 0.230111298 -3.74898865e-08
v -0.902616326 0.267435048 0.615734339
v -0.902616326 0.267434846 -0.615734456
v -0.918076281 0.230111185 -0.615734457
v -0.865292735 0.282895003 0.61573434
v -0.902616326 0.267434958 -4.35706817e-08
v -0.902616326 0.267435048 0.615734339
v -0.865292735 0.282894913 -4.6089428e-08
v -0.902616326 0.267434846 -0.615734456
v -0.661230274 0.335678766 0.945322975
v -0.645770365 0.508815104 0.907999299
v -0.661230274 0.508815195 0.945322983
v -0.645770365 0.335678768 0.907999292
v -0.69855391 0.508815194 0.960782844
v -0.661230274 0.335678766 0.945322975
v -0.661230274 0.508815195 0.945322983
v -0.69855391 0.335678765 0.960782837
v -0.630310364 0.546138702 0.721301442
v -0.630310364 0.546138694 0.907999301
v -0.645770365 0.508815104 0.907999299
v -0.645770365 0.508815112 0.72130144
v -0.592986727 0.561598649 0.907999302
v -0.630310364 0.546138702 0.721301442
v -0.592986727 0.561598657 0.721301396
v -0.630310364 0.546138694 0.907999301
v -0.865292735 0.546138659 0.653057942
v -0.69855391 0.508815067 0.668517895
v -0.865292735 0.508815067 0.668517895
v -0.69855391 0.546138659 0.653057942
v -0.865292735 0.561598615 0.615734306
v -0.69855391 0.546138659 0.653057942
v -0.865292735 0.546138659 0.653057942
v -0.69855391 0.561598615 0.615734306
v -0.661230274 0.577058616 0.615734306
v -0.69855391 0.561598549 -9.14960109e-08
v -0.661230274 0.57705855 -9.40147552e-08
v -0.69855391 0.561598436 -0.615734489
v -0.69855391 0.561598615 0.615734306
v -0.661230274 0.577058437 -0.615734489
v -0.902616326 0.577058616 0.615734306
v -0.865292735 0.561598549 -9.14960109e-08
v -0.865292735 0.561598615 0.615734306
v -0.902616326 0.57705855 -9.40147552e-08
v -0.865292735 0.561598436 -0.615734489
v -0.902616326 0.577058616 0.615734306
v -0.918076281 0.61438214 -1.00095553e-07
v -0.902616326 0.57705855 -9.40147552e-08
v -0.918076281 0.614382207 0.615734308
v -0.918076281 0.614382028 -0.615734487
v -0.902616326 0.577058437 -0.615734489
v -0.902616326 0.834987805 -0.615734524
v -0.918076281 0.797664215 -0.615734526
v -0.865292735 0.850447919 -1.38555527e-07
v -0.902616326 0.834987805 -0.615734524
v -0.637412816 0.834988032 0.593555615
v -0.69855391 0.850447919 -1.38555527e-07
v -0.69855391 0.850447985 0.615734225
v -0.637412816 0.834987964 -1.36036781e-07
v -0.637412816 0.834987804 -0.593555868
v -0.661230274 0.267434958 -4.35706817e-08
v -0.661230274 0.267435048 0.615734339
v -0.645770365 0.230111411 0.615734338
v -0.645770365 0.230111298 -3.74898865e-08
v -0.661230274 0.267434846 -0.615734456
v -0.69855391 0.282895003 0.61573434
v -0.661230274 0.267434958 -4.35706817e-08
v -0.69855391 0.282894913 -4.6089428e-08
v -0.661230274 0.267434846 -0.615734456
v -0.661230274 0.267435048 0.615734339
v -0.69855391 0.2828948 -0.615734455
v -0.918076281 0.0497102948 -0.615734372
v -0.902616326 0.0123866972 -0.615734374
v -0.865292735 -0.00307331575 -0.615734374
v 0 0.267435196 0.945322972
v -0.592986727 0.267435196 0.945322972
v -0.592986727 0.230111582 0.960782832
v 0 0.230111582 0.960782832
v 0.592986727 0.230111582 0.960782832
v 0.592986727 0.267435196 0.945322972
v 0 0.282895153 0.907999289
v -0.592986727 0.267435196 0.945322972
v 0 0.267435196 0.945322972
v -0.592986727 0.282895153 0.907999289
v 0.592986727 0.267435196 0.945322972
v 0 0.230111409 0.668517883
v -0.592986727 0.230111409 0.668517883
v -0.592986727 0.267435068 0.683977699
v 0 0.267435068 0.683977699
v 0.592986727 0.267435068 0.683977699
v -0.592986727 0.282895021 0.72130143
v 0 0.267435068 0.683977699
v -0.592986727 0.267435068 0.683977699
v 0 0.282895021 0.72130143
v 0.592986727 0.282895021 0.72130143
v 0.592986727 0.267435068 0.683977699
v 0 0.012386952 0.945323054
v 0 -0.00307306767 0.90799937
v 0.592986727 -0.00307306767 0.90799937
v 0.592986727 0.012386952 0.945323054
v 0 0.0497105461 0.960782918
v 0 0.012386952 0.945323054
v 0.592986727 0.012386952 0.945323054
v 0.592986727 0.0497105461 0.960782918
v 0 0.0123869096 0.683977781
v -0.592986727 0.0123869096 0.683977781
v -0.592986727 0.0497105006 0.668517921
v 0 0.0497105006 0.668517921
v 0.592986727 0.0497105006 0.668517921
v 0.592986727 0.0123869096 0.683977781
v 0 -0.00307309807 0.721301464
v 0.592986727 0.0123869096 0.683977781
v 0.592986727 -0.00307309807 0.721301464
v -0.592986727 0.0123869096 0.683977781
v 0 0.0123869096 0.683977781
v -0.592986727 -0.00307309807 0.721301464
v 0 0.561598657 0.721301396
v 0.592986727 0.577058706 0.683977666
v 0.592986727 0.561598657 0.721301396
v -0.592986727 0.577058706 0.683977666
v 0 0.577058706 0.683977666
v -0.592986727 0.561598657 0.721301396
v 0 0.614382331 0.960782849
v -0.592986727 0.577058741 0.945322893
v 0 0.577058741 0.945322893
v -0.592986727 0.614382331 0.960782849
v 0.592986727 0.577058741 0.945322893
v -0.592986727 0.561598649 0.907999302
v 0 0.577058741 0.945322893
v -0.592986727 0.577058741 0.945322893
v 0 0.561598649 0.907999302
v 0.592986727 0.561598649 0.907999302
v 0 0.850447981 0.721301315
v -0.571627403 0.834988029 0.659340889
v -0.592986727 0.850447981 0.721301315
v 0.571627403 0.834988029 0.659340889
v -1.20545902e-10 0.834988029 0.659340889
v 0.592986727 0.834988109 0.945322904
v 0.592986727 0.850447973 0.907999221
v 0 0.797664425 0.960782764
v 0.592986727 0.797664518 0.960782764
v 0 -0.00307306767 0.90799937
v 0.918076281 0.0497104913 0.615734376
v 0.918076281 0.0497103902 -8.09884967e-09
v 0.918076281 0.230111411 0.615734338
v 0.918076281 0.230111409 0.668517883
v 0.918076281 0.0497105006 0.668517921
v 0.918076281 0.230111298 -3.74898865e-08
v 0.918076281 0.0497102948 -0.615734372
v 0.918076281 0.230111185 -0.615734457
v 0.865292735 -0.00307306767 0.90799937
v 0.69855391 -0.00307306767 0.90799937
v 0.865292735 -0.00307309807 0.721301464
v 0.645770365 -0.00307309807 0.721301464
v 0.69855391 -0.00307309807 0.721301464
v 0.865292735 -0.00307310632 0.668517919
v 0.592986727 0.230111582 0.960782832
v 0.592986727 0.0497105461 0.960782918
v 0.645770365 0.230111582 0.960782832
v 0.865292735 0.282894913 -4.6089428e-08
v 0.69855391 0.2828948 -0.615734455
v 0.69855391 0.282894913 -4.6089428e-08
v 0.69855391 0.282895003 0.61573434
v 0.865292735 0.282895003 0.61573434
v 0.918076281 0.508815104 0.907999299
v 0.918076281 0.335678768 0.907999292
v 0.918076281 0.508815112 0.72130144
v 0.918076281 0.561598649 0.907999302
v 0.918076281 0.335678636 0.721301432
v 0.918076281 0.282895153 0.907999289
v 0.918076281 0.282895021 0.72130143
v 0.918076281 0.614382207 0.615734308
v 0.918076281 0.797664345 0.668517768
v 0.918076281 0.614382204 0.668517853
v 0.918076281 0.61438214 -1.00095553e-07
v 0.918076281 0.797664347 0.615734223
v 0.918076281 0.797664281 -1.29956009e-07
v 0.918076281 0.614382028 -0.615734487
v 0.918076281 0.797664215 -0.615734526
v 0.865292735 0.335678639 0.668517887
v 0.69855391 0.335678639 0.668517887
v 0.865292735 0.508815067 0.668517895
v 0.69855391 0.508815067 0.668517895
v 0.645770365 0.797664518 0.960782764
v 0.592986727 0.561598649 0.907999302
v 0.592986727 0.561598657 0.721301396
v 0.69855391 0.335678765 0.960782837
v 0.865292735 0.508815194 0.960782844
v 0.69855391 0.508815194 0.960782844
v 0.865292735 0.335678765 0.960782837
v 0.69855391 0.561598739 0.960782847
v 0.865292735 0.282895151 0.960782835
v 0.865292735 0.850447919 -1.38555527e-07
v 0.69855391 0.850447985 0.615734225
v 0.865292735 0.850447985 0.615734225
v 0.69855391 0.85044776 -0.615734523
v 0.69855391 0.850447919 -1.38555527e-07
v 0.865292735 0.850447983 0.66851777
v 0.592986727 0.0497105006 0.668517921
v 0.592986727 0.230111409 0.668517883
v 0.645770365 0.508815104 0.907999299
v 0.645770365 0.508815112 0.72130144
v 0.645770365 0.335678768 0.907999292
v 0.645770365 0.335678636 0.721301432
v 0.918076281 0.797664428 0.907999219
v 0.918076281 0.614382295 0.721301398
v 0.918076281 0.797664436 0.721301313
v 0.918076281 0.614382287 0.907999304
v 0.918076281 0.561598657 0.721301396
v 0.645770365 0.850447981 0.721301315
v 0.69855391 -0.00307311492 0.615734374
v 0.865292735 -0.00307311492 0.615734374
v 0.69855391 -0.00307310632 0.668517919
v 0.69855391 -0.00307321534 5.00690293e-10
v 0.865292735 -0.00307331575 -0.615734374
v 0.865292735 -0.00307321534 5.00690293e-10
v 0.69855391 0.230111582 0.960782832
v 0.69855391 0.0497105461 0.960782918
v 0.865292735 0.230111582 0.960782832
v 0.69855391 0.282895151 0.960782835
v 0.645770365 0.0497105461 0.960782918
v 0.865292735 0.0497105461 0.960782918
v 0.645770365 0.230111411 0.615734338
v 0.645770365 0.0497103902 -8.09884967e-09
v 0.645770365 0.0497104913 0.615734376
v 0.645770365 0.230111298 -3.74898865e-08
v 0.645770365 0.0497102948 -0.615734372
v 0.69855391 0.561598549 -9.14960109e-08
v 0.865292735 0.561598436 -0.615734489
v 0.865292735 0.561598549 -9.14960109e-08
v 0.865292735 0.561598615 0.615734306
v 0.69855391 0.561598615 0.615734306
v 0.69855391 0.797664425 0.960782764
v 0.69855391 0.614382331 0.960782849
v 0.865292735 0.797664425 0.960782764
v 0.645770365 0.614382331 0.960782849
v 0.865292735 0.614382331 0.960782849
v 0.865292735 0.561598739 0.960782847
v 0.918076281 0.230111561 0.907999287
v 0.918076281 0.0497105426 0.907999372
v 0.918076281 0.230111406 0.721301428
v 0.918076281 0.04971051 0.721301467
v 0.865292735 0.850447973 0.907999221
v 0.69855391 0.850447981 0.721301315
v 0.69855391 0.850447973 0.907999221
v 0.865292735 0.850447981 0.721301315
v 0.645770365 0.850447973 0.907999221
v 0.69855391 0.850447983 0.66851777
v 0.645770365 0.012386952 0.945323054
v 0.645770365 -0.00307306767 0.90799937
v 0.69855391 -0.00307306767 0.90799937
v 0.69855391 0.012386952 0.945323054
v 0.645770365 0.0497105461 0.960782918
v 0.645770365 0.012386952 0.945323054
v 0.69855391 0.0497105461 0.960782918
v 0.69855391 0.012386952 0.945323054
v 0.865292735 0.0497105461 0.960782918
v 0.865292735 -0.00307306767 0.90799937
v 0.645770365 -0.00307309807 0.721301464
v 0.592986727 0.0123869096 0.683977781
v 0.645770365 0.00558482559 0.66851792
v 0.592986727 -0.00307309807 0.721301464
v 0.645770365 -0.00307309807 0.721301464
v 0.645770365 0.00558482559 0.66851792
v 0.69855391 -0.00307309807 0.721301464
v 0.69855391 -0.00307310632 0.668517919
v 0.69855391 -0.00307310632 0.668517919
v 0.661230274 0.0123868995 0.615734375
v 0.69855391 -0.00307311492 0.615734374
v 0.645770365 0.00558482559 0.66851792
v 0.630310364 0.0497105013 0.653057967
v 0.661230274 0.0123868995 0.615734375
v 0.645770365 0.00558482559 0.66851792
v 0.645770365 0.0497104913 0.615734376
v 0.592986727 0.0123869096 0.683977781
v 0.630310364 0.0497105013 0.653057967
v 0.645770365 0.00558482559 0.66851792
v 0.592986727 0.0497105006 0.668517921
v 0.645770365 0.850447981 0.721301315
v 0.622509746 0.841790037 0.644437912
v 0.592986727 0.850447981 0.721301315
v 0.571627403 0.834988029 0.659340889
v 0.622509746 0.841790037 0.644437912
v 0.69855391 0.850447983 0.66851777
v 0.69855391 0.850447985 0.615734225
v 0.637412816 0.834988032 0.593555615
v 0.69855391 0.850447983 0.66851777
v 0.645770365 0.850447981 0.721301315
v 0.69855391 0.850447981 0.721301315
v 0.622509746 0.841790037 0.644437912
v 0.645770365 0.834988203 0.945322811
v 0.69855391 0.834988109 0.945322904
v 0.69855391 0.850447973 0.907999221
v 0.645770365 0.850447973 0.907999221
v 0.865292735 0.850447973 0.907999221
v 0.69855391 0.834988109 0.945322904
v 0.865292735 0.797664425 0.960782764
v 0.865292735 0.834988109 0.945322811
v 0.645770365 0.797664518 0.960782764
v 0.69855391 0.797664425 0.960782764
v 0.645770365 0.834988203 0.945322811
v 0.592986727 0.834988109 0.945322904
v 0.902616326 0.0123869074 0.668518013
v 0.918076281 0.04971051 0.721301467
v 0.902616326 0.0123869167 0.721301465
v 0.918076281 0.0497105006 0.668517921
v 0.902616419 0.0123868867 0.907999371
v 0.902616326 0.0123868995 0.615734375
v 0.918076281 0.0497104913 0.615734376
v 0.918076281 0.0497103902 -8.09884967e-09
v 0.865292735 -0.00307310632 0.668517919
v 0.902616326 0.0123868995 0.615734375
v 0.902616326 0.0123869074 0.668518013
v 0.865292735 -0.00307321534 5.00690293e-10
v 0.902616326 0.0123867983 -2.01806557e-09
v 0.865292735 -0.00307311492 0.615734374
v 0.902616326 0.0123869167 0.721301465
v 0.865292735 -0.00307306767 0.90799937
v 0.865292735 -0.00307309807 0.721301464
v 0.902616419 0.0497104827 0.94532287
v 0.865292735 0.0497105461 0.960782918
v 0.89576738 0.0192358825 0.938473922
v 0.865292735 0.0123868923 0.945322868
v 0.89576738 0.0192358825 0.938473922
v 0.918076281 0.0497105426 0.907999372
v 0.902616419 0.0497104827 0.94532287
v 0.902616419 0.0123868867 0.907999371
v 0.89576738 0.0192358825 0.938473922
v 0.865292735 0.0123868923 0.945322868
v 0.865292735 -0.00307306767 0.90799937
v 0.902616419 0.0123868867 0.907999371
v 0.902616326 0.834988026 0.721301315
v 0.918076281 0.797664436 0.721301313
v 0.902616326 0.834988028 0.668517863
v 0.918076281 0.797664345 0.668517768
v 0.902616326 0.834988031 0.615734224
v 0.902616326 0.834988028 0.668517863
v 0.865292735 0.850447981 0.721301315
v 0.902616326 0.834988026 0.721301315
v 0.865292735 0.850447983 0.66851777
v 0.902616326 0.834988031 0.615734224
v 0.865292735 0.850447985 0.615734225
v 0.902616326 0.834987964 -1.36036781e-07
v 0.865292735 0.850447919 -1.38555527e-07
v 0.918076281 0.797664347 0.615734223
v 0.902616326 0.834987964 -1.36036781e-07
v 0.89576738 0.828139164 0.938473771
v 0.902616419 0.797664519 0.945322809
v 0.918076281 0.797664428 0.907999219
v 0.902616419 0.834988018 0.90799922
v 0.89576738 0.828139164 0.938473771
v 0.865292735 0.834988109 0.945322811
v 0.865292735 0.797664425 0.960782764
v 0.902616419 0.797664519 0.945322809
v 0.89576738 0.828139164 0.938473771
v 0.865292735 0.850447973 0.907999221
v 0.865292735 0.834988109 0.945322811
v 0.902616419 0.834988018 0.90799922
v 0.902616233 0.282895151 0.945322973
v 0.918076281 0.230111561 0.907999287
v 0.918076281 0.282895153 0.907999289
v 0.902616326 0.23011156 0.945322971
v 0.918076281 0.335678768 0.907999292
v 0.902616326 0.335678766 0.945322975
v 0.918076281 0.0497105426 0.907999372
v 0.902616233 0.282895151 0.945322973
v 0.865292735 0.282895151 0.960782835
v 0.865292735 0.230111582 0.960782832
v 0.902616326 0.23011156 0.945322971
v 0.865292735 0.0497105461 0.960782918
v 0.902616419 0.0497104827 0.94532287
v 0.902616326 0.335678766 0.945322975
v 0.865292735 0.335678765 0.960782837
v 0.918076281 0.508815104 0.907999299
v 0.661230274 0.335678638 0.683977702
v 0.630310364 0.298355046 0.721301431
v 0.645770365 0.335678636 0.721301432
v 0.645770365 0.282895024 0.668518025
v 0.630310364 0.298355046 0.721301431
v 0.592986727 0.267435068 0.683977699
v 0.592986727 0.282895021 0.72130143
v 0.645770365 0.282895024 0.668518025
v 0.592986727 0.267435068 0.683977699
v 0.630310364 0.230111409 0.653057928
v 0.592986727 0.230111409 0.668517883
v 0.645770365 0.282895024 0.668518025
v 0.630310364 0.230111409 0.653057928
v 0.661230274 0.267435048 0.615734339
v 0.645770365 0.230111411 0.615734338
v 0.645770365 0.282895024 0.668518025
v 0.69855391 0.298355049 0.653057931
v 0.661230274 0.267435048 0.615734339
v 0.645770365 0.282895024 0.668518025
v 0.69855391 0.282895003 0.61573434
v 0.69855391 0.298355049 0.653057931
v 0.661230274 0.335678638 0.683977702
v 0.69855391 0.335678639 0.668517887
v 0.645770365 0.282895024 0.668518025
v 0.918076281 0.282895021 0.72130143
v 0.902616326 0.335678638 0.683977702
v 0.918076281 0.335678636 0.721301432
v 0.909418426 0.282895024 0.668517932
v 0.865292735 0.298355049 0.653057931
v 0.902616326 0.335678638 0.683977702
v 0.909418426 0.282895024 0.668517932
v 0.865292735 0.335678639 0.668517887
v 0.865292735 0.298355049 0.653057931
v 0.902616326 0.267435048 0.615734339
v 0.865292735 0.282895003 0.61573434
v 0.909418426 0.282895024 0.668517932
v 0.918076281 0.230111409 0.668517883
v 0.902616326 0.267435048 0.615734339
v 0.909418426 0.282895024 0.668517932
v 0.918076281 0.230111411 0.615734338
v 0.918076281 0.282895021 0.72130143
v 0.918076281 0.230111406 0.721301428
v 0.909418426 0.282895024 0.668517932
v 0.918076281 0.230111409 0.668517883
v 0.592986727 0.267435196 0.945322972
v 0.645770365 0.230111582 0.960782832
v 0.645770365 0.282895104 0.952125074
v 0.592986727 0.230111582 0.960782832
v 0.592986727 0.267435196 0.945322972
v 0.630310364 0.298355108 0.90799929
v 0.592986727 0.282895153 0.907999289
v 0.645770365 0.282895104 0.952125074
v 0.661230274 0.335678766 0.945322975
v 0.630310364 0.298355108 0.90799929
v 0.645770365 0.282895104 0.952125074
v 0.645770365 0.335678768 0.907999292
v 0.661230274 0.335678766 0.945322975
v 0.69855391 0.282895151 0.960782835
v 0.69855391 0.335678765 0.960782837
v 0.645770365 0.282895104 0.952125074
v 0.645770365 0.282895104 0.952125074
v 0.69855391 0.230111582 0.960782832
v 0.69855391 0.282895151 0.960782835
v 0.645770365 0.230111582 0.960782832
v 0.645770365 0.614382331 0.960782849
v 0.592986727 0.577058741 0.945322893
v 0.645770365 0.56159874 0.952124806
v 0.592986727 0.614382331 0.960782849
v 0.645770365 0.56159874 0.952124806
v 0.69855391 0.614382331 0.960782849
v 0.645770365 0.614382331 0.960782849
v 0.69855391 0.561598739 0.960782847
v 0.69855391 0.561598739 0.960782847
v 0.661230274 0.508815195 0.945322983
v 0.69855391 0.508815194 0.960782844
v 0.645770365 0.56159874 0.952124806
v 0.661230274 0.508815195 0.945322983
v 0.630310364 0.546138694 0.907999301
v 0.645770365 0.508815104 0.907999299
v 0.645770365 0.56159874 0.952124806
v 0.592986727 0.577058741 0.945322893
v 0.630310364 0.546138694 0.907999301
v 0.645770365 0.56159874 0.952124806
v 0.592986727 0.561598649 0.907999302
v 0.902616326 0.508815113 0.68397771
v 0.865292735 0.546138659 0.653057942
v 0.909418426 0.561598613 0.668517851
v 0.865292735 0.508815067 0.668517895
v 0.918076281 0.561598657 0.721301396
v 0.902616326 0.508815113 0.68397771
v 0.909418426 0.561598613 0.668517851
v 0.918076281 0.508815112 0.72130144
v 0.918076281 0.561598657 0.721301396
v 0.918076281 0.614382204 0.668517853
v 0.918076281 0.614382295 0.721301398
v 0.909418426 0.561598613 0.668517851
v 0.918076281 0.614382204 0.668517853
v 0.902616326 0.577058616 0.615734306
v 0.918076281 0.614382207 0.615734308
v 0.909418426 0.561598613 0.668517851
v 0.865292735 0.546138659 0.653057942
v 0.902616326 0.577058616 0.615734306
v 0.909418426 0.561598613 0.668517851
v 0.865292735 0.561598615 0.615734306
v 0.661230274 0.508815113 0.68397771
v 0.69855391 0.546138659 0.653057942
v 0.69855391 0.508815067 0.668517895
v 0.645770365 0.561598613 0.668517897
v 0.69855391 0.546138659 0.653057942
v 0.661230274 0.577058616 0.615734306
v 0.69855391 0.561598615 0.615734306
v 0.645770365 0.561598613 0.668517897
v 0.592986727 0.577058706 0.683977666
v 0.630310364 0.546138702 0.721301442
v 0.592986727 0.561598657 0.721301396
v 0.645770365 0.561598613 0.668517897
v 0.630310364 0.546138702 0.721301442
v 0.661230274 0.508815113 0.68397771
v 0.645770365 0.508815112 0.72130144
v 0.645770365 0.561598613 0.668517897
v 0.902616326 0.614382332 0.945322894
v 0.865292735 0.797664425 0.960782764
v 0.865292735 0.614382331 0.960782849
v 0.865292735 0.561598739 0.960782847
v 0.902616419 0.56159874 0.945322799
v 0.902616326 0.508815195 0.945322983
v 0.902616419 0.56159874 0.945322799
v 0.902616326 0.508815195 0.945322983
v 0.918076281 0.561598649 0.907999302
v 0.918076281 0.614382287 0.907999304
v 0.902616326 0.614382332 0.945322894
v 0.918076281 0.797664428 0.907999219
v 0.865292735 0.508815194 0.960782844
v 0.592986727 -0.00307306767 0.90799937
v 0.592986727 -0.00307309807 0.721301464
v 0.645770365 -0.00307306767 0.90799937
v 0.902616419 0.0497104827 0.94532287
v 0.902616419 0.0123868867 0.907999371
v 0.918076281 0.0497105426 0.907999372
v 0.918076281 0.797664428 0.907999219
v 0.902616419 0.834988018 0.90799922
v 0.902616419 0.834988018 0.90799922
v 0.865292735 0.850447973 0.907999221
v 0.865292735 0.0123868923 0.945322868
v 0.865292735 0.0123868923 0.945322868
v 0.865292735 0.834988109 0.945322811
v 0.865292735 0.335678639 0.668517887
v 0.865292735 0.508815067 0.668517895
v 0.902616326 0.335678638 0.683977702
v 0.902616326 0.508815113 0.68397771
v 0.918076281 0.335678636 0.721301432
v 0.902616326 0.508815113 0.68397771
v 0.918076281 0.508815112 0.72130144
v 0.902616326 0.335678638 0.683977702
v 0.661230274 0.508815113 0.68397771
v 0.661230274 0.335678638 0.683977702
v 0.645770365 0.508815112 0.72130144
v 0.645770365 0.335678636 0.721301432
v 0.661230274 0.335678638 0.683977702
v 0.69855391 0.508815067 0.668517895
v 0.69855391 0.335678639 0.668517887
v 0.661230274 0.508815113 0.68397771
v 0.865292735 0.298355049 0.653057931
v 0.69855391 0.282895003 0.61573434
v 0.69855391 0.298355049 0.653057931
v 0.865292735 0.282895003 0.61573434
v 0.69855391 0.335678639 0.668517887
v 0.865292735 0.335678639 0.668517887
v 0.69855391 0.298355049 0.653057931
v 0.865292735 0.298355049 0.653057931
v 0.630310364 0.298355108 0.90799929
v 0.630310364 0.298355046 0.721301431
v 0.592986727 0.282895153 0.907999289
v 0.592986727 0.282895021 0.72130143
v 0.645770365 0.335678768 0.907999292
v 0.645770365 0.335678636 0.721301432
v 0.630310364 0.298355108 0.90799929
v 0.630310364 0.298355046 0.721301431
v 0.592986727 0.0497105006 0.668517921
v 0.592986727 0.230111409 0.668517883
v 0.630310364 0.0497105013 0.653057967
v 0.630310364 0.230111409 0.653057928
v 0.645770365 0.230111411 0.615734338
v 0.645770365 0.0497104913 0.615734376
v 0.630310364 0.230111409 0.653057928
v 0.630310364 0.0497105013 0.653057967
v 0.902616419 0.797664519 0.945322809
v 0.902616419 0.797664519 0.945322809
v 0.645770365 0.0497104913 0.615734376
v 0.645770365 0.0497103902 -8.09884967e-09
v 0.661230274 0.0123868995 0.615734375
v 0.661230274 0.0123867983 -2.01806557e-09
v 0.645770365 0.0497102948 -0.615734372
v 0.661230274 0.0123866972 -0.615734374
v 0.661230274 0.0123868995 0.615734375
v 0.69855391 -0.00307321534 5.00690293e-10
v 0.69855391 -0.00307311492 0.615734374
v 0.661230274 0.0123867983 -2.01806557e-09
v 0.661230274 0.0123866972 -0.615734374
v 0.69855391 -0.00307331575 -0.615734374
v 0.918076281 0.230111411 0.615734338
v 0.902616326 0.267434958 -4.35706817e-08
v 0.902616326 0.267435048 0.615734339
v 0.918076281 0.230111298 -3.74898865e-08
v 0.918076281 0.230111185 -0.615734457
v 0.902616326 0.267434846 -0.615734456
v 0.902616326 0.267435048 0.615734339
v 0.902616326 0.267434958 -4.35706817e-08
v 0.865292735 0.282895003 0.61573434
v 0.865292735 0.282894913 -4.6089428e-08
v 0.902616326 0.267434846 -0.615734456
v 0.865292735 0.2828948 -0.615734455
v 0.661230274 0.335678766 0.945322975
v 0.645770365 0.508815104 0.907999299
v 0.645770365 0.335678768 0.907999292
v 0.661230274 0.508815195 0.945322983
v 0.661230274 0.508815195 0.945322983
v 0.661230274 0.335678766 0.945322975
v 0.69855391 0.508815194 0.960782844
v 0.69855391 0.335678765 0.960782837
v 0.630310364 0.546138694 0.907999301
v 0.630310364 0.546138702 0.721301442
v 0.645770365 0.508815104 0.907999299
v 0.645770365 0.508815112 0.72130144
v 0.592986727 0.561598649 0.907999302
v 0.630310364 0.546138702 0.721301442
v 0.630310364 0.546138694 0.907999301
v 0.592986727 0.561598657 0.721301396
v 0.69855391 0.546138659 0.653057942
v 0.865292735 0.546138659 0.653057942
v 0.69855391 0.508815067 0.668517895
v 0.865292735 0.508815067 0.668517895
v 0.69855391 0.561598615 0.615734306
v 0.865292735 0.561598615 0.615734306
v 0.69855391 0.546138659 0.653057942
v 0.865292735 0.546138659 0.653057942
v 0.661230274 0.577058616 0.615734306
v 0.69855391 0.561598549 -9.14960109e-08
v 0.69855391 0.561598615 0.615734306
v 0.661230274 0.57705855 -9.40147552e-08
v 0.69855391 0.561598436 -0.615734489
v 0.865292735 0.561598615 0.615734306
v 0.865292735 0.561598549 -9.14960109e-08
v 0.902616326 0.577058616 0.615734306
v 0.902616326 0.57705855 -9.40147552e-08
v 0.865292735 0.561598436 -0.615734489
v 0.902616326 0.577058437 -0.615734489
v 0.902616326 0.577058616 0.615734306
v 0.918076281 0.61438214 -1.00095553e-07
v 0.918076281 0.614382207 0.615734308
v 0.902616326 0.57705855 -9.40147552e-08
v 0.902616326 0.577058437 -0.615734489
v 0.918076281 0.614382028 -0.615734487
v 0.918076281 0.797664281 -1.29956009e-07
v 0.918076281 0.797664215 -0.615734526
v 0.902616326 0.834987805 -0.615734524
v 0.902616326 0.834987805 -0.615734524
v 0.865292735 0.85044776 -0.615734523
v 0.69855391 0.850447985 0.615734225
v 0.69855391 0.850447919 -1.38555527e-07
v 0.637412816 0.834988032 0.593555615
v 0.69855391 0.85044776 -0.615734523
v 0.637412816 0.834987804 -0.593555868
v 0.637412816 0.834987964 -1.36036781e-07
v 0.661230274 0.267435048 0.615734339
v 0.661230274 0.267434958 -4.35706817e-08
v 0.645770365 0.230111411 0.615734338
v 0.645770365 0.230111298 -3.74898865e-08
v 0.661230274 0.267434846 -0.615734456
v 0.645770365 0.230111185 -0.615734457
v 0.69855391 0.282895003 0.61573434
v 0.661230274 0.267434958 -4.35706817e-08
v 0.661230274 0.267435048 0.615734339
v 0.69855391 0.282894913 -4.6089428e-08
v 0.661230274 0.267434846 -0.615734456
v 0.902616326 0.0123867983 -2.01806557e-09
v 0.918076281 0.0497102948 -0.615734372
v 0.865292735 -0.00307331575 -0.615734374
v 0.902616326 0.0123866972 -0.615734374
v 0.592986727 0.282895153 0.907999289
v 0.592986727 0.230111409 0.668517883
v 0.592986727 0.614382331 0.960782849
v 0.592986727 0.577058741 0.945322893
v 0.592986727 0.850447981 0.721301315
v -0.918076281 0.230111185 -0.615734457
v -0.918076281 0.0497102855 -0.668517917
v -0.865292735 -0.00307333297 -0.721301464
v -0.69855391 -0.00307336301 -0.90799937
v -0.69855391 -0.00307333297 -0.721301464
v -0.865292735 -0.00307336301 -0.90799937
v -0.645770365 -0.00307333297 -0.721301464
v -0.865292735 -0.00307332436 -0.668517919
v 0 0.0497102342 -0.960782913
v -0.592986727 0.230111247 -0.960782998
v 0 0.230111247 -0.960782998
v -0.592986727 0.0497102342 -0.960782913
v 0.592986727 0.230111247 -0.960782998
v 0.592986727 0.0497102342 -0.960782913
v -0.645770365 0.230111247 -0.960782998
v -0.918076281 0.508814849 -0.721301535
v -0.918076281 0.335678498 -0.907999449
v -0.918076281 0.335678397 -0.721301543
v -0.918076281 0.508814857 -0.907999441
v -0.918076281 0.282894883 -0.907999451
v -0.918076281 0.282894782 -0.721301545
v -0.918076281 0.561598394 -0.72130158
v -0.918076281 0.561598402 -0.907999439
v -0.918076281 0.797664215 -0.615734526
v -0.918076281 0.61438203 -0.668518032
v -0.865292735 0.508814893 -0.66851799
v -0.69855391 0.335678394 -0.668517998
v -0.69855391 0.508814893 -0.66851799
v -0.865292735 0.335678394 -0.668517998
v -0.592986727 0.61438195 -0.960782982
v 0 0.797664044 -0.960783067
v 0 0.61438195 -0.960782982
v -0.645770365 0.797664137 -0.960783067
v -0.592986727 0.797664137 -0.960783067
v 0.592986727 0.61438195 -0.960782982
v 0 0.561598394 -0.72130158
v -0.592986727 0.561598402 -0.907999439
v 0 0.561598402 -0.907999439
v 0.592986727 0.561598402 -0.907999439
v 0.592986727 0.561598394 -0.72130158
v -0.592986727 0.561598394 -0.72130158
v -0.592986727 0.282894782 -0.721301545
v 0 0.282894782 -0.721301545
v 0 0.282894883 -0.907999451
v -0.592986727 0.282894883 -0.907999451
v 0.592986727 0.282894782 -0.721301545
v -0.69855391 0.3356785 -0.960782994
v -0.865292735 0.3356785 -0.960782994
v -0.865292735 0.508814766 -0.960782986
v -0.69855391 0.508814766 -0.960782986
v -0.865292735 0.282894885 -0.960782996
v -0.69855391 0.561598311 -0.960782984
v -0.865292735 0.850447762 -0.668518068
v 0 0.230111188 -0.668518002
v 0.592986727 0.0497102855 -0.668517917
v 0.592986727 0.230111188 -0.668518002
v -0.592986727 0.0497102855 -0.668517917
v 0 0.0497102855 -0.668517917
v -0.592986727 0.230111188 -0.668518002
v -0.645770365 0.508814849 -0.721301535
v -0.645770365 0.335678498 -0.907999449
v -0.645770365 0.508814857 -0.907999441
v -0.645770365 0.335678397 -0.721301543
v -0.918076281 0.797664126 -0.721301616
v -0.918076281 0.614381994 -0.907999437
v -0.918076281 0.614381986 -0.721301577
v -0.918076281 0.797664217 -0.668518071
v -0.918076281 0.797664134 -0.907999522
v -0.592986727 0.850447764 -0.721301613
v 0 0.850447764 -0.721301613
v 0 0.850447773 -0.907999519
v -0.592986727 0.850447773 -0.907999519
v 0.592986727 0.850447764 -0.721301613
v -0.645770365 0.850447764 -0.721301613
v -0.69855391 -0.00307332436 -0.668517919
v -0.69855391 0.0497102342 -0.960782913
v -0.69855391 0.230111247 -0.960782998
v -0.645770365 0.0497102342 -0.960782913
v -0.865292735 0.0497102342 -0.960782913
v -0.865292735 0.230111247 -0.960782998
v -0.69855391 0.282894885 -0.960782996
v -0.69855391 0.61438195 -0.960782982
v -0.865292735 0.561598311 -0.960782984
v -0.865292735 0.61438195 -0.960782982
v -0.865292735 0.797664044 -0.960783067
v -0.69855391 0.797664044 -0.960783067
v -0.645770365 0.61438195 -0.960782982
v -0.918076281 0.230111167 -0.721301547
v -0.918076281 0.0497102436 -0.907999368
v -0.918076281 0.0497102762 -0.721301462
v -0.918076281 0.230111188 -0.668518002
v -0.918076281 0.230111268 -0.907999453
v -0.865292735 0.850447764 -0.721301613
v -0.69855391 0.850447764 -0.721301613
v -0.865292735 0.850447773 -0.907999519
v -0.69855391 0.850447762 -0.668518068
v -0.69855391 0.850447773 -0.907999519
v -0.645770365 0.850447773 -0.907999519
v -0.645770365 -0.00307336301 -0.90799937
v -0.69855391 -0.00307336301 -0.90799937
v -0.645770365 0.0123866447 -0.945323053
v -0.592986727 -0.00307336301 -0.90799937
v -0.592986727 0.0123866447 -0.945323053
v 0 0.0123866447 -0.945323053
v -0.645770365 0.0123866447 -0.945323053
v -0.69855391 0.0497102342 -0.960782913
v -0.645770365 0.0497102342 -0.960782913
v -0.592986727 0.0497102342 -0.960782913
v -0.592986727 0.0123866447 -0.945323053
v -0.69855391 0.0123866447 -0.945323053
v 0 0.0497102342 -0.960782913
v -0.865292735 0.0497102342 -0.960782913
v -0.69855391 0.0123866447 -0.945323053
v -0.865292735 -0.00307336301 -0.90799937
v -0.865292735 0.012386585 -0.945322867
v -0.592986727 0.0123866871 -0.68397778
v -0.645770365 -0.00307333297 -0.721301464
v -0.592986727 -0.00307333297 -0.721301464
v -0.645770365 0.00558460754 -0.668517919
v -0.645770365 0.00558460754 -0.668517919
v -0.69855391 -0.00307332436 -0.668517919
v -0.69855391 -0.00307333297 -0.721301464
v -0.645770365 -0.00307333297 -0.721301464
v -0.69855391 -0.00307332436 -0.668517919
v -0.661230274 0.0123866972 -0.615734374
v -0.69855391 -0.00307331575 -0.615734374
v -0.645770365 0.00558460754 -0.668517919
v -0.661230274 0.0123866972 -0.615734374
v -0.630310364 0.0497102848 -0.653057962
v -0.645770365 0.0497102948 -0.615734372
v -0.645770365 0.00558460754 -0.668517919
v -0.630310364 0.0497102848 -0.653057962
v -0.592986727 0.0123866871 -0.68397778
v -0.592986727 0.0497102855 -0.668517917
v -0.645770365 0.00558460754 -0.668517919
v -0.571627403 0.834987807 -0.659341142
v -0.592986727 0.850447764 -0.721301613
v -0.622509746 0.841789814 -0.644438211
v -0.645770365 0.850447764 -0.721301613
v -0.69855391 0.85044776 -0.615734523
v -0.637412816 0.834987804 -0.593555868
v -0.622509746 0.841789814 -0.644438211
v -0.69855391 0.850447762 -0.668518068
v -0.69855391 0.850447762 -0.668518068
v -0.645770365 0.850447764 -0.721301613
v -0.69855391 0.850447764 -0.721301613
v -0.622509746 0.841789814 -0.644438211
v -0.645770365 0.850447773 -0.907999519
v -0.645770365 0.83498782 -0.945323017
v -0.69855391 0.850447773 -0.907999519
v -0.592986727 0.850447773 -0.907999519
v 0 0.850447773 -0.907999519
v -0.592986727 0.834987726 -0.945323204
v -0.69855391 0.834987726 -0.945323204
v -0.865292735 0.850447773 -0.907999519
v -0.645770365 0.797664137 -0.960783067
v -0.592986727 0.834987726 -0.945323204
v -0.592986727 0.797664137 -0.960783067
v -0.69855391 0.834987726 -0.945323204
v -0.645770365 0.83498782 -0.945323017
v -0.69855391 0.797664044 -0.960783067
v -0.865292735 0.797664044 -0.960783067
v 0 0.834987726 -0.945323204
v 0 0.797664044 -0.960783067
v -0.902616326 0.0123866893 -0.668518012
v -0.918076281 0.0497102855 -0.668517917
v -0.918076281 0.0497102762 -0.721301462
v -0.902616326 0.0123866814 -0.721301464
v -0.918076281 0.0497102436 -0.907999368
v -0.902616419 0.0123865906 -0.90799937
v -0.902616326 0.0123866972 -0.615734374
v -0.865292735 -0.00307332436 -0.668517919
v -0.902616326 0.0123866893 -0.668518012
v -0.865292735 -0.00307333297 -0.721301464
v -0.902616326 0.0123866814 -0.721301464
v -0.865292735 -0.00307336301 -0.90799937
v -0.89576738 0.0192355775 -0.93847392
v -0.865292735 0.0497102342 -0.960782913
v -0.865292735 0.012386585 -0.945322867
v -0.902616419 0.0497101812 -0.945322865
v -0.902616419 0.0123865906 -0.90799937
v -0.918076281 0.0497102436 -0.907999368
v -0.89576738 0.0192355775 -0.93847392
v -0.902616419 0.0497101812 -0.945322865
v -0.902616419 0.0123865906 -0.90799937
v -0.89576738 0.0192355775 -0.93847392
v -0.865292735 -0.00307336301 -0.90799937
v -0.865292735 0.012386585 -0.945322867
v -0.918076281 0.797664217 -0.668518071
v -0.902616326 0.834987807 -0.668518116
v -0.902616326 0.83498781 -0.721301614
v -0.918076281 0.797664126 -0.721301616
v -0.902616419 0.834987818 -0.90799952
v -0.918076281 0.797664134 -0.907999522
v -0.902616326 0.834987807 -0.668518116
v -0.865292735 0.850447762 -0.668518068
v -0.865292735 0.850447764 -0.721301613
v -0.902616326 0.83498781 -0.721301614
v -0.865292735 0.85044776 -0.615734523
v -0.865292735 0.850447773 -0.907999519
v -0.902616419 0.834987818 -0.90799952
v -0.89576738 0.828138687 -0.938474071
v -0.918076281 0.797664134 -0.907999522
v -0.902616419 0.834987818 -0.90799952
v -0.902616419 0.797664136 -0.945323019
v -0.89576738 0.828138687 -0.938474071
v -0.865292735 0.797664044 -0.960783067
v -0.902616419 0.797664136 -0.945323019
v -0.865292735 0.834987726 -0.945323017
v -0.902616419 0.834987818 -0.90799952
v -0.865292735 0.850447773 -0.907999519
v -0.89576738 0.828138687 -0.938474071
v -0.865292735 0.834987726 -0.945323017
v -0.918076281 0.282894883 -0.907999451
v -0.902616233 0.282894885 -0.945323041
v -0.918076281 0.230111268 -0.907999453
v -0.918076281 0.335678498 -0.907999449
v -0.902616326 0.23011127 -0.945323044
v -0.918076281 0.0497102436 -0.907999368
v -0.902616233 0.282894885 -0.945323041
v -0.865292735 0.3356785 -0.960782994
v -0.865292735 0.282894885 -0.960782996
v -0.865292735 0.230111247 -0.960782998
v -0.902616326 0.23011127 -0.945323044
v -0.902616326 0.3356785 -0.945323039
v -0.902616326 0.508814765 -0.945323032
v -0.865292735 0.508814766 -0.960782986
v -0.902616326 0.508814765 -0.945323032
v -0.902616326 0.3356785 -0.945323039
v -0.661230274 0.335678395 -0.683977813
v -0.630310364 0.298354806 -0.721301544
v -0.645770365 0.335678397 -0.721301543
v -0.645770365 0.282894779 -0.668518093
v -0.592986727 0.267434825 -0.683977816
v -0.630310364 0.298354806 -0.721301544
v -0.645770365 0.282894779 -0.668518093
v -0.592986727 0.282894782 -0.721301545
v -0.592986727 0.267434825 -0.683977816
v -0.630310364 0.230111187 -0.653058048
v -0.592986727 0.230111188 -0.668518002
v -0.645770365 0.282894779 -0.668518093
v -0.630310364 0.230111187 -0.653058048
v -0.661230274 0.267434846 -0.615734456
v -0.645770365 0.230111185 -0.615734457
v -0.645770365 0.282894779 -0.668518093
v -0.661230274 0.267434846 -0.615734456
v -0.69855391 0.298354803 -0.653058045
v -0.69855391 0.2828948 -0.615734455
v -0.645770365 0.282894779 -0.668518093
v -0.69855391 0.298354803 -0.653058045
v -0.661230274 0.335678395 -0.683977813
v -0.69855391 0.335678394 -0.668517998
v -0.645770365 0.282894779 -0.668518093
v -0.902616326 0.335678395 -0.683977813
v -0.918076281 0.282894782 -0.721301545
v -0.909418426 0.282894779 -0.668518047
v -0.918076281 0.335678397 -0.721301543
v -0.902616326 0.335678395 -0.683977813
v -0.865292735 0.298354803 -0.653058045
v -0.865292735 0.335678394 -0.668517998
v -0.909418426 0.282894779 -0.668518047
v -0.902616326 0.267434846 -0.615734456
v -0.865292735 0.298354803 -0.653058045
v -0.909418426 0.282894779 -0.668518047
v -0.865292735 0.2828948 -0.615734455
v -0.902616326 0.267434846 -0.615734456
v -0.918076281 0.230111188 -0.668518002
v -0.918076281 0.230111185 -0.615734457
v -0.909418426 0.282894779 -0.668518047
v -0.909418426 0.282894779 -0.668518047
v -0.918076281 0.230111167 -0.721301547
v -0.918076281 0.230111188 -0.668518002
v -0.918076281 0.282894782 -0.721301545
v -0.645770365 0.230111247 -0.960782998
v -0.592986727 0.26743493 -0.945323042
v -0.592986727 0.230111247 -0.960782998
v -0.645770365 0.282894815 -0.952125142
v -0.592986727 0.26743493 -0.945323042
v -0.630310364 0.298354838 -0.90799945
v -0.592986727 0.282894883 -0.907999451
v -0.645770365 0.282894815 -0.952125142
v -0.630310364 0.298354838 -0.90799945
v -0.661230274 0.3356785 -0.945323039
v -0.645770365 0.335678498 -0.907999449
v -0.645770365 0.282894815 -0.952125142
v -0.69855391 0.282894885 -0.960782996
v -0.661230274 0.3356785 -0.945323039
v -0.645770365 0.282894815 -0.952125142
v -0.69855391 0.3356785 -0.960782994
v -0.645770365 0.230111247 -0.960782998
v -0.69855391 0.230111247 -0.960782998
v -0.645770365 0.282894815 -0.952125142
v -0.69855391 0.282894885 -0.960782996
v -0.592986727 0.577058358 -0.945323122
v -0.645770365 0.61438195 -0.960782982
v -0.592986727 0.61438195 -0.960782982
v -0.645770365 0.561598311 -0.952125037
v -0.645770365 0.561598311 -0.952125037
v -0.69855391 0.561598311 -0.960782984
v -0.69855391 0.61438195 -0.960782982
v -0.645770365 0.61438195 -0.960782982
v -0.69855391 0.561598311 -0.960782984
v -0.661230274 0.508814765 -0.945323032
v -0.69855391 0.508814766 -0.960782986
v -0.645770365 0.561598311 -0.952125037
v -0.661230274 0.508814765 -0.945323032
v -0.630310364 0.546138447 -0.90799944
v -0.645770365 0.508814857 -0.907999441
v -0.645770365 0.561598311 -0.952125037
v -0.630310364 0.546138447 -0.90799944
v -0.592986727 0.577058358 -0.945323122
v -0.592986727 0.561598402 -0.907999439
v -0.645770365 0.561598311 -0.952125037
v -0.865292735 0.546138483 -0.653058034
v -0.902616326 0.508814847 -0.683977805
v -0.865292735 0.508814893 -0.66851799
v -0.909418426 0.561598438 -0.668518034
v -0.902616326 0.508814847 -0.683977805
v -0.918076281 0.561598394 -0.72130158
v -0.918076281 0.508814849 -0.721301535
v -0.909418426 0.561598438 -0.668518034
v -0.909418426 0.561598438 -0.668518034
v -0.918076281 0.61438203 -0.668518032
v -0.918076281 0.614381986 -0.721301577
v -0.918076281 0.561598394 -0.72130158
v -0.918076281 0.61438203 -0.668518032
v -0.902616326 0.577058437 -0.615734489
v -0.918076281 0.614382028 -0.615734487
v -0.909418426 0.561598438 -0.668518034
v -0.902616326 0.577058437 -0.615734489
v -0.865292735 0.546138483 -0.653058034
v -0.865292735 0.561598436 -0.615734489
v -0.909418426 0.561598438 -0.668518034
v -0.69855391 0.546138483 -0.653058034
v -0.661230274 0.508814847 -0.683977805
v -0.645770365 0.561598438 -0.668518081
v -0.69855391 0.508814893 -0.66851799
v -0.69855391 0.546138483 -0.653058034
v -0.661230274 0.577058437 -0.615734489
v -0.69855391 0.561598436 -0.615734489
v -0.645770365 0.561598438 -0.668518081
v -0.592986727 0.577058394 -0.683977849
v -0.630310364 0.546138439 -0.721301534
v -0.592986727 0.561598394 -0.72130158
v -0.645770365 0.561598438 -0.668518081
v -0.661230274 0.508814847 -0.683977805
v -0.630310364 0.546138439 -0.721301534
v -0.645770365 0.561598438 -0.668518081
v -0.645770365 0.508814849 -0.721301535
v -0.865292735 0.561598311 -0.960782984
v -0.902616326 0.614381949 -0.94532312
v -0.865292735 0.61438195 -0.960782982
v -0.902616419 0.561598311 -0.945323029
v -0.865292735 0.797664044 -0.960783067
v -0.918076281 0.561598402 -0.907999439
v -0.902616326 0.614381949 -0.94532312
v -0.902616419 0.561598311 -0.945323029
v -0.918076281 0.614381994 -0.907999437
v -0.918076281 0.508814857 -0.907999441
v -0.902616419 0.797664136 -0.945323019
v -0.645770365 -0.00307336301 -0.90799937
v -0.592986727 -0.00307333297 -0.721301464
v -0.592986727 -0.00307336301 -0.90799937
v -0.902616419 0.0497101812 -0.945322865
v -0.865292735 0.0497102342 -0.960782913
v -0.902616419 0.0497101812 -0.945322865
v -0.902616419 0.0123865906 -0.90799937
v -0.865292735 0.012386585 -0.945322867
v -0.865292735 0.834987726 -0.945323017
v -0.865292735 0.834987726 -0.945323017
v -0.902616326 0.508814847 -0.683977805
v -0.865292735 0.335678394 -0.668517998
v -0.865292735 0.508814893 -0.66851799
v -0.902616326 0.335678395 -0.683977813
v -0.918076281 0.508814849 -0.721301535
v -0.918076281 0.335678397 -0.721301543
v -0.902616326 0.508814847 -0.683977805
v -0.902616326 0.335678395 -0.683977813
v -0.661230274 0.335678395 -0.683977813
v -0.645770365 0.508814849 -0.721301535
v -0.661230274 0.508814847 -0.683977805
v -0.645770365 0.335678397 -0.721301543
v -0.69855391 0.508814893 -0.66851799
v -0.69855391 0.335678394 -0.668517998
v -0.661230274 0.508814847 -0.683977805
v -0.661230274 0.335678395 -0.683977813
v -0.69855391 0.298354803 -0.653058045
v -0.865292735 0.298354803 -0.653058045
v -0.69855391 0.2828948 -0.615734455
v -0.865292735 0.2828948 -0.615734455
v -0.865292735 0.335678394 -0.668517998
v -0.69855391 0.298354803 -0.653058045
v -0.69855391 0.335678394 -0.668517998
v -0.865292735 0.298354803 -0.653058045
v -0.592986727 0.282894782 -0.721301545
v -0.592986727 0.282894883 -0.907999451
v -0.630310364 0.298354806 -0.721301544
v -0.630310364 0.298354838 -0.90799945
v -0.630310364 0.298354806 -0.721301544
v -0.630310364 0.298354838 -0.90799945
v -0.645770365 0.335678397 -0.721301543
v -0.645770365 0.335678498 -0.907999449
v -0.630310364 0.0497102848 -0.653057962
v -0.592986727 0.230111188 -0.668518002
v -0.630310364 0.230111187 -0.653058048
v -0.592986727 0.0497102855 -0.668517917
v -0.645770365 0.230111185 -0.615734457
v -0.630310364 0.0497102848 -0.653057962
v -0.630310364 0.230111187 -0.653058048
v -0.645770365 0.0497102948 -0.615734372
v -0.902616419 0.797664136 -0.945323019
v -0.918076281 0.797664134 -0.907999522
v -0.661230274 0.0123866972 -0.615734374
v -0.865292735 0.2828948 -0.615734455
v -0.661230274 0.3356785 -0.945323039
v -0.661230274 0.508814765 -0.945323032
v -0.645770365 0.335678498 -0.907999449
v -0.645770365 0.508814857 -0.907999441
v -0.69855391 0.508814766 -0.960782986
v -0.661230274 0.3356785 -0.945323039
v -0.69855391 0.3356785 -0.960782994
v -0.661230274 0.508814765 -0.945323032
v -0.645770365 0.508814849 -0.721301535
v -0.645770365 0.508814857 -0.907999441
v -0.630310364 0.546138439 -0.721301534
v -0.630310364 0.546138447 -0.90799944
v -0.630310364 0.546138439 -0.721301534
v -0.630310364 0.546138447 -0.90799944
v -0.592986727 0.561598394 -0.72130158
v -0.592986727 0.561598402 -0.907999439
v -0.865292735 0.546138483 -0.653058034
v -0.69855391 0.508814893 -0.66851799
v -0.69855391 0.546138483 -0.653058034
v -0.865292735 0.508814893 -0.66851799
v -0.865292735 0.561598436 -0.615734489
v -0.69855391 0.546138483 -0.653058034
v -0.69855391 0.561598436 -0.615734489
v -0.865292735 0.546138483 -0.653058034
v -0.902616326 0.577058437 -0.615734489
v -0.69855391 0.85044776 -0.615734523
v -0.645770365 0.230111185 -0.615734457
v -0.592986727 0.26743493 -0.945323042
v 0 0.26743493 -0.945323042
v -0.592986727 0.230111247 -0.960782998
v 0 0.230111247 -0.960782998
v 0 0.282894883 -0.907999451
v -0.592986727 0.26743493 -0.945323042
v -0.592986727 0.282894883 -0.907999451
v 0.592986727 0.282894883 -0.907999451
v 0.592986727 0.26743493 -0.945323042
v 0 0.26743493 -0.945323042
v -0.592986727 0.267434825 -0.683977816
v 0 0.230111188 -0.668518002
v 0 0.267434825 -0.683977816
v -0.592986727 0.230111188 -0.668518002
v 0 0.282894782 -0.721301545
v -0.592986727 0.282894782 -0.721301545
v 0 0.267434825 -0.683977816
v 0.592986727 0.267434825 -0.683977816
v 0.592986727 0.282894782 -0.721301545
v -0.592986727 0.267434825 -0.683977816
v 0.592986727 -0.00307336301 -0.90799937
v 0 -0.00307336301 -0.90799937
v 0 0.0123866447 -0.945323053
v -0.592986727 0.0123866871 -0.68397778
v 0 0.0123866871 -0.68397778
v -0.592986727 0.0497102855 -0.668517917
v 0.592986727 0.0497102855 -0.668517917
v 0 0.0497102855 -0.668517917
v -0.592986727 -0.00307333297 -0.721301464
v 0 -0.00307333297 -0.721301464
v -0.592986727 0.0123866871 -0.68397778
v 0 0.0123866871 -0.68397778
v -0.592986727 0.561598394 -0.72130158
v 0 0.561598394 -0.72130158
v -0.592986727 0.577058394 -0.683977849
v 0 0.577058394 -0.683977849
v -0.592986727 0.577058358 -0.945323122
v 0 0.61438195 -0.960782982
v 0 0.577058358 -0.945323122
v -0.592986727 0.61438195 -0.960782982
v -0.592986727 0.561598402 -0.907999439
v 0 0.577058358 -0.945323122
v 0 0.561598402 -0.907999439
v -0.592986727 0.577058358 -0.945323122
v 0 0.850447764 -0.721301613
v -0.571627403 0.834987807 -0.659341142
v -1.20545902e-10 0.834987807 -0.659341142
v 0.571627403 0.834987807 -0.659341142
v 0.592986727 0.850447764 -0.721301613
v -0.592986727 0.850447764 -0.721301613
v 0 0.834987726 -0.945323204
v 0.592986727 0.834987726 -0.945323204
v 0 -0.00307333297 -0.721301464
v 0.592986727 -0.00307336301 -0.90799937
v 0.592986727 -0.00307333297 -0.721301464
v 0 -0.00307336301 -0.90799937
v 0.918076281 0.0497102855 -0.668517917
v 0.918076281 0.230111188 -0.668518002
v 0.865292735 -0.00307333297 -0.721301464
v 0.69855391 -0.00307333297 -0.721301464
v 0.69855391 -0.00307336301 -0.90799937
v 0.865292735 -0.00307336301 -0.90799937
v 0.645770365 -0.00307333297 -0.721301464
v 0.645770365 0.230111247 -0.960782998
v 0.865292735 0.2828948 -0.615734455
v 0.918076281 0.508814849 -0.721301535
v 0.918076281 0.335678397 -0.721301543
v 0.918076281 0.335678498 -0.907999449
v 0.918076281 0.508814857 -0.907999441
v 0.918076281 0.282894883 -0.907999451
v 0.918076281 0.561598394 -0.72130158
v 0.918076281 0.61438203 -0.668518032
v 0.918076281 0.797664217 -0.668518071
v 0.865292735 0.508814893 -0.66851799
v 0.69855391 0.508814893 -0.66851799
v 0.69855391 0.335678394 -0.668517998
v 0.865292735 0.335678394 -0.668517998
v 0.592986727 0.797664137 -0.960783067
v 0.645770365 0.797664137 -0.960783067
v 0.592986727 0.282894883 -0.907999451
v 0.69855391 0.3356785 -0.960782994
v 0.865292735 0.508814766 -0.960782986
v 0.865292735 0.3356785 -0.960782994
v 0.69855391 0.508814766 -0.960782986
v 0.69855391 0.561598311 -0.960782984
v 0.865292735 0.561598311 -0.960782984
v 0.865292735 0.850447762 -0.668518068
v 0.69855391 0.850447762 -0.668518068
v 0.865292735 0.85044776 -0.615734523
v 0.645770365 0.508814849 -0.721301535
v 0.645770365 0.335678498 -0.907999449
v 0.645770365 0.335678397 -0.721301543
v 0.645770365 0.508814857 -0.907999441
v 0.918076281 0.797664126 -0.721301616
v 0.918076281 0.614381986 -0.721301577
v 0.918076281 0.614381994 -0.907999437
v 0.918076281 0.797664134 -0.907999522
v 0.592986727 0.850447773 -0.907999519
v 0.645770365 0.850447764 -0.721301613
v 0.69855391 -0.00307331575 -0.615734374
v 0.69855391 -0.00307332436 -0.668517919
v 0.865292735 -0.00307332436 -0.668517919
v 0.69855391 0.0497102342 -0.960782913
v 0.865292735 0.230111247 -0.960782998
v 0.865292735 0.0497102342 -0.960782913
v 0.69855391 0.230111247 -0.960782998
v 0.69855391 0.282894885 -0.960782996
v 0.865292735 0.282894885 -0.960782996
v 0.645770365 0.0497102342 -0.960782913
v 0.645770365 0.230111185 -0.615734457
v 0.69855391 0.561598436 -0.615734489
v 0.69855391 0.61438195 -0.960782982
v 0.865292735 0.797664044 -0.960783067
v 0.865292735 0.61438195 -0.960782982
v 0.69855391 0.797664044 -0.960783067
v 0.645770365 0.61438195 -0.960782982
v 0.918076281 0.230111167 -0.721301547
v 0.918076281 0.0497102436 -0.907999368
v 0.918076281 0.230111268 -0.907999453
v 0.918076281 0.0497102762 -0.721301462
v 0.918076281 0.282894782 -0.721301545
v 0.865292735 0.850447764 -0.721301613
v 0.865292735 0.850447773 -0.907999519
v 0.69855391 0.850447764 -0.721301613
v 0.69855391 0.850447773 -0.907999519
v 0.645770365 0.850447773 -0.907999519
v 0.645770365 -0.00307336301 -0.90799937
v 0.645770365 0.0123866447 -0.945323053
v 0.69855391 -0.00307336301 -0.90799937
v 0.592986727 0.0123866447 -0.945323053
v 0.645770365 0.0123866447 -0.945323053
v 0.69855391 0.0497102342 -0.960782913
v 0.69855391 0.0123866447 -0.945323053
v 0.592986727 0.0497102342 -0.960782913
v 0.645770365 0.0497102342 -0.960782913
v 0.592986727 0.0123866447 -0.945323053
v 0.865292735 0.0497102342 -0.960782913
v 0.865292735 0.012386585 -0.945322867
v 0.69855391 0.0123866447 -0.945323053
v 0.592986727 0.0123866871 -0.68397778
v 0.645770365 -0.00307333297 -0.721301464
v 0.645770365 0.00558460754 -0.668517919
v 0.592986727 -0.00307333297 -0.721301464
v 0.645770365 0.00558460754 -0.668517919
v 0.69855391 -0.00307333297 -0.721301464
v 0.69855391 -0.00307332436 -0.668517919
v 0.645770365 -0.00307333297 -0.721301464
v 0.661230274 0.0123866972 -0.615734374
v 0.69855391 -0.00307332436 -0.668517919
v 0.69855391 -0.00307331575 -0.615734374
v 0.645770365 0.00558460754 -0.668517919
v 0.661230274 0.0123866972 -0.615734374
v 0.630310364 0.0497102848 -0.653057962
v 0.645770365 0.00558460754 -0.668517919
v 0.645770365 0.0497102948 -0.615734372
v 0.592986727 0.0123866871 -0.68397778
v 0.630310364 0.0497102848 -0.653057962
v 0.592986727 0.0497102855 -0.668517917
v 0.645770365 0.00558460754 -0.668517919
v 0.622509746 0.841789814 -0.644438211
v 0.592986727 0.850447764 -0.721301613
v 0.571627403 0.834987807 -0.659341142
v 0.645770365 0.850447764 -0.721301613
v 0.69855391 0.850447762 -0.668518068
v 0.622509746 0.841789814 -0.644438211
v 0.69855391 0.85044776 -0.615734523
v 0.637412816 0.834987804 -0.593555868
v 0.69855391 0.850447762 -0.668518068
v 0.645770365 0.850447764 -0.721301613
v 0.622509746 0.841789814 -0.644438211
v 0.69855391 0.850447764 -0.721301613
v 0.645770365 0.850447773 -0.907999519
v 0.69855391 0.850447773 -0.907999519
v 0.645770365 0.83498782 -0.945323017
v 0.592986727 0.850447773 -0.907999519
v 0.69855391 0.834987726 -0.945323204
v 0.865292735 0.850447773 -0.907999519
v 0.865292735 0.834987726 -0.945323017
v 0.645770365 0.797664137 -0.960783067
v 0.69855391 0.834987726 -0.945323204
v 0.69855391 0.797664044 -0.960783067
v 0.592986727 0.834987726 -0.945323204
v 0.645770365 0.83498782 -0.945323017
v 0.592986727 0.797664137 -0.960783067
v 0.902616326 0.0123866893 -0.668518012
v 0.918076281 0.0497102762 -0.721301462
v 0.918076281 0.0497102855 -0.668517917
v 0.902616326 0.0123866814 -0.721301464
v 0.902616326 0.0123866972 -0.615734374
v 0.902616419 0.0123865906 -0.90799937
v 0.918076281 0.0497102436 -0.907999368
v 0.865292735 -0.00307332436 -0.668517919
v 0.902616326 0.0123866893 -0.668518012
v 0.865292735 -0.00307333297 -0.721301464
v 0.902616326 0.0123866814 -0.721301464
v 0.865292735 -0.00307336301 -0.90799937
v 0.902616419 0.0123865906 -0.90799937
v 0.89576738 0.0192355775 -0.93847392
v 0.865292735 0.012386585 -0.945322867
v 0.865292735 0.0497102342 -0.960782913
v 0.902616419 0.0497101812 -0.945322865
v 0.902616419 0.0123865906 -0.90799937
v 0.89576738 0.0192355775 -0.93847392
v 0.918076281 0.0497102436 -0.907999368
v 0.902616419 0.0497101812 -0.945322865
v 0.902616419 0.0123865906 -0.90799937
v 0.865292735 -0.00307336301 -0.90799937
v 0.89576738 0.0192355775 -0.93847392
v 0.865292735 0.012386585 -0.945322867
v 0.918076281 0.797664217 -0.668518071
v 0.902616326 0.83498781 -0.721301614
v 0.902616326 0.834987807 -0.668518116
v 0.918076281 0.797664126 -0.721301616
v 0.918076281 0.797664134 -0.907999522
v 0.902616419 0.834987818 -0.90799952
v 0.902616326 0.834987807 -0.668518116
v 0.865292735 0.850447764 -0.721301613
v 0.865292735 0.850447762 -0.668518068
v 0.902616326 0.83498781 -0.721301614
v 0.902616419 0.834987818 -0.90799952
v 0.865292735 0.850447773 -0.907999519
v 0.902616419 0.834987818 -0.90799952
v 0.918076281 0.797664134 -0.907999522
v 0.89576738 0.828138687 -0.938474071
v 0.902616419 0.797664136 -0.945323019
v 0.902616419 0.797664136 -0.945323019
v 0.865292735 0.797664044 -0.960783067
v 0.89576738 0.828138687 -0.938474071
v 0.865292735 0.834987726 -0.945323017
v 0.902616419 0.834987818 -0.90799952
v 0.89576738 0.828138687 -0.938474071
v 0.865292735 0.850447773 -0.907999519
v 0.865292735 0.834987726 -0.945323017
v 0.918076281 0.282894883 -0.907999451
v 0.902616233 0.282894885 -0.945323041
v 0.918076281 0.335678498 -0.907999449
v 0.918076281 0.230111268 -0.907999453
v 0.902616326 0.23011127 -0.945323044
v 0.918076281 0.0497102436 -0.907999368
v 0.902616419 0.0497101812 -0.945322865
v 0.902616326 0.23011127 -0.945323044
v 0.865292735 0.230111247 -0.960782998
v 0.902616233 0.282894885 -0.945323041
v 0.902616419 0.0497101812 -0.945322865
v 0.865292735 0.0497102342 -0.960782913
v 0.865292735 0.282894885 -0.960782996
v 0.865292735 0.3356785 -0.960782994
v 0.902616326 0.3356785 -0.945323039
v 0.865292735 0.508814766 -0.960782986
v 0.902616326 0.508814765 -0.945323032
v 0.902616326 0.508814765 -0.945323032
v 0.918076281 0.508814857 -0.907999441
v 0.902616326 0.3356785 -0.945323039
v 0.661230274 0.335678395 -0.683977813
v 0.630310364 0.298354806 -0.721301544
v 0.645770365 0.282894779 -0.668518093
v 0.645770365 0.335678397 -0.721301543
v 0.592986727 0.267434825 -0.683977816
v 0.630310364 0.298354806 -0.721301544
v 0.592986727 0.282894782 -0.721301545
v 0.645770365 0.282894779 -0.668518093
v 0.592986727 0.267434825 -0.683977816
v 0.630310364 0.230111187 -0.653058048
v 0.645770365 0.282894779 -0.668518093
v 0.592986727 0.230111188 -0.668518002
v 0.661230274 0.267434846 -0.615734456
v 0.630310364 0.230111187 -0.653058048
v 0.645770365 0.230111185 -0.615734457
v 0.645770365 0.282894779 -0.668518093
v 0.69855391 0.298354803 -0.653058045
v 0.661230274 0.267434846 -0.615734456
v 0.69855391 0.2828948 -0.615734455
v 0.645770365 0.282894779 -0.668518093
v 0.661230274 0.335678395 -0.683977813
v 0.69855391 0.298354803 -0.653058045
v 0.69855391 0.335678394 -0.668517998
v 0.645770365 0.282894779 -0.668518093
v 0.902616326 0.335678395 -0.683977813
v 0.918076281 0.282894782 -0.721301545
v 0.918076281 0.335678397 -0.721301543
v 0.909418426 0.282894779 -0.668518047
v 0.902616326 0.335678395 -0.683977813
v 0.865292735 0.298354803 -0.653058045
v 0.909418426 0.282894779 -0.668518047
v 0.865292735 0.335678394 -0.668517998
v 0.902616326 0.267434846 -0.615734456
v 0.865292735 0.298354803 -0.653058045
v 0.865292735 0.2828948 -0.615734455
v 0.909418426 0.282894779 -0.668518047
v 0.918076281 0.230111188 -0.668518002
v 0.902616326 0.267434846 -0.615734456
v 0.918076281 0.230111185 -0.615734457
v 0.909418426 0.282894779 -0.668518047
v 0.909418426 0.282894779 -0.668518047
v 0.918076281 0.230111188 -0.668518002
v 0.918076281 0.230111167 -0.721301547
v 0.918076281 0.282894782 -0.721301545
v 0.645770365 0.230111247 -0.960782998
v 0.592986727 0.26743493 -0.945323042
v 0.645770365 0.282894815 -0.952125142
v 0.592986727 0.230111247 -0.960782998
v 0.630310364 0.298354838 -0.90799945
v 0.592986727 0.26743493 -0.945323042
v 0.592986727 0.282894883 -0.907999451
v 0.645770365 0.282894815 -0.952125142
v 0.661230274 0.3356785 -0.945323039
v 0.630310364 0.298354838 -0.90799945
v 0.645770365 0.335678498 -0.907999449
v 0.645770365 0.282894815 -0.952125142
v 0.69855391 0.282894885 -0.960782996
v 0.661230274 0.3356785 -0.945323039
v 0.69855391 0.3356785 -0.960782994
v 0.645770365 0.282894815 -0.952125142
v 0.645770365 0.230111247 -0.960782998
v 0.645770365 0.282894815 -0.952125142
v 0.69855391 0.230111247 -0.960782998
v 0.69855391 0.282894885 -0.960782996
v 0.592986727 0.577058358 -0.945323122
v 0.645770365 0.61438195 -0.960782982
v 0.645770365 0.561598311 -0.952125037
v 0.592986727 0.61438195 -0.960782982
v 0.645770365 0.561598311 -0.952125037
v 0.69855391 0.61438195 -0.960782982
v 0.69855391 0.561598311 -0.960782984
v 0.645770365 0.61438195 -0.960782982
v 0.661230274 0.508814765 -0.945323032
v 0.69855391 0.561598311 -0.960782984
v 0.69855391 0.508814766 -0.960782986
v 0.645770365 0.561598311 -0.952125037
v 0.630310364 0.546138447 -0.90799944
v 0.661230274 0.508814765 -0.945323032
v 0.645770365 0.508814857 -0.907999441
v 0.645770365 0.561598311 -0.952125037
v 0.592986727 0.577058358 -0.945323122
v 0.630310364 0.546138447 -0.90799944
v 0.592986727 0.561598402 -0.907999439
v 0.645770365 0.561598311 -0.952125037
v 0.865292735 0.546138483 -0.653058034
v 0.902616326 0.508814847 -0.683977805
v 0.909418426 0.561598438 -0.668518034
v 0.865292735 0.508814893 -0.66851799
v 0.902616326 0.508814847 -0.683977805
v 0.918076281 0.561598394 -0.72130158
v 0.909418426 0.561598438 -0.668518034
v 0.918076281 0.508814849 -0.721301535
v 0.909418426 0.561598438 -0.668518034
v 0.918076281 0.614381986 -0.721301577
v 0.918076281 0.61438203 -0.668518032
v 0.918076281 0.561598394 -0.72130158
v 0.902616326 0.577058437 -0.615734489
v 0.918076281 0.61438203 -0.668518032
v 0.918076281 0.614382028 -0.615734487
v 0.909418426 0.561598438 -0.668518034
v 0.902616326 0.577058437 -0.615734489
v 0.865292735 0.546138483 -0.653058034
v 0.909418426 0.561598438 -0.668518034
v 0.865292735 0.561598436 -0.615734489
v 0.69855391 0.546138483 -0.653058034
v 0.661230274 0.508814847 -0.683977805
v 0.69855391 0.508814893 -0.66851799
v 0.645770365 0.561598438 -0.668518081
v 0.661230274 0.577058437 -0.615734489
v 0.69855391 0.546138483 -0.653058034
v 0.69855391 0.561598436 -0.615734489
v 0.645770365 0.561598438 -0.668518081
v 0.592986727 0.577058394 -0.683977849
v 0.630310364 0.546138439 -0.721301534
v 0.645770365 0.561598438 -0.668518081
v 0.592986727 0.561598394 -0.72130158
v 0.661230274 0.508814847 -0.683977805
v 0.630310364 0.546138439 -0.721301534
v 0.645770365 0.508814849 -0.721301535
v 0.645770365 0.561598438 -0.668518081
v 0.865292735 0.561598311 -0.960782984
v 0.902616326 0.614381949 -0.94532312
v 0.902616419 0.561598311 -0.945323029
v 0.865292735 0.797664044 -0.960783067
v 0.902616419 0.797664136 -0.945323019
v 0.865292735 0.61438195 -0.960782982
v 0.918076281 0.561598402 -0.907999439
v 0.902616419 0.561598311 -0.945323029
v 0.902616326 0.614381949 -0.94532312
v 0.918076281 0.614381994 -0.907999437
v 0.902616419 0.797664136 -0.945323019
v 0.918076281 0.797664134 -0.907999522
v 0.645770365 -0.00307336301 -0.90799937
v 0.865292735 -0.00307336301 -0.90799937
v 0.865292735 0.012386585 -0.945322867
v 0.865292735 0.797664044 -0.960783067
v 0.865292735 0.834987726 -0.945323017
v 0.902616326 0.508814847 -0.683977805
v 0.865292735 0.335678394 -0.668517998
v 0.902616326 0.335678395 -0.683977813
v 0.865292735 0.508814893 -0.66851799
v 0.902616326 0.508814847 -0.683977805
v 0.902616326 0.335678395 -0.683977813
v 0.918076281 0.335678397 -0.721301543
v 0.918076281 0.508814849 -0.721301535
v 0.661230274 0.335678395 -0.683977813
v 0.661230274 0.508814847 -0.683977805
v 0.645770365 0.508814849 -0.721301535
v 0.645770365 0.335678397 -0.721301543
v 0.69855391 0.335678394 -0.668517998
v 0.69855391 0.508814893 -0.66851799
v 0.661230274 0.508814847 -0.683977805
v 0.661230274 0.335678395 -0.683977813
v 0.865292735 0.298354803 -0.653058045
v 0.69855391 0.2828948 -0.615734455
v 0.865292735 0.2828948 -0.615734455
v 0.69855391 0.298354803 -0.653058045
v 0.865292735 0.335678394 -0.668517998
v 0.69855391 0.298354803 -0.653058045
v 0.865292735 0.298354803 -0.653058045
v 0.69855391 0.335678394 -0.668517998
v 0.630310364 0.298354806 -0.721301544
v 0.592986727 0.282894883 -0.907999451
v 0.592986727 0.282894782 -0.721301545
v 0.630310364 0.298354838 -0.90799945
v 0.645770365 0.335678397 -0.721301543
v 0.630310364 0.298354838 -0.90799945
v 0.630310364 0.298354806 -0.721301544
v 0.645770365 0.335678498 -0.907999449
v 0.630310364 0.0497102848 -0.653057962
v 0.630310364 0.230111187 -0.653058048
v 0.592986727 0.230111188 -0.668518002
v 0.592986727 0.0497102855 -0.668517917
v 0.645770365 0.230111185 -0.615734457
v 0.630310364 0.0497102848 -0.653057962
v 0.645770365 0.0497102948 -0.615734372
v 0.630310364 0.230111187 -0.653058048
v 0.661230274 0.508814765 -0.945323032
v 0.645770365 0.335678498 -0.907999449
v 0.645770365 0.508814857 -0.907999441
v 0.661230274 0.3356785 -0.945323039
v 0.69855391 0.508814766 -0.960782986
v 0.69855391 0.3356785 -0.960782994
v 0.661230274 0.3356785 -0.945323039
v 0.661230274 0.508814765 -0.945323032
v 0.918076281 0.561598402 -0.907999439
v 0.630310364 0.546138439 -0.721301534
v 0.645770365 0.508814857 -0.907999441
v 0.645770365 0.508814849 -0.721301535
v 0.630310364 0.546138447 -0.90799944
v 0.592986727 0.561598394 -0.72130158
v 0.630310364 0.546138447 -0.90799944
v 0.630310364 0.546138439 -0.721301534
v 0.592986727 0.561598402 -0.907999439
v 0.865292735 0.546138483 -0.653058034
v 0.69855391 0.546138483 -0.653058034
v 0.69855391 0.508814893 -0.66851799
v 0.865292735 0.508814893 -0.66851799
v 0.865292735 0.561598436 -0.615734489
v 0.69855391 0.561598436 -0.615734489
v 0.69855391 0.546138483 -0.653058034
v 0.865292735 0.546138483 -0.653058034
v 0.661230274 0.577058437 -0.615734489
v 0.69855391 0.2828948 -0.615734455
v 0.592986727 0.230111247 -0.960782998
v 0.592986727 0.26743493 -0.945323042
v 0.592986727 0.267434825 -0.683977816
v 0.592986727 0.230111188 -0.668518002
v 0.592986727 0.0123866871 -0.68397778
v 0.592986727 0.0123866871 -0.68397778
v 0.592986727 -0.00307333297 -0.721301464
v 0.592986727 0.577058394 -0.683977849
v 0.592986727 0.561598394 -0.72130158
v 0.592986727 0.577058358 -0.945323122
v 0.592986727 0.61438195 -0.960782982
v 0.592986727 0.561598402 -0.907999439
v 0.592986727 0.577058358 -0.945323122
v 0.615097256 0.370596487 0.572775553
v 0.637412816 0.752574764 -1.22609998e-07
v 0.615097256 0.370596396 -6.08447937e-08
v 0.637412816 0.752574878 0.593555612
v 0.637412816 0.752574697 -0.593555872
v 0.615097256 0.370596304 -0.572775614
v 0.637412816 0.752574878 0.593555612
v 0.600715959 0.376923937 0.621876556
v 0.622509746 0.759376976 0.644437909
v 0.615097256 0.370596487 0.572775553
v -0.551615003 0.370596484 0.636257713
v -1.20545902e-10 0.752574922 0.659340886
v -4.66980794e-10 0.370596484 0.636257713
v -0.571627403 0.752574875 0.659340886
v -0.551615003 0.370596307 -0.636257774
v -1.20545902e-10 0.752574746 -0.659341146
v -0.571627403 0.7525747 -0.659341146
v -4.66980794e-10 0.370596307 -0.636257774
v 0.551615003 0.370596307 -0.636257774
v 0.571627403 0.7525747 -0.659341146
v -0.622509746 0.759376753 -0.644438215
v -0.600715959 0.376923759 -0.621876616
v -0.571627403 0.7525747 -0.659341146
v -0.551615003 0.370596307 -0.636257774
v -0.600715959 0.376923937 0.621876556
v -0.571627403 0.752574875 0.659340886
v -0.551615003 0.370596484 0.636257713
v -0.622509746 0.759376976 0.644437909
v 0.571627403 0.7525747 -0.659341146
v 0.600715959 0.376923759 -0.621876616
v 0.622509746 0.759376753 -0.644438215
v 0.551615003 0.370596307 -0.636257774
v -0.637412816 0.752574697 -0.593555872
v -0.600715959 0.376923759 -0.621876616
v -0.622509746 0.759376753 -0.644438215
v -0.615097256 0.370596304 -0.572775614
v -0.615097256 0.370596487 0.572775553
v -0.637412816 0.752574764 -1.22609998e-07
v -0.637412816 0.752574878 0.593555612
v -0.615097256 0.370596396 -6.08447937e-08
v -0.615097256 0.370596304 -0.572775614
v -0.637412816 0.752574697 -0.593555872
v -0.600715959 0.376923937 0.621876556
v -0.637412816 0.752574878 0.593555612
v -0.622509746 0.759376976 0.644437909
v -0.615097256 0.370596487 0.572775553
v 0.551615003 0.370596484 0.636257713
v 0.571627403 0.752574875 0.659340886
v 0.600715959 0.376923937 0.621876556
v 0.622509746 0.759376976 0.644437909
v 0.622509746 0.759376753 -0.644438215
v 0.600715959 0.376923759 -0.621876616
v 0.637412816 0.752574697 -0.593555872
v 0.615097256 0.370596304 -0.572775614
v 0.551615003 0.370596484 0.636257713
v 0.571627403 0.752574875 0.659340886
v -0.615097256 0.370596396 -6.08447937e-08
v 0.615097256 0.370596396 -6.08447937e-08
v -4.66980794e-10 0.370596307 -0.636257774
v -0.615097256 0.370596304 -0.572775614
v -4.66980794e-10 0.370596484 0.636257713
v 0.615097256 0.370596304 -0.572775614
v 0.551615003 0.370596307 -0.636257774
v -0.551615003 0.370596484 0.636257713
v -0.615097256 0.370596487 0.572775553
v -0.600715959 0.376923937 0.621876556
v -0.551615003 0.370596307 -0.636257774
v -0.600715959 0.376923759 -0.621876616
v 0.615097256 0.370596487 0.572775553
v 0.551615003 0.370596484 0.636257713
v 0.600715959 0.376923937 0.621876556
v 0.600715959 0.376923759 -0.621876616
v 0.637412816 0.752574764 -1.22609998e-07
v 0.637412816 0.834987804 -0.593555868
v 0.637412816 0.752574697 -0.593555872
v 0.637412816 0.834987964 -1.36036781e-07
v 0.637412816 0.752574878 0.593555612
v 0.637412816 0.834988032 0.593555615
v -1.20545902e-10 0.752574922 0.659340886
v 0.571627403 0.834988029 0.659340889
v 0.571627403 0.752574875 0.659340886
v -0.571627403 0.834988029 0.659340889
v -1.20545902e-10 0.834988029 0.659340889
v -0.571627403 0.752574875 0.659340886
v 0.571627403 0.834987807 -0.659341142
v -1.20545902e-10 0.834987807 -0.659341142
v -1.20545902e-10 0.752574746 -0.659341146
v 0.571627403 0.7525747 -0.659341146
v -0.571627403 0.834987807 -0.659341142
v -0.571627403 0.7525747 -0.659341146
v 0.637412816 0.752574697 -0.593555872
v 0.637412816 0.834987804 -0.593555868
v 0.622509746 0.759376753 -0.644438215
v 0.622509746 0.841789814 -0.644438211
v -0.637412816 0.752574764 -1.22609998e-07
v -0.637412816 0.834987804 -0.593555868
v -0.637412816 0.834987964 -1.36036781e-07
v -0.637412816 0.752574697 -0.593555872
v -0.637412816 0.752574878 0.593555612
v 0.622509746 0.759376976 0.644437909
v 0.571627403 0.752574875 0.659340886
v 0.571627403 0.834988029 0.659340889
v 0.622509746 0.841790037 0.644437912
v -0.622509746 0.759376976 0.644437909
v -0.637412816 0.834988032 0.593555615
v -0.622509746 0.841790037 0.644437912
v -0.637412816 0.752574878 0.593555612
v -0.637412816 0.834988032 0.593555615
v -0.637412816 0.834987804 -0.593555868
v -0.622509746 0.759376753 -0.644438215
v -0.622509746 0.841789814 -0.644438211
v -0.637412816 0.752574697 -0.593555872
v 0.571627403 0.834987807 -0.659341142
v 0.622509746 0.759376753 -0.644438215
v 0.622509746 0.841789814 -0.644438211
v 0.571627403 0.7525747 -0.659341146
v -0.622509746 0.759376976 0.644437909
v -0.571627403 0.834988029 0.659340889
v -0.571627403 0.752574875 0.659340886
v -0.622509746 0.841790037 0.644437912
v -0.622509746 0.841789814 -0.644438211
v -0.622509746 0.759376753 -0.644438215
v -0.571627403 0.834987807 -0.659341142
v -0.571627403 0.7525747 -0.659341146
v 0.637412816 0.834988032 0.593555615
v 0.622509746 0.759376976 0.644437909
v 0.622509746 0.841790037 0.644437912
v 0.637412816 0.752574878 0.593555612
v -0.120780373 0.699857903 1.03057151
v -0.081193645 0.828026563 1.03057152
v -0.120780373 0.699857907 0.949831338
v -0.081193645 0.828026566 0.949831343
v 0.129205955 0.882635314 1.03057152
v 0.081193482 0.828026469 1.03057152
v 0.129205955 0.882635317 0.949831346
v 0.081193482 0.828026473 0.949831343
v 0.149194198 0.957232482 1.03057152
v 0.129205955 0.882635317 0.949831346
v 0.149194198 0.957232486 0.949831349
v 0.129205955 0.882635314 1.03057152
v 0.129205955 1.03182937 1.03057152
v 0.149194198 0.957232482 1.03057152
v 0.129205955 1.03182938 0.949831352
v 0.149194198 0.957232486 0.949831349
v 0.0745970872 1.08643831 1.03057153
v 0.129205955 1.03182937 1.03057152
v 0.0745970872 1.08643822 0.949831354
v 0.129205955 1.03182938 0.949831352
v -6.13745166e-09 1.10642654 1.03057134
v 0.0745970872 1.08643822 0.949831354
v -6.13745166e-09 1.10642654 0.949831355
v 0.0745970872 1.08643831 1.03057153
v -0.0745971105 1.08643831 1.03057153
v -6.13745166e-09 1.10642654 1.03057134
v -0.0745971105 1.08643831 0.949831354
v -6.13745166e-09 1.10642654 0.949831355
v -0.129205955 1.03182956 1.03057152
v -0.0745971105 1.08643831 1.03057153
v -0.129205955 1.03182956 0.949831352
v -0.0745971105 1.08643831 0.949831354
v -0.149194221 0.957232482 1.03057152
v -0.129205955 1.03182956 1.03057152
v -0.149194221 0.957232486 0.949831349
v -0.129205955 1.03182956 0.949831352
v -0.129206048 0.882635407 1.03057152
v -0.149194221 0.957232482 1.03057152
v -0.129206048 0.88263541 0.949831346
v -0.149194221 0.957232486 0.949831349
v -3.02409264e-08 0.820770446 0.949831343
v 0.129205955 1.03182938 0.949831352
v 0.149194198 0.957232486 0.949831349
v 0.129205955 0.882635317 0.949831346
v 0.081193482 0.828026473 0.949831343
v -0.149194221 0.957232486 0.949831349
v -0.129205955 1.03182956 0.949831352
v 0.0745970872 1.08643822 0.949831354
v -6.13745166e-09 1.10642654 0.949831355
v -0.0745971105 1.08643831 0.949831354
v -1.50789506e-08 0.679869675 0.94983143
v -0.129206048 0.88263541 0.949831346
v -0.081193645 0.828026566 0.949831343
v -0.081193645 0.828026563 1.03057152
v -0.129206048 0.882635407 1.03057152
v -0.081193645 0.828026566 0.949831343
v -0.129206048 0.88263541 0.949831346
v 0.120780163 0.699857903 1.03057151
v -1.50789506e-08 0.679869675 0.94983143
v 0.120780163 0.699857907 0.949831338
v -1.50789506e-08 0.679869672 1.03057151
v -1.50789506e-08 0.679869672 1.03057151
v -0.120780373 0.699857903 1.03057151
v -1.50789506e-08 0.679869675 0.94983143
v -0.120780373 0.699857907 0.949831338
v 0.120780163 0.699857903 1.03057151
v 0.081193482 0.828026473 0.949831343
v 0.081193482 0.828026469 1.03057152
v 0.120780163 0.699857907 0.949831338
v 0.120780163 0.699857907 0.949831338
v -0.120780373 0.699857907 0.949831338
v -0.0261360954 0.858784515 1.03057152
v -0.0261360954 0.858784516 1.00398533
v -0.067918835 0.900567278 1.03057152
v -0.067918835 0.900567279 1.00398533
v 0.081193482 0.828026469 1.03057152
v 0.0530361547 0.754647797 1.03057151
v 0.120780163 0.699857903 1.03057151
v 0.0679187477 0.900567278 1.03057152
v 0.0261359703 0.858784515 1.03057152
v 0.129205955 0.882635314 1.03057152
v 0.149194198 0.957232482 1.03057152
v 0.0784257951 0.939780149 1.03057152
v 0.0679187477 0.978993114 1.03057152
v 0.129205955 1.03182937 1.03057152
v 0.0392128888 1.0076988 1.03057152
v 0.0745970872 1.08643831 1.03057153
v -6.13745166e-09 1.10642654 1.03057134
v -2.08172049e-08 1.01820589 1.03057152
v -0.0745971105 1.08643831 1.03057153
v -0.0392129412 1.0076988 1.03057152
v -0.129205955 1.03182956 1.03057152
v -0.0679188001 0.978993114 1.03057152
v -0.149194221 0.957232482 1.03057152
v -0.0784258882 0.939780242 1.03057152
v -0.129206048 0.882635407 1.03057152
v -0.067918835 0.900567278 1.03057152
v -0.081193645 0.828026563 1.03057152
v -0.0261360954 0.858784515 1.03057152
v -0.120780373 0.699857903 1.03057151
v -0.0530363061 0.754647797 1.03057151
v -1.50789506e-08 0.679869672 1.03057151
v -2.04514822e-08 0.745697926 1.03057151
v 0.0392128888 1.0076988 1.00398534
v 0.0679187477 0.900567279 1.00398533
v 0.0784257951 0.93978015 1.00398533
v -0.0392129412 1.0076988 1.00398534
v 0.0679187477 0.978993115 1.00398534
v -0.0261360954 0.858784516 1.00398533
v -2.13741844e-08 0.745697928 1.00398533
v 0.0261359703 0.858784516 1.00398533
v -0.0530363061 0.754647798 1.00398533
v -0.067918835 0.900567279 1.00398533
v -2.1739914e-08 1.01820589 1.00398534
v -0.0784258882 0.939780244 1.00398533
v 0.0530361547 0.754647798 1.00398533
v -0.0679188001 0.978993115 1.00398534
v 0.0679187477 0.978993115 1.00398534
v 0.0784257951 0.939780149 1.03057152
v 0.0679187477 0.978993114 1.03057152
v 0.0784257951 0.93978015 1.00398533
v -2.04514822e-08 0.745697926 1.03057151
v 0.0530361547 0.754647797 1.03057151
v 0.0530361547 0.754647798 1.00398533
v -2.13741844e-08 0.745697928 1.00398533
v 0.0392128888 1.0076988 1.03057152
v 0.0392128888 1.0076988 1.00398534
v 0.0679187477 0.978993114 1.03057152
v 0.0679187477 0.978993115 1.00398534
v -0.0530363061 0.754647797 1.03057151
v -2.04514822e-08 0.745697926 1.03057151
v -2.13741844e-08 0.745697928 1.00398533
v -0.0530363061 0.754647798 1.00398533
v -2.08172049e-08 1.01820589 1.03057152
v 0.0392128888 1.0076988 1.00398534
v 0.0392128888 1.0076988 1.03057152
v -2.1739914e-08 1.01820589 1.00398534
v 0.0530361547 0.754647797 1.03057151
v 0.0261359703 0.858784515 1.03057152
v 0.0261359703 0.858784516 1.00398533
v 0.0530361547 0.754647798 1.00398533
v -0.0392129412 1.0076988 1.03057152
v -2.1739914e-08 1.01820589 1.00398534
v -2.08172049e-08 1.01820589 1.03057152
v -0.0392129412 1.0076988 1.00398534
v -0.0261360954 0.858784515 1.03057152
v -0.0530363061 0.754647797 1.03057151
v -0.0530363061 0.754647798 1.00398533
v -0.0261360954 0.858784516 1.00398533
v -0.0679188001 0.978993114 1.03057152
v -0.0679188001 0.978993115 1.00398534
v -0.0392129412 1.0076988 1.03057152
v -0.0392129412 1.0076988 1.00398534
v -0.0784258882 0.939780242 1.03057152
v -0.0784258882 0.939780244 1.00398533
v -0.0679188001 0.978993114 1.03057152
v -0.0679188001 0.978993115 1.00398534
v 0.0679187477 0.900567278 1.03057152
v 0.0679187477 0.900567279 1.00398533
v 0.0261359703 0.858784515 1.03057152
v 0.0261359703 0.858784516 1.00398533
v -0.067918835 0.900567279 1.00398533
v -0.0784258882 0.939780242 1.03057152
v -0.067918835 0.900567278 1.03057152
v -0.0784258882 0.939780244 1.00398533
v 0.0784257951 0.939780149 1.03057152
v 0.0784257951 0.93978015 1.00398533
v 0.0679187477 0.900567278 1.03057152
v 0.0679187477 0.900567279 1.00398533
v 0 1.72187161 0.808304437
v -0.852838065 1.72187161 0.808304437
v -0.852838065 1.62212193 0.874954999
v 0 1.62212193 0.874954999
v 0 1.78852227 0.708554763
v -0.852838065 1.78852227 0.708554763
v -0.852838065 1.50445919 0.898359689
v 0 1.50445919 0.898359689
v 0.852838065 1.62212193 0.874954999
v 0.852838065 0.895432716 0.898359755
v 0.852838065 1.50445919 0.898359689
v -0.852838065 0.895432716 0.898359755
v 0 0.895432623 0.898359755
v -0.852838065 1.81192697 0.590891982
v 0 1.81192697 0.590891982
v 0 1.81192665 -0.590892476
v -0.852838065 1.81192665 -0.590892476
v 0.852838065 1.78852227 0.708554763
v 0.852838065 1.81192697 0.590891982
v 0.852838065 1.81192665 -0.590892476
v 0 1.78852215 -0.708555259
v -0.852838065 1.78852215 -0.708555259
v 0.852838065 1.72187161 0.808304437
v -0.852838065 0.895432422 -0.898360049
v 0 1.50445899 -0.898360209
v 0 0.895432329 -0.898360049
v -0.852838065 1.62212182 -0.874955509
v 0 1.62212182 -0.874955509
v 0.852838065 0.895432422 -0.898360049
v 0.852838065 1.62212182 -0.874955509
v 0.852838065 1.50445899 -0.898360209
v -0.852838065 1.50445899 -0.898360209
v -0.852838065 0.895432716 0.898359755
v -0.852838065 1.81192697 0.590891982
v -0.852838065 1.81192665 -0.590892476
v -0.852838065 0.895432422 -0.898360049
v -0.852838065 1.50445899 -0.898360209
v -0.852838065 1.62212193 0.874954999
v -0.852838065 1.78852227 0.708554763
v -0.852838065 1.62212182 -0.874955509
v -0.852838065 1.72187149 -0.808304939
v -0.852838065 1.78852215 -0.708555259
v -0.852838065 1.50445919 0.898359689
v -0.852838065 1.72187161 0.808304437
v 0.852838065 1.78852215 -0.708555259
v 0 1.72187149 -0.808304939
v -0.852838065 1.72187149 -0.808304939
v 0.852838065 1.72187149 -0.808304939
v 0.852838065 1.81192665 -0.590892476
v 0.852838065 1.62212182 -0.874955509
v 0.852838065 1.72187149 -0.808304939
v 0.852838065 1.78852215 -0.708555259
v 0.852838065 1.50445899 -0.898360209
v 0.852838065 0.895432422 -0.898360049
v 0.852838065 0.895432716 0.898359755
v 0.852838065 1.81192697 0.590891982
v 0.852838065 1.50445919 0.898359689
v 0.852838065 1.62212193 0.874954999
v 0.852838065 1.78852227 0.708554763
v 0.852838065 1.72187161 0.808304437
v -0.781923253 1.1387822 0.528238531
v -0.781923253 1.13878212 0.296449059
v -0.884038117 1.13326607 0.52823853
v -0.781923253 1.13878222 -1.85531154e-07
v -0.884038117 1.13326591 -1.84632458e-07
v -0.884038117 1.13326589 0.296449059
v -0.918076281 1.11671731 0.296449058
v -0.918076281 1.1167174 0.52823853
v -0.918076281 1.11671733 -1.81936333e-07
v -0.918076281 1.11671734 -0.296449543
v -0.884038117 1.13326592 -0.296449542
v -0.672273617 1.41102919 0.956183175
v -0.65239612 1.50909103 0.939502819
v -0.672273617 1.51099968 0.944408561
v -0.90101799 1.28704203 0.960782785
v -0.672273617 1.28704203 0.960782785
v -0.90101799 1.41102919 0.956183175
v -0.652396167 1.41012851 0.950946348
v -0.90101799 1.51115037 0.944444324
v -0.672273617 1.18436595 0.960782874
v -0.65239612 1.28665963 0.955475271
v -0.65239612 1.18424823 0.95547536
v -0.90101799 1.18436595 0.960782874
v -0.90101799 1.13496972 0.960782872
v -0.672273617 1.13496972 0.960782872
v -0.643784273 1.13633951 0.957386059
v -0.918076281 0.869992066 0.690813587
v -0.913811754 1.11671738 0.929823567
v -0.918076281 1.11671739 0.690813505
v -0.910494849 0.858848222 0.921353456
v -0.913811754 0.869992055 0.929823649
v -0.918076281 0.869991974 0.664639185
v -0.913811754 0.854947761 0.664639324
v -0.918076281 1.11671739 0.664639149
v -0.918076281 0.869991887 0.528238566
v -0.913811754 0.854947674 0.528238565
v -0.913811754 0.854947853 0.690813586
v -0.629335688 0.84993305 0.783490613
v -0.90101799 0.849933054 0.690813586
v -0.740823848 0.849932963 0.646691527
v -0.913811754 0.854947761 0.664639324
v -0.90101799 0.849932962 0.664639324
v -0.910494849 0.858848222 0.921353456
v -0.913811754 0.854947853 0.690813586
v -0.90101799 0.854947843 0.929823648
v -0.740823848 0.849932964 0.622189129
v -0.672273617 0.854947843 0.929823648
v -0.642667059 0.854947843 0.929823648
v -0.884038024 1.17801406 0.67409161
v -0.781923253 1.26598139 0.668517742
v -0.781923253 1.17789057 0.668517738
v -0.781923253 1.140244 0.659065278
v -0.8962919 1.13619032 0.666035435
v -0.918076281 1.13474621 0.690813505
v -0.90101799 1.11671738 0.960782871
v -0.90101799 1.11671738 0.960782871
v -0.90101799 0.869992054 0.96078286
v -0.672273617 0.869992054 0.96078286
v -0.672273617 1.11671738 0.960782871
v -0.642667059 1.11671738 0.960782871
v -0.642667059 0.869992054 0.96078286
v -0.918076281 1.11671731 0.296449058
v -0.918076281 0.86999191 -1.41739668e-07
v -0.918076281 0.869991897 0.296449094
v -0.918076281 1.1167174 0.52823853
v -0.913811754 0.854947684 0.296449093
v -0.918076281 0.86999183 -0.296449507
v -0.913811754 0.854947697 -1.39288647e-07
v -0.918076281 1.11671733 -1.81936333e-07
v -0.8962919 1.13619032 0.666035435
v -0.901017897 0.849932978 0.296449093
v -0.90101799 0.849932898 -1.38471636e-07
v -0.740823848 0.849932979 0.277515096
v -0.740823848 0.849932969 0.494500287
v -0.90101799 0.849932968 0.528238565
v -0.913811754 0.854947617 -0.296449507
v -0.901017897 0.849932818 -0.296449508
v -0.740823848 0.849932817 -0.277515487
v -0.740823848 0.849932898 -1.38471636e-07
v -0.913811754 0.854947684 0.296449093
v -0.913811754 0.854947697 -1.39288647e-07
v -0.913811754 0.854947674 0.528238565
v -0.65239612 1.50909103 0.939502819
v -0.645770365 1.6340287 0.894338336
v -0.65239612 1.64185162 0.908477583
v -0.645770365 1.50364093 0.924603055
v -0.645770365 1.61408517 0.85794523
v -0.645770365 1.71060782 0.793875829
v -0.645770365 1.73683144 0.824183488
v -0.652396167 1.41012851 0.950946348
v -0.645770365 1.40738921 0.935225064
v -0.645770365 1.48943314 0.886202482
v -0.884038024 1.36228396 0.673474757
v -0.781923253 1.41689206 0.66923822
v -0.781923253 1.36148722 0.667976228
v -0.884038117 1.26638307 0.674091614
v -0.918076281 1.26758811 0.690813511
v -0.884038117 1.41850428 0.674519191
v -0.918076281 1.36472831 0.689938957
v -0.918076281 1.42339232 0.690350185
v -0.781923253 1.50597409 0.650690608
v -0.884038117 1.50852303 0.65575556
v -0.781923253 1.56293416 0.623204581
v -0.884038117 1.56651043 0.627337791
v -0.884038024 1.60003972 0.58121162
v -0.781923253 1.59513855 0.578649226
v -0.918076281 1.61474773 0.58886062
v -0.918076281 1.51618567 0.670936956
v -0.918076281 1.57723908 0.639737466
v -0.672273617 1.75045259 0.83992582
v -0.901017897 1.64448783 0.913193056
v -0.672273617 1.64448783 0.913193056
v -0.90101799 1.85488441 0.703056331
v -0.90101799 1.75045259 0.83992582
v -0.65239612 1.74704749 0.835990237
v -0.65239612 1.64185162 0.908477583
v -0.672273617 1.85491384 0.702792487
v -0.913811754 1.13494411 0.929823567
v -0.90101799 0.869992054 0.96078286
v -0.918076281 1.57723908 0.639737466
v -0.913811754 1.62925847 0.88568635
v -0.913811754 1.73058916 0.816968718
v -0.913811754 1.82702371 0.69070513
v -0.918076281 1.61474773 0.58886062
v -0.90101799 1.88852677 0.545918139
v -0.913811754 1.85821427 0.540447503
v -0.90101799 1.75045259 0.83992582
v -0.90101799 1.85488441 0.703056331
v -0.918076281 1.62929779 0.503093681
v -0.901017897 1.64448783 0.913193056
v -0.645770365 1.6591787 0.734437562
v -0.645770365 1.72757243 0.645148411
v -0.645770365 1.79906969 0.678298841
v -0.645770365 1.83574815 0.694745859
v -0.918076281 1.62929779 0.503093681
v -0.884038117 1.61337198 0.499503758
v -0.781923253 1.60809902 0.498354505
v -0.884038024 1.61539687 0.368190162
v -0.918076281 1.63174233 0.368890121
v -0.781923253 1.61011031 0.368142617
v -0.918076281 1.630285 0.142468537
v -0.884038117 1.61343999 0.142468536
v -0.781923253 1.60782504 0.142468536
v -0.90101799 1.88852677 0.545918139
v -0.672273617 1.88854483 0.546893234
v -0.672273617 1.89859661 0.37759758
v -0.90101799 1.89859661 0.37759758
v -0.65239612 1.85010393 0.701013335
v -0.65239612 1.88339387 0.546308363
v -0.65239612 1.89327577 0.377329638
v -0.672273617 1.9022433 0.142468607
v -0.90101799 1.9022433 0.142468607
v -0.65239612 1.89689677 0.156082249
v -0.781923253 1.60782505 -2.61947936e-07
v -0.884038117 1.61343999 -2.62862704e-07
v -0.781923253 1.60782505 -0.14246914
v -0.672273617 1.90224331 -3.0991473e-07
v -0.90101799 1.90224331 -3.0991473e-07
v 0 1.9022433 0.142468607
v 0 1.90224331 -3.0991473e-07
v -0.672273617 1.90224331 -0.142469186
v -0.90101799 1.90224331 -0.142469186
v 0 1.90224331 -0.142469186
v -0.645770365 1.75893605 -2.86567065e-07
v 0 1.75893605 -2.86567065e-07
v -0.645770365 1.75893604 0.16680463
v -0.645770365 1.75893605 -0.16680514
v 0 1.75893605 -0.16680514
v 0.645770365 1.75893605 -0.16680514
v 0.645770365 1.75893605 -2.86567065e-07
v 0 1.75893604 0.16680463
v -0.90101799 1.89859661 0.37759758
v -0.90101799 1.9022433 0.142468607
v -0.913811754 1.86755879 0.376034004
v -0.90101799 1.90224331 -3.0991473e-07
v -0.913811754 1.87105611 -3.04833698e-07
v -0.913811754 1.8710561 0.14246864
v -0.918076281 1.63174233 0.368890121
v -0.918076281 1.630285 0.142468537
v -0.918076281 1.63028502 -0.142469139
v -0.918076281 1.63028501 -2.65607134e-07
v -0.913811754 1.87105612 -0.142469152
v -0.913811754 1.50075774 0.915321028
v -0.918076281 1.51618567 0.670936956
v -0.918076281 1.42339232 0.690350185
v -0.90101799 1.41102919 0.956183175
v -0.90101799 1.51115037 0.944444324
v -0.913811754 1.40577485 0.925634583
v -0.90101799 1.28704203 0.960782785
v -0.918076281 1.36472831 0.689938957
v -0.913811754 1.28481123 0.929823574
v -0.90101799 1.13496972 0.960782872
v -0.913811754 1.18368003 0.92982357
v -0.918076281 1.17838464 0.690813507
v -0.918076281 1.26758811 0.690813511
v -0.90101799 1.18436595 0.960782874
v -0.601620181 0.84993305 0.783490613
v -0.90101799 0.854947843 0.929823648
v -0.913811754 0.869992055 0.929823649
v -0.910494849 0.858848222 0.921353456
v -0.90101799 0.869992054 0.96078286
v -0.672273617 0.869992054 0.96078286
v -0.90101799 0.869992054 0.96078286
v -0.913811754 0.854947617 -0.296449507
v -0.642667059 0.869992054 0.96078286
v -0.8962919 1.13619032 0.666035435
v -0.918076281 1.11671739 0.690813505
v -0.918076281 1.13474621 0.690813505
v -0.918076281 1.11671739 0.664639149
v -0.918076281 1.11671739 0.664639149
v -0.8962919 1.13619032 0.666035435
v -0.781923253 1.140244 0.659065278
v 0 1.11671738 0.960782871
v 0 0.869992054 0.96078286
v 0.642667059 0.869992054 0.96078286
v 0.642667059 1.11671738 0.960782871
v 0 0.854947843 0.929823648
v 8.15768807e-10 0.84993305 0.783490613
v 0.601620181 0.84993305 0.783490613
v 0.642667059 0.854947843 0.929823648
v 0 1.13878218 0.939553001
v -0.636041258 1.14046843 0.939553001
v 0 1.13326605 0.955475358
v 0.636041211 1.14043454 0.898680793
v 0 1.13878218 0.898680793
v -0.636041211 1.14043454 0.898680793
v 0 1.13878219 0.818523721
v -0.636041258 1.14036814 0.818523721
v 0.636041258 1.14046843 0.939553001
v 0.643784273 1.13633951 0.957386059
v -0.643784273 1.13633951 0.957386059
v 0 0.869992054 0.96078286
v 0.642667059 0.869992054 0.96078286
v -0.918076281 1.63028501 -2.65607134e-07
v -0.884038117 1.61344 -0.14246914
v -0.918076281 1.17838464 0.690813507
v -0.65239612 1.18424823 0.95547536
v -0.636041258 1.14046843 0.939553001
v -0.645770365 1.18389554 0.939553003
v -0.645770365 1.28551224 0.939552915
v -0.65239612 1.28665963 0.955475271
v -0.643784273 1.13633951 0.957386059
v -0.645770365 1.18299002 0.898680795
v -0.645770365 1.28256693 0.898680519
v -0.645770365 1.40016541 0.894942289
v -0.645770365 1.38615115 0.816000593
v -0.636041211 1.14043454 0.898680793
v -0.645770365 1.27679087 0.818523727
v -0.645770365 1.46313697 0.810853363
v 0 1.13326605 0.955475358
v 0.643784273 1.13633951 0.957386059
v -0.645770365 1.57567874 0.786212062
v -0.65239612 1.74704749 0.835990237
v -0.65239612 1.85010393 0.701013335
v -0.645770365 1.8773129 0.376525487
v -0.645770365 1.8284369 0.538566369
v -0.645770365 1.83633676 0.374461372
v -0.645770365 1.88085697 0.166804589
v -0.65239612 1.89327577 0.377329638
v -0.645770365 1.83968376 0.16680461
v -0.65239612 1.88339387 0.546308363
v -0.645770365 1.86796577 0.544232119
v -0.65239612 1.89689677 0.156082249
v -0.645770365 1.75077987 0.524712105
v -0.645770365 1.75602677 0.370890864
v -0.645770365 1.75893604 0.16680463
v 0.672273617 1.90224331 -3.0991473e-07
v 0.65239612 1.89689677 0.156082249
v 0.672273617 1.9022433 0.142468607
v 0 1.89689677 0.156082249
v -0.645770365 1.83968376 0.16680461
v 0 1.83968376 0.16680461
v -0.645770365 1.88085697 0.166804589
v 0 1.75893604 0.16680463
v 0 1.88085697 0.166804589
v -0.636041258 1.14036814 0.818523721
v -0.645770365 1.18121399 0.818523723
v -0.918076281 1.13474621 0.690813505
v -0.8962919 1.13619032 0.666035435
v -0.645770365 1.75893604 0.16680463
v -0.645770365 1.88085697 0.166804589
v 0 1.89689677 0.156082249
v -0.65239612 1.89689677 0.156082249
v 0 1.88085697 0.166804589
v 0.645770365 1.88085697 0.166804589
v 0.65239612 1.89689677 0.156082249
v 0.884038117 1.13326607 0.52823853
v 0.918076281 1.11671731 0.296449058
v 0.884038117 1.13326589 0.296449059
v 0.781923253 1.13878212 0.296449059
v 0.781923253 1.1387822 0.528238531
v 0.884038117 1.13326591 -1.84632458e-07
v 0.781923253 1.13878222 -1.85531154e-07
v 0.918076281 1.11671733 -1.81936333e-07
v 0.918076281 1.11671734 -0.296449543
v 0.884038117 1.13326592 -0.296449542
v 0.781923253 1.13878214 -0.296449542
v 0.672273617 1.28704203 0.960782785
v 0.90101799 1.28704203 0.960782785
v 0.672273617 1.41102919 0.956183175
v 0.652396167 1.41012851 0.950946348
v 0.65239612 1.28665963 0.955475271
v 0.672273617 1.18436595 0.960782874
v 0.90101799 1.18436595 0.960782874
v 0.65239612 1.50909103 0.939502819
v 0.90101799 1.41102919 0.956183175
v 0.672273617 1.51099968 0.944408561
v 0.65239612 1.18424823 0.95547536
v 0.672273617 1.13496972 0.960782872
v 0.918076281 0.869992066 0.690813587
v 0.910494849 0.858848222 0.921353456
v 0.913811754 0.854947853 0.690813586
v 0.918076281 1.11671739 0.664639149
v 0.918076281 1.11671739 0.690813505
v 0.913811754 0.854947761 0.664639324
v 0.918076281 0.869991974 0.664639185
v 0.918076281 0.869991887 0.528238566
v 0.918076281 1.1167174 0.52823853
v 0.913811754 0.854947674 0.528238565
v 0.629335688 0.84993305 0.783490613
v 0.90101799 0.849933054 0.690813586
v 0.90101799 0.854947843 0.929823648
v 0.672273617 0.854947843 0.929823648
v 0.672273617 0.869992054 0.96078286
v 0.740823848 0.849932963 0.646691527
v 0.910494849 0.858848222 0.921353456
v 0.90101799 0.849932962 0.664639324
v 0.913811754 0.854947761 0.664639324
v 0.781923253 1.140244 0.659065278
v 0.884038024 1.17801406 0.67409161
v 0.8962919 1.13619032 0.666035435
v 0.781923253 1.17789057 0.668517738
v 0.781923253 1.26598139 0.668517742
v 0.884038117 1.26638307 0.674091614
v 0.913811754 1.11671738 0.929823567
v 0.918076281 1.13474621 0.690813505
v 0.913811754 1.13494411 0.929823567
v 0.913811754 0.869992055 0.929823649
v 0.90101799 1.11671738 0.960782871
v 0.90101799 0.869992054 0.96078286
v 0.672273617 1.11671738 0.960782871
v 0.90101799 1.11671738 0.960782871
v 0.672273617 0.869992054 0.96078286
v 0.90101799 0.869992054 0.96078286
v 0.90101799 1.13496972 0.960782872
v 0.918076281 1.11671731 0.296449058
v 0.918076281 0.869991897 0.296449094
v 0.918076281 0.86999191 -1.41739668e-07
v 0.918076281 1.11671733 -1.81936333e-07
v 0.913811754 0.854947684 0.296449093
v 0.913811754 0.854947697 -1.39288647e-07
v 0.918076281 0.86999183 -0.296449507
v 0.918076281 1.11671734 -0.296449543
v 0.918076281 1.1167174 0.52823853
v 0.8962919 1.13619032 0.666035435
v 0.918076281 1.11671739 0.664639149
v 0.90101799 0.849932898 -1.38471636e-07
v 0.901017897 0.849932978 0.296449093
v 0.740823848 0.849932979 0.277515096
v 0.913811754 0.854947684 0.296449093
v 0.913811754 0.854947617 -0.296449507
v 0.913811754 0.854947697 -1.39288647e-07
v 0.740823848 0.849932817 -0.277515487
v 0.901017897 0.849932818 -0.296449508
v 0.740823848 0.849932898 -1.38471636e-07
v 0.740823848 0.849932969 0.494500287
v 0.90101799 0.849932968 0.528238565
v 0.740823848 0.849932964 0.622189129
v 0.913811754 0.854947674 0.528238565
v 0.645770365 1.6340287 0.894338336
v 0.65239612 1.50909103 0.939502819
v 0.65239612 1.64185162 0.908477583
v 0.645770365 1.71060782 0.793875829
v 0.645770365 1.61408517 0.85794523
v 0.645770365 1.50364093 0.924603055
v 0.65239612 1.74704749 0.835990237
v 0.645770365 1.73683144 0.824183488
v 0.645770365 1.48943314 0.886202482
v 0.884038024 1.36228396 0.673474757
v 0.781923253 1.36148722 0.667976228
v 0.781923253 1.41689206 0.66923822
v 0.884038117 1.41850428 0.674519191
v 0.884038117 1.50852303 0.65575556
v 0.918076281 1.42339232 0.690350185
v 0.918076281 1.36472831 0.689938957
v 0.781923253 1.50597409 0.650690608
v 0.781923253 1.56293416 0.623204581
v 0.884038117 1.56651043 0.627337791
v 0.918076281 1.51618567 0.670936956
v 0.918076281 1.61474773 0.58886062
v 0.918076281 1.57723908 0.639737466
v 0.884038024 1.60003972 0.58121162
v 0.65239612 1.74704749 0.835990237
v 0.672273617 1.85491384 0.702792487
v 0.65239612 1.85010393 0.701013335
v 0.672273617 1.64448783 0.913193056
v 0.672273617 1.75045259 0.83992582
v 0.90101799 1.51115037 0.944444324
v 0.901017897 1.64448783 0.913193056
v 0.65239612 1.64185162 0.908477583
v 0.90101799 1.75045259 0.83992582
v 0.90101799 1.85488441 0.703056331
v 0.913811754 1.82702371 0.69070513
v 0.918076281 1.57723908 0.639737466
v 0.918076281 1.61474773 0.58886062
v 0.90101799 1.88852677 0.545918139
v 0.90101799 1.85488441 0.703056331
v 0.90101799 1.75045259 0.83992582
v 0.913811754 1.73058916 0.816968718
v 0.913811754 1.62925847 0.88568635
v 0.918076281 1.51618567 0.670936956
v 0.913811754 1.85821427 0.540447503
v 0.901017897 1.64448783 0.913193056
v 0.645770365 1.72757243 0.645148411
v 0.645770365 1.6591787 0.734437562
v 0.645770365 1.79906969 0.678298841
v 0.781923253 1.59513855 0.578649226
v 0.884038117 1.61337198 0.499503758
v 0.918076281 1.62929779 0.503093681
v 0.781923253 1.60809902 0.498354505
v 0.884038024 1.61539687 0.368190162
v 0.918076281 1.63174233 0.368890121
v 0.781923253 1.61011031 0.368142617
v 0.918076281 1.630285 0.142468537
v 0.884038117 1.61343999 0.142468536
v 0.90101799 1.88852677 0.545918139
v 0.672273617 1.89859661 0.37759758
v 0.672273617 1.88854483 0.546893234
v 0.65239612 1.89327577 0.377329638
v 0.90101799 1.9022433 0.142468607
v 0.65239612 1.88339387 0.546308363
v 0.90101799 1.89859661 0.37759758
v 0.781923253 1.60782505 -2.61947936e-07
v 0.884038117 1.61343999 -2.62862704e-07
v 0.781923253 1.60782504 0.142468536
v 0.781923253 1.60782505 -0.14246914
v 0.884038117 1.61344 -0.14246914
v 0.90101799 1.90224331 -3.0991473e-07
v 0.90101799 1.90224331 -0.142469186
v 0.672273617 1.90224331 -0.142469186
v 0.645770365 1.75893604 0.16680463
v 0.913811754 1.86755879 0.376034004
v 0.918076281 1.63174233 0.368890121
v 0.913811754 1.8710561 0.14246864
v 0.90101799 1.9022433 0.142468607
v 0.90101799 1.89859661 0.37759758
v 0.918076281 1.62929779 0.503093681
v 0.913811754 1.87105611 -3.04833698e-07
v 0.90101799 1.90224331 -3.0991473e-07
v 0.918076281 1.630285 0.142468537
v 0.918076281 1.63028501 -2.65607134e-07
v 0.918076281 1.63028502 -0.142469139
v 0.913811754 1.87105612 -0.142469152
v 0.90101799 1.90224331 -0.142469186
v 0.90101799 1.41102919 0.956183175
v 0.90101799 1.28704203 0.960782785
v 0.913811754 1.40577485 0.925634583
v 0.913811754 1.50075774 0.915321028
v 0.90101799 1.51115037 0.944444324
v 0.918076281 1.42339232 0.690350185
v 0.90101799 1.13496972 0.960782872
v 0.913811754 1.18368003 0.92982357
v 0.918076281 1.17838464 0.690813507
v 0.90101799 1.18436595 0.960782874
v 0.913811754 1.28481123 0.929823574
v 0.918076281 1.36472831 0.689938957
v 0.918076281 1.26758811 0.690813511
v 0.913811754 0.854947853 0.690813586
v 0.913811754 0.869992055 0.929823649
v 0.90101799 0.854947843 0.929823648
v 0.910494849 0.858848222 0.921353456
v 0.90101799 0.869992054 0.96078286
v 0.90101799 0.869992054 0.96078286
v 0.918076281 1.13474621 0.690813505
v 0.918076281 1.11671739 0.690813505
v 0.8962919 1.13619032 0.666035435
v 0.918076281 1.11671739 0.664639149
v 0.8962919 1.13619032 0.666035435
v 0.781923253 1.140244 0.659065278
v 0.636041258 1.14036814 0.818523721
v 0.918076281 1.63028501 -2.65607134e-07
v 0.918076281 1.63028502 -0.142469139
v 0.918076281 1.17838464 0.690813507
v 0.918076281 1.26758811 0.690813511
v 0.918076281 1.13474621 0.690813505
v 0.8962919 1.13619032 0.666035435
v 0.645770365 1.18389554 0.939553003
v 0.645770365 1.28256693 0.898680519
v 0.645770365 1.18299002 0.898680795
v 0.636041258 1.14046843 0.939553001
v 0.65239612 1.18424823 0.95547536
v 0.636041211 1.14043454 0.898680793
v 0.65239612 1.28665963 0.955475271
v 0.645770365 1.28551224 0.939552915
v 0.643784273 1.13633951 0.957386059
v 0.645770365 1.40738921 0.935225064
v 0.652396167 1.41012851 0.950946348
v 0.645770365 1.40016541 0.894942289
v 0.645770365 1.38615115 0.816000593
v 0.645770365 1.27679087 0.818523727
v 0.645770365 1.18121399 0.818523723
v 0.645770365 1.46313697 0.810853363
v 0.645770365 1.57567874 0.786212062
v 0.645770365 1.83574815 0.694745859
v 0.65239612 1.89327577 0.377329638
v 0.645770365 1.88085697 0.166804589
v 0.645770365 1.8773129 0.376525487
v 0.65239612 1.89689677 0.156082249
v 0.645770365 1.83633676 0.374461372
v 0.645770365 1.8284369 0.538566369
v 0.645770365 1.86796577 0.544232119
v 0.645770365 1.83968376 0.16680461
v 0.645770365 1.75602677 0.370890864
v 0.645770365 1.88085697 0.166804589
v 0.645770365 1.83968376 0.16680461
v 0.645770365 1.75893604 0.16680463
v 0.65239612 1.88339387 0.546308363
v 0.65239612 1.85010393 0.701013335
v 0.645770365 1.75077987 0.524712105
v 0.636041258 1.14036814 0.818523721
v 0.645770365 1.75893604 0.16680463
v -0.884038117 1.13326584 -0.52823899
v -0.781923253 1.13878214 -0.296449542
v -0.781923253 1.13878215 -0.52823899
v -0.781923253 1.14024378 -0.659065737
v -0.8962919 1.13619019 -0.666035895
v -0.90101799 1.28704193 -0.960783325
v -0.672273617 1.41102899 -0.95618361
v -0.672273617 1.28704193 -0.960783325
v -0.672273617 1.18436566 -0.960783236
v -0.90101799 1.18436566 -0.960783236
v -0.65239612 1.50909093 -0.939503432
v -0.652396167 1.4101284 -0.950946877
v -0.90101799 1.41102899 -0.95618361
v -0.672273617 1.51099958 -0.944409081
v -0.90101799 1.13496962 -0.960783238
v -0.65239612 1.28665934 -0.955475811
v -0.65239612 1.18424813 -0.955475722
v -0.672273617 1.13496962 -0.960783238
v -0.918076281 1.11671726 -0.690813826
v -0.918076281 0.869991753 -0.664639621
v -0.918076281 1.11671726 -0.664639657
v -0.913811754 0.869991671 -0.929823945
v -0.918076281 0.869991754 -0.69081379
v -0.913811754 0.85494754 -0.664639668
v -0.918076281 1.11671726 -0.528238991
v -0.910494849 0.858847837 -0.921353753
v -0.913811754 0.854947541 -0.690813791
v -0.90101799 0.849932742 -0.690813791
v -0.913811754 0.85494754 -0.664639668
v -0.913811754 0.854947541 -0.690813791
v -0.910494849 0.858847837 -0.921353753
v -0.90101799 0.854947459 -0.929823946
v -0.629335688 0.849932746 -0.783491004
v -0.740823848 0.849932833 -0.646691872
v -0.672273617 0.854947459 -0.929823946
v -0.642667059 0.854947459 -0.929824039
v -0.90101799 0.849932834 -0.664639669
v -0.672273617 0.869991672 -0.960783157
v -0.884038024 1.17801394 -0.674092066
v -0.781923253 1.14024378 -0.659065737
v -0.781923253 1.17789044 -0.668518101
v -0.8962919 1.13619019 -0.666035895
v -0.913811754 1.11671727 -0.929824028
v -0.918076281 1.13474609 -0.690813825
v -0.90101799 0.869991672 -0.960783157
v -0.90101799 1.11671728 -0.960783239
v -0.672273617 1.11671728 -0.960783239
v -0.643784273 1.13633931 -0.957386519
v -0.642667059 1.11671728 -0.960783239
v 0 1.11671728 -0.960783239
v -0.642667059 0.869991672 -0.960783157
v -0.672273617 0.869991672 -0.960783157
v 0 1.13326585 -0.955475724
v -0.918076281 1.11671734 -0.296449543
v -0.918076281 0.86999184 -0.528238955
v -0.913811754 0.854947627 -0.528238956
v -0.918076281 1.11671726 -0.528238991
v -0.8962919 1.13619019 -0.666035895
v -0.918076281 1.11671726 -0.664639657
v -0.90101799 0.869991672 -0.960783157
v -0.740823848 0.849932919 -0.494500538
v -0.90101799 0.849932828 -0.528238956
v -0.740823848 0.849932832 -0.622189473
v -0.913811754 0.854947627 -0.528238956
v -0.65239612 1.50909093 -0.939503432
v -0.645770365 1.63402859 -0.894338659
v -0.645770365 1.50364073 -0.924603575
v -0.65239612 1.64185152 -0.908478185
v -0.645770365 1.7106077 -0.793876238
v -0.645770365 1.61408506 -0.857945554
v -0.652396167 1.4101284 -0.950946877
v -0.645770365 1.73683151 -0.824183988
v -0.781923253 1.41689194 -0.669238654
v -0.884038117 1.41850415 -0.674519766
v -0.884038024 1.36228384 -0.67347529
v -0.781923253 1.361487 -0.667976761
v -0.918076281 1.36472809 -0.689939443
v -0.918076281 1.2675878 -0.690813866
v -0.884038117 1.26638285 -0.674092062
v -0.781923253 1.26598117 -0.668518097
v -0.781923253 1.56293384 -0.623205143
v -0.884038024 1.6000394 -0.581212039
v -0.884038117 1.56651012 -0.627338259
v -0.884038117 1.5085229 -0.655756033
v -0.781923253 1.50597396 -0.650691082
v -0.918076281 1.42339229 -0.690350759
v -0.918076281 1.51618536 -0.670937522
v -0.918076281 1.61474759 -0.588861037
v -0.918076281 1.57723895 -0.639737934
v -0.65239612 1.74704738 -0.835990829
v -0.65239612 1.64185152 -0.908478185
v -0.672273617 1.64448772 -0.913193471
v -0.672273617 1.85491353 -0.702793023
v -0.65239612 1.8501038 -0.701014011
v -0.901017897 1.64448772 -0.913193471
v -0.672273617 1.75045267 -0.839926412
v -0.90101799 1.51115027 -0.944444844
v -0.90101799 1.85488428 -0.703056914
v -0.90101799 1.11671728 -0.960783239
v -0.913811754 1.134944 -0.92982412
v -0.90101799 1.13496962 -0.960783238
v -0.913811754 1.82702358 -0.690705668
v -0.918076281 1.57723895 -0.639737934
v -0.918076281 1.61474759 -0.588861037
v -0.913811754 1.85821394 -0.540447992
v -0.90101799 1.88852644 -0.545918673
v -0.913811754 1.62925854 -0.885686766
v -0.918076281 1.51618536 -0.670937522
v -0.913811754 1.73058905 -0.816969312
v -0.901017897 1.64448772 -0.913193471
v -0.90101799 1.75045267 -0.839926412
v -0.645770365 1.7275723 -0.645148865
v -0.645770365 1.65917858 -0.734438023
v -0.645770365 1.48943294 -0.88620319
v -0.645770365 1.57567862 -0.786212577
v -0.65239612 1.74704738 -0.835990829
v -0.645770365 1.83574802 -0.694746397
v -0.645770365 1.79906919 -0.678299382
v -0.884038117 1.61337165 -0.499504268
v -0.918076281 1.62929764 -0.503093957
v -0.781923253 1.59513841 -0.578649785
v -0.918076281 1.63174199 -0.368890677
v -0.781923253 1.60809869 -0.498355017
v -0.884038024 1.61539653 -0.368190719
v -0.781923253 1.61011016 -0.368143129
v -0.918076281 1.63028502 -0.142469139
v -0.90101799 1.89859645 -0.377598275
v -0.672273617 1.89859645 -0.377598275
v -0.90101799 1.88852644 -0.545918673
v -0.65239612 1.88339355 -0.546308897
v -0.672273617 1.88854451 -0.546893814
v -0.65239612 1.89689678 -0.156082933
v -0.65239612 1.89327543 -0.377330241
v 0 1.89689678 -0.156082933
v -0.90101799 1.75045267 -0.839926412
v -0.90101799 1.85488428 -0.703056914
v -0.913811754 1.86755845 -0.376034796
v -0.90101799 1.90224331 -0.142469186
v -0.918076281 1.62929764 -0.503093957
v -0.918076281 1.63174199 -0.368890677
v -0.90101799 1.89859645 -0.377598275
v -0.913811754 1.50075754 -0.915321642
v -0.90101799 1.41102899 -0.95618361
v -0.913811754 1.40577456 -0.925635019
v -0.90101799 1.51115027 -0.944444844
v -0.90101799 1.28704193 -0.960783325
v -0.913811754 1.28481103 -0.92982402
v -0.918076281 1.42339229 -0.690350759
v -0.918076281 1.17838442 -0.69081387
v -0.913811754 1.18367974 -0.929824118
v -0.90101799 1.18436566 -0.960783236
v -0.918076281 1.2675878 -0.690813866
v -0.918076281 1.36472809 -0.689939443
v -0.642667059 0.869991672 -0.960783157
v 0 0.854947459 -0.929823946
v -0.601620181 0.849932746 -0.783491004
v -0.90101799 0.854947459 -0.929823946
v -0.913811754 0.869991671 -0.929823945
v -0.90101799 0.869991672 -0.960783157
v -0.910494849 0.858847837 -0.921353753
v -0.90101799 0.869991672 -0.960783157
v 0 0.869991672 -0.960783157
v -0.8962919 1.13619019 -0.666035895
v -0.918076281 1.11671726 -0.690813826
v -0.918076281 1.11671726 -0.664639657
v -0.918076281 1.13474609 -0.690813825
v 0 0.869991672 -0.960783157
v 8.15768807e-10 0.849932746 -0.783491004
v -0.636041211 1.14043443 -0.898681159
v 0 1.13878208 -0.939553461
v -0.636041258 1.14046824 -0.939553461
v 0 1.13878207 -0.818524087
v 0 1.13878207 -0.898681159
v 0.636041211 1.14043443 -0.898681159
v 0.636041258 1.14046824 -0.939553461
v 0 1.13326585 -0.955475724
v 0.643784273 1.13633931 -0.957386519
v -0.643784273 1.13633931 -0.957386519
v -0.636041258 1.14036802 -0.818524087
v 0.636041258 1.14036802 -0.818524087
v -0.918076281 1.17838442 -0.69081387
v -0.8962919 1.13619019 -0.666035895
v -0.636041258 1.14046824 -0.939553461
v -0.65239612 1.18424813 -0.955475722
v -0.645770365 1.18389525 -0.939553459
v -0.645770365 1.18298972 -0.898681157
v -0.636041211 1.14043443 -0.898681159
v -0.643784273 1.13633931 -0.957386519
v -0.645770365 1.28256683 -0.898681152
v -0.65239612 1.28665934 -0.955475811
v -0.645770365 1.40738901 -0.935225686
v -0.645770365 1.28551213 -0.939553454
v -0.645770365 1.40016521 -0.894942818
v -0.645770365 1.38615094 -0.816001124
v -0.645770365 1.27679067 -0.818524081
v -0.645770365 1.46313695 -0.810853887
v -0.65239612 1.89327543 -0.377330241
v -0.65239612 1.89689678 -0.156082933
v -0.645770365 1.88085698 -0.166805181
v -0.645770365 1.86796545 -0.544232654
v -0.65239612 1.88339355 -0.546308897
v -0.645770365 1.87731256 -0.376526114
v -0.645770365 1.83633623 -0.374461979
v -0.645770365 1.82843658 -0.538566908
v -0.645770365 1.75602643 -0.370891478
v -0.645770365 1.75077973 -0.52471265
v -0.645770365 1.83968377 -0.166805148
v 0.65239612 1.89689678 -0.156082933
v 0 1.83968377 -0.166805148
v -0.645770365 1.88085698 -0.166805181
v 0 1.88085698 -0.166805181
v -0.645770365 1.83968377 -0.166805148
v 0.645770365 1.88085698 -0.166805181
v 0.645770365 1.83968377 -0.166805148
v -0.65239612 1.8501038 -0.701014011
v -0.636041258 1.14036802 -0.818524087
v -0.645770365 1.18121387 -0.818524086
v -0.645770365 1.75893605 -0.16680514
v -0.918076281 1.13474609 -0.690813825
v 0 1.75893605 -0.16680514
v -0.645770365 1.75893605 -0.16680514
v 0.645770365 1.75893605 -0.16680514
v -0.645770365 1.88085698 -0.166805181
v 0 1.89689678 -0.156082933
v 0 1.88085698 -0.166805181
v -0.65239612 1.89689678 -0.156082933
v 0.645770365 1.88085698 -0.166805181
v 0.884038117 1.13326584 -0.52823899
v 0.781923253 1.14024378 -0.659065737
v 0.781923253 1.13878215 -0.52823899
v 0.90101799 1.28704193 -0.960783325
v 0.672273617 1.28704193 -0.960783325
v 0.672273617 1.41102899 -0.95618361
v 0.90101799 1.41102899 -0.95618361
v 0.672273617 1.18436566 -0.960783236
v 0.652396167 1.4101284 -0.950946877
v 0.65239612 1.50909093 -0.939503432
v 0.672273617 1.51099958 -0.944409081
v 0.90101799 1.51115027 -0.944444844
v 0.65239612 1.28665934 -0.955475811
v 0.65239612 1.18424813 -0.955475722
v 0.918076281 0.869991754 -0.69081379
v 0.913811754 0.85494754 -0.664639668
v 0.913811754 0.854947541 -0.690813791
v 0.910494849 0.858847837 -0.921353753
v 0.913811754 0.869991671 -0.929823945
v 0.918076281 1.11671726 -0.690813826
v 0.918076281 0.869991753 -0.664639621
v 0.913811754 1.11671727 -0.929824028
v 0.918076281 1.13474609 -0.690813825
v 0.913811754 0.854947627 -0.528238956
v 0.918076281 1.11671726 -0.664639657
v 0.90101799 0.849932742 -0.690813791
v 0.629335688 0.849932746 -0.783491004
v 0.90101799 0.854947459 -0.929823946
v 0.910494849 0.858847837 -0.921353753
v 0.913811754 0.854947541 -0.690813791
v 0.740823848 0.849932833 -0.646691872
v 0.642667059 0.854947459 -0.929824039
v 0.672273617 0.854947459 -0.929823946
v 0.672273617 0.869991672 -0.960783157
v 0.90101799 0.869991672 -0.960783157
v 0.90101799 0.849932834 -0.664639669
v 0.740823848 0.849932832 -0.622189473
v 0.781923253 1.14024378 -0.659065737
v 0.884038024 1.17801394 -0.674092066
v 0.781923253 1.17789044 -0.668518101
v 0.8962919 1.13619019 -0.666035895
v 0.8962919 1.13619019 -0.666035895
v 0.918076281 1.17838442 -0.69081387
v 0.90101799 0.869991672 -0.960783157
v 0.90101799 1.11671728 -0.960783239
v 0.90101799 1.11671728 -0.960783239
v 0.672273617 0.869991672 -0.960783157
v 0.672273617 1.11671728 -0.960783239
v 0.672273617 1.13496962 -0.960783238
v 0.90101799 1.13496962 -0.960783238
v 0.643784273 1.13633931 -0.957386519
v 0.90101799 1.18436566 -0.960783236
v 0.642667059 1.11671728 -0.960783239
v 0.913811754 0.854947617 -0.296449507
v 0.918076281 0.86999184 -0.528238955
v 0.918076281 1.11671726 -0.528238991
v 0.918076281 1.11671726 -0.528238991
v 0.8962919 1.13619019 -0.666035895
v 0.642667059 0.869991672 -0.960783157
v 0.90101799 0.869991672 -0.960783157
v 0.740823848 0.849932919 -0.494500538
v 0.90101799 0.849932828 -0.528238956
v 0.913811754 0.854947627 -0.528238956
v 0.913811754 0.85494754 -0.664639668
v 0.65239612 1.50909093 -0.939503432
v 0.652396167 1.4101284 -0.950946877
v 0.645770365 1.50364073 -0.924603575
v 0.645770365 1.63402859 -0.894338659
v 0.65239612 1.64185152 -0.908478185
v 0.645770365 1.73683151 -0.824183988
v 0.645770365 1.7106077 -0.793876238
v 0.65239612 1.74704738 -0.835990829
v 0.645770365 1.61408506 -0.857945554
v 0.781923253 1.361487 -0.667976761
v 0.884038024 1.36228384 -0.67347529
v 0.781923253 1.41689194 -0.669238654
v 0.884038117 1.26638285 -0.674092062
v 0.918076281 1.2675878 -0.690813866
v 0.918076281 1.36472809 -0.689939443
v 0.884038117 1.41850415 -0.674519766
v 0.918076281 1.42339229 -0.690350759
v 0.781923253 1.56293384 -0.623205143
v 0.884038117 1.5085229 -0.655756033
v 0.884038117 1.56651012 -0.627338259
v 0.781923253 1.50597396 -0.650691082
v 0.918076281 1.51618536 -0.670937522
v 0.918076281 1.61474759 -0.588861037
v 0.884038024 1.6000394 -0.581212039
v 0.918076281 1.57723895 -0.639737934
v 0.65239612 1.64185152 -0.908478185
v 0.65239612 1.74704738 -0.835990829
v 0.672273617 1.64448772 -0.913193471
v 0.672273617 1.85491353 -0.702793023
v 0.672273617 1.75045267 -0.839926412
v 0.90101799 1.85488428 -0.703056914
v 0.90101799 1.75045267 -0.839926412
v 0.913811754 1.82702358 -0.690705668
v 0.918076281 1.57723895 -0.639737934
v 0.913811754 1.73058905 -0.816969312
v 0.913811754 1.62925854 -0.885686766
v 0.918076281 1.61474759 -0.588861037
v 0.901017897 1.64448772 -0.913193471
v 0.90101799 1.75045267 -0.839926412
v 0.645770365 1.79906919 -0.678299382
v 0.645770365 1.7275723 -0.645148865
v 0.645770365 1.48943294 -0.88620319
v 0.645770365 1.57567862 -0.786212577
v 0.645770365 1.65917858 -0.734438023
v 0.781923253 1.59513841 -0.578649785
v 0.884038117 1.61337165 -0.499504268
v 0.781923253 1.60809869 -0.498355017
v 0.918076281 1.63174199 -0.368890677
v 0.884038024 1.61539653 -0.368190719
v 0.918076281 1.62929764 -0.503093957
v 0.781923253 1.61011016 -0.368143129
v 0.90101799 1.89859645 -0.377598275
v 0.90101799 1.88852644 -0.545918673
v 0.672273617 1.89859645 -0.377598275
v 0.65239612 1.88339355 -0.546308897
v 0.65239612 1.89327543 -0.377330241
v 0.672273617 1.88854451 -0.546893814
v 0.65239612 1.8501038 -0.701014011
v 0.901017897 1.64448772 -0.913193471
v 0.90101799 1.85488428 -0.703056914
v 0.90101799 1.88852644 -0.545918673
v 0.913811754 1.86755845 -0.376034796
v 0.918076281 1.62929764 -0.503093957
v 0.913811754 1.85821394 -0.540447992
v 0.90101799 1.89859645 -0.377598275
v 0.918076281 1.63174199 -0.368890677
v 0.90101799 1.41102899 -0.95618361
v 0.913811754 1.50075754 -0.915321642
v 0.913811754 1.40577456 -0.925635019
v 0.918076281 1.51618536 -0.670937522
v 0.90101799 1.51115027 -0.944444844
v 0.913811754 1.28481103 -0.92982402
v 0.90101799 1.28704193 -0.960783325
v 0.918076281 1.42339229 -0.690350759
v 0.918076281 1.36472809 -0.689939443
v 0.913811754 1.134944 -0.92982412
v 0.918076281 1.17838442 -0.69081387
v 0.90101799 1.13496962 -0.960783238
v 0.90101799 1.18436566 -0.960783236
v 0.913811754 1.18367974 -0.929824118
v 0.918076281 1.2675878 -0.690813866
v 0.601620181 0.849932746 -0.783491004
v 0.642667059 0.869991672 -0.960783157
v 0.913811754 0.869991671 -0.929823945
v 0.90101799 0.854947459 -0.929823946
v 0.90101799 0.869991672 -0.960783157
v 0.910494849 0.858847837 -0.921353753
v 0.8962919 1.13619019 -0.666035895
v 0.918076281 1.11671726 -0.690813826
v 0.918076281 1.13474609 -0.690813825
v 0.918076281 1.11671726 -0.664639657
v 0.918076281 1.11671726 -0.664639657
v 0.8962919 1.13619019 -0.666035895
v 0.781923253 1.26598117 -0.668518097
v 0.918076281 1.13474609 -0.690813825
v 0.636041258 1.14046824 -0.939553461
v 0.645770365 1.18298972 -0.898681157
v 0.645770365 1.18389525 -0.939553459
v 0.65239612 1.18424813 -0.955475722
v 0.645770365 1.28551213 -0.939553454
v 0.645770365 1.28256683 -0.898681152
v 0.643784273 1.13633931 -0.957386519
v 0.645770365 1.40738901 -0.935225686
v 0.65239612 1.28665934 -0.955475811
v 0.645770365 1.40016521 -0.894942818
v 0.645770365 1.38615094 -0.816001124
v 0.636041211 1.14043443 -0.898681159
v 0.645770365 1.46313695 -0.810853887
v 0.645770365 1.83574802 -0.694746397
v 0.65239612 1.8501038 -0.701014011
v 0.65239612 1.89689678 -0.156082933
v 0.65239612 1.89327543 -0.377330241
v 0.645770365 1.88085698 -0.166805181
v 0.645770365 1.86796545 -0.544232654
v 0.645770365 1.87731256 -0.376526114
v 0.645770365 1.83633623 -0.374461979
v 0.645770365 1.82843658 -0.538566908
v 0.645770365 1.83968377 -0.166805148
v 0.645770365 1.75077973 -0.52471265
v 0.645770365 1.75602643 -0.370891478
v 0.645770365 1.75893605 -0.16680514
v 0.65239612 1.88339355 -0.546308897
v 0.645770365 1.18121387 -0.818524086
v 0.645770365 1.27679067 -0.818524081
v 0.636041258 1.14036802 -0.818524087
v 0.65239612 1.89689678 -0.156082933
v 0.740823848 1.57379213 -0.646692027
v 0.629335688 0.849932746 -0.783491004
v 0.740823848 0.849932833 -0.646691872
v 0.629335688 1.57379213 -0.783491159
v 0.740823848 0.849932919 -0.494500538
v 0.740823848 1.57379213 -0.622189582
v 0.740823848 0.849932832 -0.622189473
v 0.740823848 1.57379212 -0.49450074
v 0.740823848 0.849932833 -0.646691872
v 0.740823848 0.849932817 -0.277515487
v 0.740823848 1.5737923 -0.277515595
v -0.740823848 0.849932979 0.277515096
v -0.740823848 1.57379226 0.494500179
v -0.740823848 0.849932969 0.494500287
v -0.740823848 1.57379209 0.277514964
v -0.740823848 0.849932964 0.622189129
v -0.740823848 1.5737921 -2.56403299e-07
v 0.740823848 1.57379226 0.494500179
v 0.740823848 0.849932979 0.277515096
v 0.740823848 0.849932969 0.494500287
v 0.740823848 0.849932964 0.622189129
v 0.740823848 1.57379226 0.622189021
v 0.740823848 1.57379209 0.277514964
v 0.740823848 1.5737921 -2.56403299e-07
v 0.740823848 0.849932898 -1.38471636e-07
v -0.740823848 0.849932919 -0.494500538
v -0.740823848 1.57379212 -0.49450074
v -0.740823848 0.849932817 -0.277515487
v -0.740823848 1.57379213 -0.622189582
v -0.740823848 0.849932898 -1.38471636e-07
v -0.740823848 1.5737923 -0.277515595
v -0.740823848 1.57379226 0.646691419
v -0.740823848 0.849932963 0.646691527
v -0.740823848 1.57379226 0.622189021
v 0.740823848 1.57379226 0.646691419
v 0.740823848 0.849932963 0.646691527
v -0.601620181 0.84993305 0.783490613
v -0.629335688 1.57379225 0.783490552
v -0.601620181 1.57379225 0.783490552
v 8.15768807e-10 0.84993305 0.783490613
v 8.15768807e-10 1.57379225 0.783490552
v 0.601620181 0.84993305 0.783490613
v -0.740823848 0.849932833 -0.646691872
v -0.740823848 0.849932832 -0.622189473
v -0.740823848 1.57379213 -0.646692027
v 0.601620181 1.57379225 0.783490552
v 0.629335688 0.84993305 0.783490613
v 0.740823848 1.57379213 -0.646692027
v 8.15768807e-10 1.57379213 -0.783491159
v -0.601620181 1.57379213 -0.783491159
v -0.601620181 0.849932746 -0.783491004
v 8.15768807e-10 0.849932746 -0.783491004
v -0.629335688 0.849932746 -0.783491004
v 0.601620181 1.57379213 -0.783491159
v 0.601620181 0.849932746 -0.783491004
v 0.629335688 1.57379213 -0.783491159
v -0.629335688 0.84993305 0.783490613
v 0.629335688 1.57379225 0.783490552
v -0.629335688 1.57379213 -0.783491159
v -0.740823848 0.849932963 0.646691527
v -0.740823848 1.57379226 0.646691419
v -0.629335688 0.84993305 0.783490613
v -0.629335688 1.57379225 0.783490552
v 0.629335688 0.849932746 -0.783491004
v 0.629335688 0.84993305 0.783490613
v 0.740823848 1.57379226 0.646691419
v 0.740823848 0.849932963 0.646691527
v 0.629335688 1.57379225 0.783490552
v -0.629335688 0.849932746 -0.783491004
v -0.740823848 1.57379213 -0.646692027
v -0.740823848 0.849932833 -0.646691872
v -0.629335688 1.57379213 -0.783491159
v -0.740823848 1.57379213 -0.622189582
v -0.601620181 1.57379213 -0.783491159
v -0.740823848 1.57379212 -0.49450074
v -0.740823848 1.57379213 -0.646692027
v -0.629335688 1.57379213 -0.783491159
v 8.15768807e-10 1.57379213 -0.783491159
v -0.740823848 1.5737923 -0.277515595
v -0.740823848 1.57379226 0.494500179
v 8.15768807e-10 1.57379225 0.783490552
v -0.601620181 1.57379225 0.783490552
v 0.740823848 1.5737921 -2.56403299e-07
v 0.740823848 1.57379209 0.277514964
v -0.740823848 1.57379209 0.277514964
v 0.740823848 1.57379226 0.494500179
v 0.601620181 1.57379225 0.783490552
v -0.740823848 1.5737921 -2.56403299e-07
v -0.740823848 1.57379226 0.622189021
v -0.740823848 1.57379226 0.646691419
v 0.601620181 1.57379213 -0.783491159
v 0.740823848 1.57379212 -0.49450074
v 0.740823848 1.57379213 -0.622189582
v 0.740823848 1.5737923 -0.277515595
v 0.740823848 1.57379226 0.646691419
v 0.740823848 1.57379226 0.622189021
v 0.629335688 1.57379225 0.783490552
v 0.740823848 1.57379213 -0.646692027
v 0.629335688 1.57379213 -0.783491159
v -0.629335688 1.57379225 0.783490552
vt 0.5 0.5
vt 0.5 0.5
vt 0.5 0.5
vt 0.5 0.5
vt 0.5 0.5
vt 0.5 0.5
vt 0.5 0.5
vt 0.5 0.5
vt 0.5 0.5
vt 0.5 0.5
vt 0.5 0.5
vt 0.5 0.5
vt 0.5 0.5
vt 0.5 0.5
vt 0.5 0.5
vt 0.5 0.5
vt 0.5 0.5
vt 0.5 0.5
vt 0.5 0.5
vt 0.5 0.5
vt 0.5 0.5
vt 0.5 0.5
vt 0.5 0.5
vt 0.5 0.5
vt 0.5 0.5
vt 0.5 0.5
vt 0.5 0.5
vt 0.5 0.5
vt 0.5 0.5
vt 0.5 0.5
vt 0.5 0.5
vt 0.5 0.5
vt 0.5 0.5
vt 0.5 0.5
vt 0.5 0.5
vt 0.5 0.5
vt 0.5 0.5
vt 0.5 0.5
vt 0.5 0.5
vt 0.5 0.5
vt 0.5 0.5
vt 0.5 0.5
vt 0.5 0.5
vt 0.5 0.5
vt 0.5 0.5
vt 0.5 0.5
vt 0.5 0.5
vt 0.5 0.5
vt 0.5 0.5
vt 0.5 0.5
vt 0.5 0.5
vt 0.5 0.5
vt 0.5 0.5
vt 0.5 0.5
vt 0.5 0.5
vt 0.5 0.5
vt 0.5 0.5
vt 0.5 0.5
vt 0.5 0.5
vt 0.5 0.5
vt 0.5 0.5
vt 0.5 0.5
vt 0.5 0.5
vt 0.5 0.5
vt 0.5 0.5
vt 0.5 0.5
vt 0.5 0.5
vt 0.5 0.5
vt 0.5 0.5
vt 0.5 0.5
vt 0.5 0.5
vt 0.5 0.5
vt 0.5 0.5
vt 0.5 0.5
vt 0.5 0.5
vt 0.5 0.5
vt 0.5 0.5
vt 0.5 0.5
vt 0.5 0.5
vt 0.5 0.5
vt 0.5 0.5
vt 0.5 0.5
vt 0.5 0.5
vt 0.5 0.5
vt 0.5 0.5
vt 0.5 0.5
vt 0.5 0.5
vt 0.5 0.5
vt 0.5 0.5
vt 0.5 0.5
vt 0.5 0.5
vt 0.5 0.5
vt 0.5 0.5
vt 0.5 0.5
vt 0.5 0.5
vt 0.5 0.5
vt 0.5 0.5
vt 0.5 0.5
vt 0.5 0.5
vt 0.5 0.5
vt 0.5 0.5
vt 0.5 0.5
vt 0.5 0.5
vt 0.5 0.5
vt 0.5 0.5
vt 0.5 0.5
vt 0.5 0.5
vt 0.5 0.5
vt 0.5 0.5
vt 0.5 0.5
vt 0.5 0.5
vt 0.5 0.5
vt 0.5 0.5
vt 0.5 0.5
vt 0.5 0.5
vt 0.5 0.5
vt 0.5 0.5
vt 0.5 0.5
vt 0.5 0.5
vt 0.5 0.5
vt 0.5 0.5
vt 0.5 0.5
vt 0.5 0.5
vt 0.5 0.5
vt 0.5 0.5
vt 0.5 0.5
vt 0.5 0.5
vt 0.5 0.5
vt 0.5 0.5
vt 0.5 0.5
vt 0.5 0.5
vt 0.5 0.5
vt 0.5 0.5
vt 0.5 0.5
vt 0.5 0.5
vt 0.5 0.5
vt 0.5 0.5
vt 0.5 0.5
vt 0.5 0.5
vt 0.5 0.5
vt 0.5 0.5
vt 0.5 0.5
vt 0.5 0.5
vt 0.5 0.5
vt 0.5 0.5
vt 0.5 0.5
vt 0.5 0.5
vt 0.5 0.5
vt 0.5 0.5
vt 0.5 0.5
vt 0.5 0.5
vt 0.5 0.5
vt 0.5 0.5
vt 0.5 0.5
vt 0.5 0.5
vt 0.5 0.5
vt 0.5 0.5
vt 0.5 0.5
vt 0.5 0.5
vt 0.5 0.5
vt 0.5 0.5
vt 0.5 0.5
vt 0.5 0.5
vt 0.5 0.5
vt 0.5 0.5
vt 0.5 0.5
vt 0.5 0.5
vt 0.5 0.5
vt 0.5 0.5
vt 0.5 0.5
vt 0.5 0.5
vt 0.5 0.5
vt 0.5 0.5
vt 0.5 0.5
vt 0.5 0.5
vt 0.5 0.5
vt 0.5 0.5
vt 0.5 0.5
vt 0.5 0.5
vt 0.5 0.5
vt 0.5 0.5
vt 0.5 0.5
vt 0.5 0.5
vt 0.5 0.5
vt 0.5 0.5
vt 0.5 0.5
vt 0.5 0.5
vt 0.5 0.5
vt 0.5 0.5
vt 0.5 0.5
vt 0.5 0.5
vt 0.5 0.5
vt 0.5 0.5
vt 0.5 0.5
vt 0.5 0.5
vt 0.5 0.5
vt 0.5 0.5
vt 0.5 0.5
vt 0.5 0.5
vt 0.5 0.5
vt 0.5 0.5
vt 0.5 0.5
vt 0.5 0.5
vt 0.5 0.5
vt 0.5 0.5
vt 0.5 0.5
vt 0.5 0.5
vt 0.5 0.5
vt 0.5 0.5
vt 0.5 0.5
vt 0.5 0.5
vt 0.5 0.5
vt 0.5 0.5
vt 0.5 0.5
vt 0.5 0.5
vt 0.5 0.5
vt 0.5 0.5
vt 0.5 0.5
vt 0.5 0.5
vt 0.5 0.5
vt 0.5 0.5
vt 0.5 0.5
vt 0.5 0.5
vt 0.5 0.5
vt 0.5 0.5
vt 0.5 0.5
vt 0.5 0.5
vt 0.5 0.5
vt 0.5 0.5
vt 0.5 0.5
vt 0.5 0.5
vt 0.5 0.5
vt 0.5 0.5
vt 0.5 0.5
vt 0.5 0.5
vt 0.5 0.5
vt 0.5 0.5
vt 0.5 0.5
vt 0.5 0.5
vt 0.5 0.5
vt 0.5 0.5
vt 0.5 0.5
vt 0.5 0.5
vt 0.5 0.5
vt 0.5 0.5
vt 0.5 0.5
vt 0.5 0.5
vt 0.5 0.5
vt 0.5 0.5
vt 0.5 0.5
vt 0.5 0.5
vt 0.5 0.5
vt 0.5 0.5
vt 0.5 0.5
vt 0.5 0.5
vt 0.5 0.5
vt 0.5 0.5
vt 0.5 0.5
vt 0.5 0.5
vt 0.5 0.5
vt 0.5 0.5
vt 0.5 0.5
vt 0.5 0.5
vt 0.5 0.5
vt 0.5 0.5
vt 0.5 0.5
vt 0.5 0.5
vt 0.5 0.5
vt 0.5 0.5
vt 0.5 0.5
vt 0.5 0.5
vt 0.5 0.5
vt 0.5 0.5
vt 0.5 0.5
vt 0.5 0.5
vt 0.5 0.5
vt 0.5 0.5
vt 0.5 0.5
vt 0.5 0.5
vt 0.5 0.5
vt 0.5 0.5
vt 0.5 0.5
vt 0.5 0.5
vt 0.5 0.5
vt 0.5 0.5
vt 0.5 0.5
vt 0.5 0.5
vt 0.5 0.5
vt 0.5 0.5
vt 0.5 0.5
vt 0.5 0.5
vt 0.5 0.5
vt 0.5 0.5
vt 0.5 0.5
vt 0.5 0.5
vt 0.5 0.5
vt 0.5 0.5
vt 0.5 0.5
vt 0.5 0.5
vt 0.5 0.5
vt 0.5 0.5
vt 0.5 0.5
vt 0.5 0.5
vt 0.5 0.5
vt 0.5 0.5
vt 0.5 0.5
vt 0.5 0.5
vt 0.5 0.5
vt 0.5 0.5
vt 0.5 0.5
vt 0.5 0.5
vt 0.5 0.5
vt 0.5 0.5
vt 0.5 0.5
vt 0.5 0.5
vt 0.5 0.5
vt 0.5 0.5
vt 0.5 0.5
vt 0.5 0.5
vt 0.5 0.5
vt 0.5 0.5
vt 0.5 0.5
vt 0.5 0.5
vt 0.5 0.5
vt 0.5 0.5
vt 0.5 0.5
vt 0.5 0.5
vt 0.5 0.5
vt 0.5 0.5
vt 0.5 0.5
vt 0.5 0.5
vt 0.5 0.5
vt 0.5 0.5
vt 0.5 0.5
vt 0.5 0.5
vt 0.5 0.5
vt 0.5 0.5
vt 0.5 0.5
vt 0.5 0.5
vt 0.5 0.5
vt 0.5 0.5
vt 0.5 0.5
vt 0.5 0.5
vt 0.5 0.5
vt 0.5 0.5
vt 0.5 0.5
vt 0.5 0.5
vt 0.5 0.5
vt 0.5 0.5
vt 0.5 0.5
vt 0.5 0.5
vt 0.5 0.5
vt 0.5 0.5
vt 0.5 0.5
vt 0.5 0.5
vt 0.5 0.5
vt 0.5 0.5
vt 0.5 0.5
vt 0.5 0.5
vt 0.5 0.5
vt 0.5 0.5
vt 0.5 0.5
vt 0.5 0.5
vt 0.5 0.5
vt 0.5 0.5
vt 0.5 0.5
vt 0.5 0.5
vt 0.5 0.5
vt 0.5 0.5
vt 0.5 0.5
vt 0.5 0.5
vt 0.5 0.5
vt 0.5 0.5
vt 0.5 0.5
vt 0.5 0.5
vt 0.5 0.5
vt 0.5 0.5
vt 0.5 0.5
vt 0.5 0.5
vt 0.5 0.5
vt 0.5 0.5
vt 0.5 0.5
vt 0.5 0.5
vt 0.5 0.5
vt 0.5 0.5
vt 0.5 0.5
vt 0.5 0.5
vt 0.5 0.5
vt 0.5 0.5
vt 0.5 0.5
vt 0.5 0.5
vt 0.5 0.5
vt 0.5 0.5
vt 0.5 0.5
vt 0.5 0.5
vt 0.5 0.5
vt 0.5 0.5
vt 0.5 0.5
vt 0.5 0.5
vt 0.5 0.5
vt 0.5 0.5
vt 0.5 0.5
vt 0.5 0.5
vt 0.5 0.5
vt 0.5 0.5
vt 0.5 0.5
vt 0.5 0.5
vt 0.5 0.5
vt 0.5 0.5
vt 0.5 0.5
vt 0.5 0.5
vt 0.5 0.5
vt 0.5 0.5
vt 0.5 0.5
vt 0.5 0.5
vt 0.5 0.5
vt 0.5 0.5
vt 0.5 0.5
vt 0.5 0.5
vt 0.5 0.5
vt 0.5 0.5
vt 0.5 0.5
vt 0.5 0.5
vt 0.5 0.5
vt 0.5 0.5
vt 0.5 0.5
vt 0.5 0.5
vt 0.5 0.5
vt 0.5 0.5
vt 0.5 0.5
vt 0.5 0.5
vt 0.5 0.5
vt 0.5 0.5
vt 0.5 0.5
vt 0.5 0.5
vt 0.5 0.5
vt 0.5 0.5
vt 0.5 0.5
vt 0.5 0.5
vt 0.5 0.5
vt 0.5 0.5
vt 0.5 0.5
vt 0.5 0.5
vt 0.5 0.5
vt 0.5 0.5
vt 0.5 0.5
vt 0.5 0.5
vt 0.5 0.5
vt 0.5 0.5
vt 0.5 0.5
vt 0.5 0.5
vt 0.5 0.5
vt 0.5 0.5
vt 0.5 0.5
vt 0.5 0.5
vt 0.5 0.5
vt 0.5 0.5
vt 0.5 0.5
vt 0.5 0.5
vt 0.5 0.5
vt 0.5 0.5
vt 0.5 0.5
vt 0.5 0.5
vt 0.5 0.5
vt 0.5 0.5
vt 0.5 0.5
vt 0.5 0.5
vt 0.5 0.5
vt 0.5 0.5
vt 0.5 0.5
vt 0.5 0.5
vt 0.5 0.5
vt 0.5 0.5
vt 0.5 0.5
vt 0.5 0.5
vt 0.5 0.5
vt 0.5 0.5
vt 0.5 0.5
vt 0.5 0.5
vt 0.5 0.5
vt 0.5 0.5
vt 0.5 0.5
vt 0.5 0.5
vt 0.5 0.5
vt 0.5 0.5
vt 0.5 0.5
vt 0.5 0.5
vt 0.5 0.5
vt 0.5 0.5
vt 0.5 0.5
vt 0.5 0.5
vt 0.5 0.5
vt 0.5 0.5
vt 0.5 0.5
vt 0.5 0.5
vt 0.5 0.5
vt 0.5 0.5
vt 0.5 0.5
vt 0.5 0.5
vt 0.5 0.5
vt 0.5 0.5
vt 0.5 0.5
vt 0.5 0.5
vt 0.5 0.5
vt 0.5 0.5
vt 0.5 0.5
vt 0.5 0.5
vt 0.5 0.5
vt 0.5 0.5
vt 0.5 0.5
vt 0.5 0.5
vt 0.5 0.5
vt 0.5 0.5
vt 0.5 0.5
vt 0.5 0.5
vt 0.5 0.5
vt 0.5 0.5
vt 0.5 0.5
vt 0.5 0.5
vt 0.5 0.5
vt 0.5 0.5
vt 0.5 0.5
vt 0.5 0.5
vt 0.5 0.5
vt 0.5 0.5
vt 0.5 0.5
vt 0.5 0.5
vt 0.5 0.5
vt 0.5 0.5
vt 0.5 0.5
vt 0.5 0.5
vt 0.5 0.5
vt 0.5 0.5
vt 0.5 0.5
vt 0.5 0.5
vt 0.5 0.5
vt 0.5 0.5
vt 0.5 0.5
vt 0.5 0.5
vt 0.5 0.5
vt 0.5 0.5
vt 0.5 0.5
vt 0.5 0.5
vt 0.5 0.5
vt 0.5 0.5
vt 0.5 0.5
vt 0.5 0.5
vt 0.5 0.5
vt 0.5 0.5
vt 0.5 0.5
vt 0.5 0.5
vt 0.5 0.5
vt 0.5 0.5
vt 0.5 0.5
vt 0.5 0.5
vt 0.5 0.5
vt 0.5 0.5
vt 0.5 0.5
vt 0.5 0.5
vt 0.5 0.5
vt 0.5 0.5
vt 0.5 0.5
vt 0.5 0.5
vt 0.5 0.5
vt 0.5 0.5
vt 0.5 0.5
vt 0.5 0.5
vt 0.5 0.5
vt 0.5 0.5
vt 0.5 0.5
vt 0.5 0.5
vt 0.5 0.5
vt 0.5 0.5
vt 0.5 0.5
vt 0.5 0.5
vt 0.5 0.5
vt 0.5 0.5
vt 0.5 0.5
vt 0.5 0.5
vt 0.5 0.5
vt 0.5 0.5
vt 0.5 0.5
vt 0.5 0.5
vt 0.5 0.5
vt 0.5 0.5
vt 0.5 0.5
vt 0.5 0.5
vt 0.5 0.5
vt 0.5 0.5
vt 0.5 0.5
vt 0.5 0.5
vt 0.5 0.5
vt 0.5 0.5
vt 0.5 0.5
vt 0.5 0.5
vt 0.5 0.5
vt 0.5 0.5
vt 0.5 0.5
vt 0.5 0.5
vt 0.5 0.5
vt 0.5 0.5
vt 0.5 0.5
vt 0.5 0.5
vt 0.5 0.5
vt 0.5 0.5
vt 0.5 0.5
vt 0.5 0.5
vt 0.5 0.5
vt 0.5 0.5
vt 0.5 0.5
vt 0.5 0.5
vt 0.5 0.5
vt 0.5 0.5
vt 0.5 0.5
vt 0.5 0.5
vt 0.5 0.5
vt 0.5 0.5
vt 0.5 0.5
vt 0.5 0.5
vt 0.5 0.5
vt 0.5 0.5
vt 0.5 0.5
vt 0.5 0.5
vt 0.5 0.5
vt 0.5 0.5
vt 0.5 0.5
vt 0.5 0.5
vt 0.5 0.5
vt 0.5 0.5
vt 0.5 0.5
vt 0.5 0.5
vt 0.5 0.5
vt 0.5 0.5
vt 0.5 0.5
vt 0.5 0.5
vt 0.5 0.5
vt 0.5 0.5
vt 0.5 0.5
vt 0.5 0.5
vt 0.5 0.5
vt 0.5 0.5
vt 0.5 0.5
vt 0.5 0.5
vt 0.5 0.5
vt 0.5 0.5
vt 0.5 0.5
vt 0.5 0.5
vt 0.5 0.5
vt 0.5 0.5
vt 0.5 0.5
vt 0.5 0.5
vt 0.5 0.5
vt 0.5 0.5
vt 0.5 0.5
vt 0.5 0.5
vt 0.5 0.5
vt 0.5 0.5
vt 0.5 0.5
vt 0.5 0.5
vt 0.5 0.5
vt 0.5 0.5
vt 0.5 0.5
vt 0.5 0.5
vt 0.5 0.5
vt 0.5 0.5
vt 0.5 0.5
vt 0.5 0.5
vt 0.5 0.5
vt 0.5 0.5
vt 0.5 0.5
vt 0.5 0.5
vt 0.5 0.5
vt 0.5 0.5
vt 0.5 0.5
vt 0.5 0.5
vt 0.5 0.5
vt 0.5 0.5
vt 0.5 0.5
vt 0.5 0.5
vt 0.5 0.5
vt 0.5 0.5
vt 0.5 0.5
vt 0.5 0.5
vt 0.5 0.5
vt 0.5 0.5
vt 0.5 0.5
vt 0.5 0.5
vt 0.5 0.5
vt 0.5 0.5
vt 0.5 0.5
vt 0.5 0.5
vt 0.5 0.5
vt 0.5 0.5
vt 0.5 0.5
vt 0.5 0.5
vt 0.5 0.5
vt 0.5 0.5
vt 0.5 0.5
vt 0.5 0.5
vt 0.5 0.5
vt 0.5 0.5
vt 0.5 0.5
vt 0.5 0.5
vt 0.5 0.5
vt 0.5 0.5
vt 0.5 0.5
vt 0.5 0.5
vt 0.5 0.5
vt 0.5 0.5
vt 0.5 0.5
vt 0.5 0.5
vt 0.5 0.5
vt 0.5 0.5
vt 0.5 0.5
vt 0.5 0.5
vt 0.5 0.5
vt 0.5 0.5
vt 0.5 0.5
vt 0.5 0.5
vt 0.5 0.5
vt 0.5 0.5
vt 0.5 0.5
vt 0.5 0.5
vt 0.5 0.5
vt 0.5 0.5
vt 0.5 0.5
vt 0.5 0.5
vt 0.5 0.5
vt 0.5 0.5
vt 0.5 0.5
vt 0.5 0.5
vt 0.5 0.5
vt 0.5 0.5
vt 0.5 0.5
vt 0.5 0.5
vt 0.5 0.5
vt 0.5 0.5
vt 0.5 0.5
vt 0.5 0.5
vt 0.5 0.5
vt 0.5 0.5
vt 0.5 0.5
vt 0.5 0.5
vt 0.5 0.5
vt 0.5 0.5
vt 0.5 0.5
vt 0.5 0.5
vt 0.5 0.5
vt 0.5 0.5
vt 0.5 0.5
vt 0.5 0.5
vt 0.5 0.5
vt 0.5 0.5
vt 0.5 0.5
vt 0.5 0.5
vt 0.5 0.5
vt 0.5 0.5
vt 0.5 0.5
vt 0.5 0.5
vt 0.5 0.5
vt 0.5 0.5
vt 0.5 0.5
vt 0.5 0.5
vt 0.5 0.5
vt 0.5 0.5
vt 0.5 0.5
vt 0.5 0.5
vt 0.5 0.5
vt 0.5 0.5
vt 0.5 0.5
vt 0.5 0.5
vt 0.5 0.5
vt 0.5 0.5
vt 0.5 0.5
vt 0.5 0.5
vt 0.5 0.5
vt 0.5 0.5
vt 0.5 0.5
vt 0.5 0.5
vt 0.5 0.5
vt 0.5 0.5
vt 0.5 0.5
vt 0.5 0.5
vt 0.5 0.5
vt 0.5 0.5
vt 0.5 0.5
vt 0.5 0.5
vt 0.5 0.5
vt 0.5 0.5
vt 0.5 0.5
vt 0.5 0.5
vt 0.5 0.5
vt 0.5 0.5
vt 0.5 0.5
vt 0.5 0.5
vt 0.5 0.5
vt 0.5 0.5
vt 0.5 0.5
vt 0.5 0.5
vt 0.5 0.5
vt 0.5 0.5
vt 0.5 0.5
vt 0.5 0.5
vt 0.5 0.5
vt 0.5 0.5
vt 0.5 0.5
vt 0.5 0.5
vt 0.5 0.5
vt 0.5 0.5
vt 0.5 0.5
vt 0.5 0.5
vt 0.5 0.5
vt 0.5 0.5
vt 0.5 0.5
vt 0.5 0.5
vt 0.5 0.5
vt 0.5 0.5
vt 0.5 0.5
vt 0.5 0.5
vt 0.5 0.5
vt 0.5 0.5
vt 0.5 0.5
vt 0.5 0.5
vt 0.5 0.5
vt 0.5 0.5
vt 0.5 0.5
vt 0.5 0.5
vt 0.5 0.5
vt 0.5 0.5
vt 0.5 0.5
vt 0.5 0.5
vt 0.5 0.5
vt 0.5 0.5
vt 0.5 0.5
vt 0.5 0.5
vt 0.5 0.5
vt 0.5 0.5
vt 0.5 0.5
vt 0.5 0.5
vt 0.5 0.5
vt 0.5 0.5
vt 0.5 0.5
vt 0.5 0.5
vt 0.5 0.5
vt 0.5 0.5
vt 0.5 0.5
vt 0.5 0.5
vt 0.5 0.5
vt 0.5 0.5
vt 0.5 0.5
vt 0.5 0.5
vt 0.5 0.5
vt 0.5 0.5
vt 0.5 0.5
vt 0.5 0.5
vt 0.5 0.5
vt 0.5 0.5
vt 0.5 0.5
vt 0.5 0.5
vt 0.5 0.5
vt 0.5 0.5
vt 0.5 0.5
vt 0.5 0.5
vt 0.5 0.5
vt 0.5 0.5
vt 0.5 0.5
vt 0.5 0.5
vt 0.5 0.5
vt 0.5 0.5
vt 0.5 0.5
vt 0.5 0.5
vt 0.5 0.5
vt 0.5 0.5
vt 0.5 0.5
vt 0.5 0.5
vt 0.5 0.5
vt 0.5 0.5
vt 0.5 0.5
vt 0.5 0.5
vt 0.5 0.5
vt 0.5 0.5
vt 0.5 0.5
vt 0.5 0.5
vt 0.5 0.5
vt 0.5 0.5
vt 0.5 0.5
vt 0.5 0.5
vt 0.5 0.5
vt 0.5 0.5
vt 0.5 0.5
vt 0.5 0.5
vt 0.5 0.5
vt 0.5 0.5
vt 0.5 0.5
vt 0.5 0.5
vt 0.5 0.5
vt 0.5 0.5
vt 0.5 0.5
vt 0.5 0.5
vt 0.5 0.5
vt 0.5 0.5
vt 0.5 0.5
vt 0.5 0.5
vt 0.5 0.5
vt 0.5 0.5
vt 0.5 0.5
vt 0.5 0.5
vt 0.5 0.5
vt 0.5 0.5
vt 0.5 0.5
vt 0.5 0.5
vt 0.5 0.5
vt 0.5 0.5
vt 0.5 0.5
vt 0.5 0.5
vt 0.5 0.5
vt 0.5 0.5
vt 0.5 0.5
vt 0.5 0.5
vt 0.5 0.5
vt 0.5 0.5
vt 0.5 0.5
vt 0.5 0.5
vt 0.5 0.5
vt 0.5 0.5
vt 0.5 0.5
vt 0.5 0.5
vt 0.5 0.5
vt 0.5 0.5
vt 0.5 0.5
vt 0.5 0.5
vt 0.5 0.5
vt 0.5 0.5
vt 0.5 0.5
vt 0.5 0.5
vt 0.5 0.5
vt 0.5 0.5
vt 0.5 0.5
vt 0.5 0.5
vt 0.5 0.5
vt 0.5 0.5
vt 0.5 0.5
vt 0.5 0.5
vt 0.5 0.5
vt 0.5 0.5
vt 0.5 0.5
vt 0.5 0.5
vt 0.5 0.5
vt 0.5 0.5
vt 0.5 0.5
vt 0.5 0.5
vt 0.5 0.5
vt 0.5 0.5
vt 0.5 0.5
vt 0.5 0.5
vt 0.5 0.5
vt 0.5 0.5
vt 0.5 0.5
vt 0.5 0.5
vt 0.5 0.5
vt 0.5 0.5
vt 0.5 0.5
vt 0.5 0.5
vt 0.5 0.5
vt 0.5 0.5
vt 0.5 0.5
vt 0.5 0.5
vt 0.5 0.5
vt 0.5 0.5
vt 0.5 0.5
vt 0.5 0.5
vt 0.5 0.5
vt 0.5 0.5
vt 0.5 0.5
vt 0.5 0.5
vt 0.5 0.5
vt 0.5 0.5
vt 0.5 0.5
vt 0.5 0.5
vt 0.5 0.5
vt 0.5 0.5
vt 0.5 0.5
vt 0.5 0.5
vt 0.5 0.5
vt 0.5 0.5
vt 0.5 0.5
vt 0.5 0.5
vt 0.5 0.5
vt 0.5 0.5
vt 0.5 0.5
vt 0.5 0.5
vt 0.5 0.5
vt 0.5 0.5
vt 0.5 0.5
vt 0.5 0.5
vt 0.5 0.5
vt 0.5 0.5
vt 0.5 0.5
vt 0.5 0.5
vt 0.5 0.5
vt 0.5 0.5
vt 0.5 0.5
vt 0.5 0.5
vt 0.5 0.5
vt 0.5 0.5
vt 0.5 0.5
vt 0.5 0.5
vt 0.5 0.5
vt 0.5 0.5
vt 0.5 0.5
vt 0.5 0.5
vt 0.5 0.5
vt 0.5 0.5
vt 0.5 0.5
vt 0.5 0.5
vt 0.5 0.5
vt 0.5 0.5
vt 0.5 0.5
vt 0.5 0.5
vt 0.5 0.5
vt 0.5 0.5
vt 0.5 0.5
vt 0.5 0.5
vt 0.5 0.5
vt 0.5 0.5
vt 0.5 0.5
vt 0.5 0.5
vt 0.5 0.5
vt 0.5 0.5
vt 0.5 0.5
vt 0.5 0.5
vt 0.5 0.5
vt 0.5 0.5
vt 0.5 0.5
vt 0.5 0.5
vt 0.5 0.5
vt 0.5 0.5
vt 0.5 0.5
vt 0.5 0.5
vt 0.5 0.5
vt 0.5 0.5
vt 0.5 0.5
vt 0.5 0.5
vt 0.5 0.5
vt 0.5 0.5
vt 0.5 0.5
vt 0.5 0.5
vt 0.5 0.5
vt 0.5 0.5
vt 0.5 0.5
vt 0.5 0.5
vt 0.5 0.5
vt 0.5 0.5
vt 0.5 0.5
vt 0.5 0.5
vt 0.5 0.5
vt 0.5 0.5
vt 0.5 0.5
vt 0.5 0.5
vt 0.5 0.5
vt 0.5 0.5
vt 0.5 0.5
vt 0.5 0.5
vt 0.5 0.5
vt 0.5 0.5
vt 0.5 0.5
vt 0.5 0.5
vt 0.5 0.5
vt 0.5 0.5
vt 0.5 0.5
vt 0.5 0.5
vt 0.5 0.5
vt 0.5 0.5
vt 0.5 0.5
vt 0.5 0.5
vt 0.5 0.5
vt 0.5 0.5
vt 0.5 0.5
vt 0.5 0.5
vt 0.5 0.5
vt 0.5 0.5
vt 0.5 0.5
vt 0.5 0.5
vt 0.5 0.5
vt 0.5 0.5
vt 0.5 0.5
vt 0.5 0.5
vt 0.5 0.5
vt 0.5 0.5
vt 0.5 0.5
vt 0.5 0.5
vt 0.5 0.5
vt 0.5 0.5
vt 0.5 0.5
vt 0.5 0.5
vt 0.5 0.5
vt 0.5 0.5
vt 0.5 0.5
vt 0.5 0.5
vt 0.5 0.5
vt 0.5 0.5
vt 0.5 0.5
vt 0.5 0.5
vt 0.5 0.5
vt 0.5 0.5
vt 0.5 0.5
vt 0.5 0.5
vt 0.5 0.5
vt 0.5 0.5
vt 0.5 0.5
vt 0.5 0.5
vt 0.5 0.5
vt 0.5 0.5
vt 0.5 0.5
vt 0.5 0.5
vt 0.5 0.5
vt 0.5 0.5
vt 0.5 0.5
vt 0.5 0.5
vt 0.5 0.5
vt 0.5 0.5
vt 0.5 0.5
vt 0.5 0.5
vt 0.5 0.5
vt 0.5 0.5
vt 0.5 0.5
vt 0.5 0.5
vt 0.5 0.5
vt 0.5 0.5
vt 0.5 0.5
vt 0.5 0.5
vt 0.5 0.5
vt 0.5 0.5
vt 0.5 0.5
vt 0.5 0.5
vt 0.5 0.5
vt 0.5 0.5
vt 0.5 0.5
vt 0.5 0.5
vt 0.5 0.5
vt 0.5 0.5
vt 0.5 0.5
vt 0.5 0.5
vt 0.5 0.5
vt 0.5 0.5
vt 0.5 0.5
vt 0.5 0.5
vt 0.5 0.5
vt 0.5 0.5
vt 0.5 0.5
vt 0.5 0.5
vt 0.5 0.5
vt 0.5 0.5
vt 0.5 0.5
vt 0.5 0.5
vt 0.5 0.5
vt 0.5 0.5
vt 0.5 0.5
vt 0.5 0.5
vt 0.5 0.5
vt 0.5 0.5
vt 0.5 0.5
vt 0.5 0.5
vt 0.5 0.5
vt 0.5 0.5
vt 0.5 0.5
vt 0.5 0.5
vt 0.5 0.5
vt 0.5 0.5
vt 0.5 0.5
vt 0.5 0.5
vt 0.5 0.5
vt 0.5 0.5
vt 0.5 0.5
vt 0.5 0.5
vt 0.5 0.5
vt 0.5 0.5
vt 0.5 0.5
vt 0.5 0.5
vt 0.5 0.5
vt 0.5 0.5
vt 0.5 0.5
vt 0.5 0.5
vt 0.5 0.5
vt 0.5 0.5
vt 0.5 0.5
vt 0.5 0.5
vt 0.5 0.5
vt 0.5 0.5
vt 0.5 0.5
vt 0.5 0.5
vt 0.5 0.5
vt 0.5 0.5
vt 0.5 0.5
vt 0.5 0.5
vt 0.5 0.5
vt 0.5 0.5
vt 0.5 0.5
vt 0.5 0.5
vt 0.5 0.5
vt 0.5 0.5
vt 0.5 0.5
vt 0.5 0.5
vt 0.5 0.5
vt 0.5 0.5
vt 0.5 0.5
vt 0.5 0.5
vt 0.5 0.5
vt 0.5 0.5
vt 0.5 0.5
vt 0.5 0.5
vt 0.5 0.5
vt 0.5 0.5
vt 0.5 0.5
vt 0.5 0.5
vt 0.5 0.5
vt 0.5 0.5
vt 0.5 0.5
vt 0.5 0.5
vt 0.5 0.5
vt 0.5 0.5
vt 0.5 0.5
vt 0.5 0.5
vt 0.5 0.5
vt 0.5 0.5
vt 0.5 0.5
vt 0.5 0.5
vt 0.5 0.5
vt 0.5 0.5
vt 0.5 0.5
vt 0.5 0.5
vt 0.5 0.5
vt 0.5 0.5
vt 0.5 0.5
vt 0.5 0.5
vt 0.5 0.5
vt 0.5 0.5
vt 0.5 0.5
vt 0.5 0.5
vt 0.5 0.5
vt 0.5 0.5
vt 0.5 0.5
vt 0.5 0.5
vt 0.5 0.5
vt 0.5 0.5
vt 0.5 0.5
vt 0.5 0.5
vt 0.5 0.5
vt 0.5 0.5
vt 0.5 0.5
vt 0.5 0.5
vt 0.5 0.5
vt 0.5 0.5
vt 0.5 0.5
vt 0.5 0.5
vt 0.5 0.5
vt 0.5 0.5
vt 0.5 0.5
vt 0.5 0.5
vt 0.5 0.5
vt 0.5 0.5
vt 0.5 0.5
vt 0.5 0.5
vt 0.5 0.5
vt 0.5 0.5
vt 0.5 0.5
vt 0.5 0.5
vt 0.5 0.5
vt 0.5 0.5
vt 0.5 0.5
vt 0.5 0.5
vt 0.5 0.5
vt 0.5 0.5
vt 0.5 0.5
vt 0.5 0.5
vt 0.5 0.5
vt 0.5 0.5
vt 0.5 0.5
vt 0.5 0.5
vt 0.5 0.5
vt 0.5 0.5
vt 0.5 0.5
vt 0.5 0.5
vt 0.5 0.5
vt 0.5 0.5
vt 0.5 0.5
vt 0.5 0.5
vt 0.5 0.5
vt 0.5 0.5
vt 0.5 0.5
vt 0.5 0.5
vt 0.5 0.5
vt 0.5 0.5
vt 0.5 0.5
vt 0.5 0.5
vt 0.5 0.5
vt 0.5 0.5
vt 0.5 0.5
vt 0.5 0.5
vt 0.5 0.5
vt 0.5 0.5
vt 0.5 0.5
vt 0.5 0.5
vt 0.5 0.5
vt 0.5 0.5
vt 0.5 0.5
vt 0.5 0.5
vt 0.5 0.5
vt 0.5 0.5
vt 0.5 0.5
vt 0.5 0.5
vt 0.5 0.5
vt 0.5 0.5
vt 0.5 0.5
vt 0.5 0.5
vt 0.5 0.5
vt 0.5 0.5
vt 0.5 0.5
vt 0.5 0.5
vt 0.5 0.5
vt 0.5 0.5
vt 0.5 0.5
vt 0.5 0.5
vt 0.5 0.5
vt 0.5 0.5
vt 0.5 0.5
vt 0.5 0.5
vt 0.5 0.5
vt 0.5 0.5
vt 0.5 0.5
vt 0.5 0.5
vt 0.5 0.5
vt 0.5 0.5
vt 0.5 0.5
vt 0.5 0.5
vt 0.5 0.5
vt 0.5 0.5
vt 0.5 0.5
vt 0.5 0.5
vt 0.5 0.5
vt 0.5 0.5
vt 0.5 0.5
vt 0.5 0.5
vt 0.5 0.5
vt 0.5 0.5
vt 0.5 0.5
vt 0.5 0.5
vt 0.5 0.5
vt 0.5 0.5
vt 0.5 0.5
vt 0.5 0.5
vt 0.5 0.5
vt 0.5 0.5
vt 0.5 0.5
vt 0.5 0.5
vt 0.5 0.5
vt 0.5 0.5
vt 0.5 0.5
vt 0.5 0.5
vt 0.5 0.5
vt 0.5 0.5
vt 0.5 0.5
vt 0.5 0.5
vt 0.5 0.5
vt 0.5 0.5
vt 0.5 0.5
vt 0.5 0.5
vt 0.5 0.5
vt 0.5 0.5
vt 0.5 0.5
vt 0.5 0.5
vt 0.5 0.5
vt 0.5 0.5
vt 0.5 0.5
vt 0.5 0.5
vt 0.5 0.5
vt 0.5 0.5
vt 0.5 0.5
vt 0.5 0.5
vt 0.5 0.5
vt 0.5 0.5
vt 0.5 0.5
vt 0.5 0.5
vt 0.5 0.5
vt 0.5 0.5
vt 0.5 0.5
vt 0.5 0.5
vt 0.5 0.5
vt 0.5 0.5
vt 0.5 0.5
vt 0.5 0.5
vt 0.5 0.5
vt 0.5 0.5
vt 0.5 0.5
vt 0.5 0.5
vt 0.5 0.5
vt 0.5 0.5
vt 0.5 0.5
vt 0.5 0.5
vt 0.5 0.5
vt 0.5 0.5
vt 0.5 0.5
vt 0.5 0.5
vt 0.5 0.5
vt 0.5 0.5
vt 0.5 0.5
vt 0.5 0.5
vt 0.5 0.5
vt 0.5 0.5
vt 0.5 0.5
vt 0.5 0.5
vt 0.5 0.5
vt 0.5 0.5
vt 0.5 0.5
vt 0.5 0.5
vt 0.5 0.5
vt 0.5 0.5
vt 0.5 0.5
vt 0.5 0.5
vt 0.5 0.5
vt 0.5 0.5
vt 0.5 0.5
vt 0.5 0.5
vt 0.5 0.5
vt 0.5 0.5
vt 0.5 0.5
vt 0.5 0.5
vt 0.5 0.5
vt 0.5 0.5
vt 0.5 0.5
vt 0.5 0.5
vt 0.5 0.5
vt 0.5 0.5
vt 0.5 0.5
vt 0.5 0.5
vt 0.5 0.5
vt 0.5 0.5
vt 0.5 0.5
vt 0.5 0.5
vt 0.5 0.5
vt 0.5 0.5
vt 0.5 0.5
vt 0.5 0.5
vt 0.5 0.5
vt 0.5 0.5
vt 0.5 0.5
vt 0.5 0.5
vt 0.5 0.5
vt 0.5 0.5
vt 0.5 0.5
vt 0.5 0.5
vt 0.5 0.5
vt 0.5 0.5
vt 0.5 0.5
vt 0.5 0.5
vt 0.5 0.5
vt 0.5 0.5
vt 0.5 0.5
vt 0.5 0.5
vt 0.5 0.5
vt 0.5 0.5
vt 0.5 0.5
vt 0.5 0.5
vt 0.5 0.5
vt 0.5 0.5
vt 0.5 0.5
vt 0.5 0.5
vt 0.5 0.5
vt 0.5 0.5
vt 0.5 0.5
vt 0.5 0.5
vt 0.5 0.5
vt 0.5 0.5
vt 0.5 0.5
vt 0.5 0.5
vt 0.5 0.5
vt 0.5 0.5
vt 0.5 0.5
vt 0.5 0.5
vt 0.5 0.5
vt 0.5 0.5
vt 0.5 0.5
vt 0.5 0.5
vt 0.5 0.5
vt 0.5 0.5
vt 0.5 0.5
vt 0.5 0.5
vt 0.5 0.5
vt 0.5 0.5
vt 0.5 0.5
vt 0.5 0.5
vt 0.5 0.5
vt 0.5 0.5
vt 0.5 0.5
vt 0.5 0.5
vt 0.5 0.5
vt 0.5 0.5
vt 0.5 0.5
vt 0.5 0.5
vt 0.5 0.5
vt 0.5 0.5
vt 0.5 0.5
vt 0.5 0.5
vt 0.5 0.5
vt 0.5 0.5
vt 0.5 0.5
vt 0.5 0.5
vt 0.5 0.5
vt 0.5 0.5
vt 0.5 0.5
vt 0.5 0.5
vt 0.5 0.5
vt 0.5 0.5
vt 0.5 0.5
vt 0.5 0.5
vt 0.5 0.5
vt 0.5 0.5
vt 0.5 0.5
vt 0.5 0.5
vt 0.5 0.5
vt 0.5 0.5
vt 0.5 0.5
vt 0.5 0.5
vt 0.5 0.5
vt 0.5 0.5
vt 0.5 0.5
vt 0.5 0.5
vt 0.5 0.5
vt 0.5 0.5
vt 0.5 0.5
vt 0.5 0.5
vt 0.5 0.5
vt 0.5 0.5
vt 0.5 0.5
vt 0.5 0.5
vt 0.5 0.5
vt 0.5 0.5
vt 0.5 0.5
vt 0.5 0.5
vt 0.5 0.5
vt 0.5 0.5
vt 0.5 0.5
vt 0.5 0.5
vt 0.5 0.5
vt 0.5 0.5
vt 0.5 0.5
vt 0.5 0.5
vt 0.5 0.5
vt 0.5 0.5
vt 0.5 0.5
vt 0.5 0.5
vt 0.5 0.5
vt 0.5 0.5
vt 0.5 0.5
vt 0.5 0.5
vt 0.5 0.5
vt 0.5 0.5
vt 0.5 0.5
vt 0.5 0.5
vt 0.5 0.5
vt 0.5 0.5
vt 0.5 0.5
vt 0.5 0.5
vt 0.5 0.5
vt 0.5 0.5
vt 0.5 0.5
vt 0.5 0.5
vt 0.5 0.5
vt 0.5 0.5
vt 0.5 0.5
vt 0.5 0.5
vt 0.5 0.5
vt 0.5 0.5
vt 0.5 0.5
vt 0.5 0.5
vt 0.5 0.5
vt 0.5 0.5
vt 0.5 0.5
vt 0.5 0.5
vt 0.5 0.5
vt 0.5 0.5
vt 0.5 0.5
vt 0.5 0.5
vt 0.5 0.5
vt 0.5 0.5
vt 0.5 0.5
vt 0.5 0.5
vt 0.5 0.5
vt 0.5 0.5
vt 0.5 0.5
vt 0.5 0.5
vt 0.5 0.5
vt 0.5 0.5
vt 0.5 0.5
vt 0.5 0.5
vt 0.5 0.5
vt 0.5 0.5
vt 0.5 0.5
vt 0.5 0.5
vt 0.5 0.5
vt 0.5 0.5
vt 0.5 0.5
vt 0.5 0.5
vt 0.5 0.5
vt 0.5 0.5
vt 0.5 0.5
vt 0.5 0.5
vt 0.5 0.5
vt 0.5 0.5
vt 0.5 0.5
vt 0.5 0.5
vt 0.5 0.5
vt 0.5 0.5
vt 0.5 0.5
vt 0.5 0.5
vt 0.5 0.5
vt 0.5 0.5
vt 0.5 0.5
vt 0.5 0.5
vt 0.5 0.5
vt 0.5 0.5
vt 0.5 0.5
vt 0.5 0.5
vt 0.5 0.5
vt 0.5 0.5
vt 0.5 0.5
vt 0.5 0.5
vt 0.5 0.5
vt 0.5 0.5
vt 0.5 0.5
vt 0.5 0.5
vt 0.5 0.5
vt 0.5 0.5
vt 0.5 0.5
vt 0.5 0.5
vt 0.5 0.5
vt 0.5 0.5
vt 0.5 0.5
vt 0.5 0.5
vt 0.5 0.5
vt 0.5 0.5
vt 0.5 0.5
vt 0.5 0.5
vt 0.5 0.5
vt 0.5 0.5
vt 0.5 0.5
vt 0.5 0.5
vt 0.5 0.5
vt 0.5 0.5
vt 0.5 0.5
vt 0.5 0.5
vt 0.5 0.5
vt 0.5 0.5
vt 0.5 0.5
vt 0.5 0.5
vt 0.5 0.5
vt 0.5 0.5
vt 0.5 0.5
vt 0.5 0.5
vt 0.5 0.5
vt 0.5 0.5
vt 0.5 0.5
vt 0.5 0.5
vt 0.5 0.5
vt 0.5 0.5
vt 0.5 0.5
vt 0.5 0.5
vt 0.5 0.5
vt 0.5 0.5
vt 0.5 0.5
vt 0.5 0.5
vt 0.5 0.5
vt 0.5 0.5
vt 0.5 0.5
vt 0.5 0.5
vt 0.5 0.5
vt 0.5 0.5
vt 0.5 0.5
vt 0.5 0.5
vt 0.5 0.5
vt 0.5 0.5
vt 0.5 0.5
vt 0.5 0.5
vt 0.5 0.5
vt 0.5 0.5
vt 0.5 0.5
vt 0.5 0.5
vt 0.5 0.5
vt 0.5 0.5
vt 0.5 0.5
vt 0.5 0.5
vt 0.5 0.5
vt 0.5 0.5
vt 0.5 0.5
vt 0.5 0.5
vt 0.5 0.5
vt 0.5 0.5
vt 0.5 0.5
vt 0.5 0.5
vt 0.5 0.5
vt 0.5 0.5
vt 0.5 0.5
vt 0.5 0.5
vt 0.5 0.5
vt 0.5 0.5
vt 0.5 0.5
vt 0.5 0.5
vt 0.5 0.5
vt 0.5 0.5
vt 0.5 0.5
vt 0.5 0.5
vt 0.5 0.5
vt 0.5 0.5
vt 0.5 0.5
vt 0.5 0.5
vt 0.5 0.5
vt 0.5 0.5
vt 0.5 0.5
vt 0.5 0.5
vt 0.5 0.5
vt 0.5 0.5
vt 0.5 0.5
vt 0.5 0.5
vt 0.5 0.5
vt 0.5 0.5
vt 0.5 0.5
vt 0.5 0.5
vt 0.5 0.5
vt 0.5 0.5
vt 0.5 0.5
vt 0.5 0.5
vt 0.5 0.5
vt 0.5 0.5
vt 0.5 0.5
vt 0.5 0.5
vt 0.5 0.5
vt 0.5 0.5
vt 0.5 0.5
vt 0.5 0.5
vt 0.5 0.5
vt 0.5 0.5
vt 0.5 0.5
vt 0.5 0.5
vt 0.5 0.5
vt 0.5 0.5
vt 0.5 0.5
vt 0.5 0.5
vt 0.5 0.5
vt 0.5 0.5
vt 0.5 0.5
vt 0.5 0.5
vt 0.5 0.5
vt 0.5 0.5
vt 0.5 0.5
vt 0.5 0.5
vt 0.5 0.5
vt 0.5 0.5
vt 0.5 0.5
vt 0.5 0.5
vt 0.5 0.5
vt 0.5 0.5
vt 0.5 0.5
vt 0.5 0.5
vt 0.5 0.5
vt 0.5 0.5
vt 0.5 0.5
vt 0.5 0.5
vt 0.5 0.5
vt 0.5 0.5
vt 0.5 0.5
vt 0.5 0.5
vt 0.5 0.5
vt 0.5 0.5
vt 0.5 0.5
vt 0.5 0.5
vt 0.5 0.5
vt 0.5 0.5
vt 0.5 0.5
vt 0.5 0.5
vt 0.5 0.5
vt 0.5 0.5
vt 0.5 0.5
vt 0.5 0.5
vt 0.5 0.5
vt 0.5 0.5
vt 0.5 0.5
vt 0.5 0.5
vt 0.5 0.5
vt 0.5 0.5
vt 0.5 0.5
vt 0.5 0.5
vt 0.5 0.5
vt 0.5 0.5
vt 0.5 0.5
vt 0.5 0.5
vt 0.5 0.5
vt 0.5 0.5
vt 0.5 0.5
vt 0.5 0.5
vt 0.5 0.5
vt 0.5 0.5
vt 0.5 0.5
vt 0.5 0.5
vt 0.5 0.5
vt 0.5 0.5
vt 0.5 0.5
vt 0.5 0.5
vt 0.5 0.5
vt 0.5 0.5
vt 0.5 0.5
vt 0.5 0.5
vt 0.5 0.5
vt 0.5 0.5
vt 0.5 0.5
vt 0.5 0.5
vt 0.5 0.5
vt 0.5 0.5
vt 0.5 0.5
vt 0.5 0.5
vt 0.5 0.5
vt 0.5 0.5
vt 0.5 0.5
vt 0.5 0.5
vt 0.5 0.5
vt 0.5 0.5
vt 0.5 0.5
vt 0.5 0.5
vt 0.5 0.5
vt 0.5 0.5
vt 0.5 0.5
vt 0.5 0.5
vt 0.5 0.5
vt 0.5 0.5
vt 0.5 0.5
vt 0.5 0.5
vt 0.5 0.5
vt 0.5 0.5
vt 0.5 0.5
vt 0.5 0.5
vt 0.5 0.5
vt 0.5 0.5
vt 0.5 0.5
vt 0.5 0.5
vt 0.5 0.5
vt 0.5 0.5
vt 0.5 0.5
vt 0.5 0.5
vt 0.5 0.5
vt 0.5 0.5
vt 0.5 0.5
vt 0.5 0.5
vt 0.5 0.5
vt 0.5 0.5
vt 0.5 0.5
vt 0.5 0.5
vt 0.5 0.5
vt 0.5 0.5
vt 0.5 0.5
vt 0.5 0.5
vt 0.5 0.5
vt 0.5 0.5
vt 0.5 0.5
vt 0.5 0.5
vt 0.5 0.5
vt 0.5 0.5
vt 0.5 0.5
vt 0.5 0.5
vt 0.5 0.5
vt 0.5 0.5
vt 0.5 0.5
vt 0.5 0.5
vt 0.5 0.5
vt 0.5 0.5
vt 0.5 0.5
vt 0.5 0.5
vt 0.5 0.5
vt 0.5 0.5
vt 0.5 0.5
vt 0.5 0.5
vt 0.5 0.5
vt 0.5 0.5
vt 0.5 0.5
vt 0.5 0.5
vt 0.5 0.5
vt 0.5 0.5
vt 0.5 0.5
vt 0.5 0.5
vt 0.5 0.5
vt 0.5 0.5
vt 0.5 0.5
vt 0.5 0.5
vt 0.5 0.5
vt 0.5 0.5
vt 0.5 0.5
vt 0.5 0.5
vt 0.5 0.5
vt 0.5 0.5
vt 0.5 0.5
vt 0.5 0.5
vt 0.5 0.5
vt 0.5 0.5
vt 0.5 0.5
vt 0.5 0.5
vt 0.5 0.5
vt 0.5 0.5
vt 0.5 0.5
vt 0.5 0.5
vt 0.5 0.5
vt 0.5 0.5
vt 0.5 0.5
vt 0.5 0.5
vt 0.5 0.5
vt 0.5 0.5
vt 0.5 0.5
vt 0.5 0.5
vt 0.5 0.5
vt 0.5 0.5
vt 0.5 0.5
vt 0.5 0.5
vt 0.5 0.5
vt 0.5 0.5
vt 0.5 0.5
vt 0.5 0.5
vt 0.5 0.5
vt 0.5 0.5
vt 0.5 0.5
vt 0.5 0.5
vt 0.5 0.5
vt 0.5 0.5
vt 0.5 0.5
vt 0.5 0.5
vt 0.5 0.5
vt 0.5 0.5
vt 0.5 0.5
vt 0.5 0.5
vt 0.5 0.5
vt 0.5 0.5
vt 0.5 0.5
vt 0.5 0.5
vt 0.5 0.5
vt 0.5 0.5
vt 0.5 0.5
vt 0.5 0.5
vt 0.5 0.5
vt 0.5 0.5
vt 0.5 0.5
vt 0.5 0.5
vt 0.5 0.5
vt 0.5 0.5
vt 0.5 0.5
vt 0.5 0.5
vt 0.5 0.5
vt 0.5 0.5
vt 0.5 0.5
vt 0.5 0.5
vt 0.5 0.5
vt 0.5 0.5
vt 0.5 0.5
vt 0.5 0.5
vt 0.5 0.5
vt 0.5 0.5
vt 0.5 0.5
vt 0.5 0.5
vt 0.5 0.5
vt 0.5 0.5
vt 0.5 0.5
vt 0.5 0.5
vt 0.5 0.5
vt 0.5 0.5
vt 0.5 0.5
vt 0.5 0.5
vt 0.5 0.5
vt 0.5 0.5
vt 0.5 0.5
vt 0.5 0.5
vt 0.5 0.5
vt 0.5 0.5
vt 0.5 0.5
vt 0.5 0.5
vt 0.5 0.5
vt 0.5 0.5
vt 0.5 0.5
vt 0.5 0.5
vt 0.5 0.5
vt 0.5 0.5
vt 0.5 0.5
vt 0.5 0.5
vt 0.5 0.5
vt 0.5 0.5
vt 0.5 0.5
vt 0.5 0.5
vt 0.5 0.5
vt 0.5 0.5
vt 0.5 0.5
vt 0.5 0.5
vt 0.5 0.5
vt 0.5 0.5
vt 0.5 0.5
vt 0.5 0.5
vt 0.5 0.5
vt 0.5 0.5
vt 0.5 0.5
vt 0.5 0.5
vt 0.5 0.5
vt 0.5 0.5
vt 0.5 0.5
vt 0.5 0.5
vt 0.5 0.5
vt 0.5 0.5
vt 0.5 0.5
vt 0.5 0.5
vt 0.5 0.5
vt 0.5 0.5
vt 0.5 0.5
vt 0.5 0.5
vt 0.5 0.5
vt 0.5 0.5
vt 0.5 0.5
vt 0.5 0.5
vt 0.5 0.5
vt 0.5 0.5
vt 0.5 0.5
vt 0.5 0.5
vt 0.5 0.5
vt 0.5 0.5
vt 0.5 0.5
vt 0.5 0.5
vt 0.5 0.5
vt 0.5 0.5
vt 0.5 0.5
vt 0.5 0.5
vt 0.5 0.5
vt 0.5 0.5
vt 0.5 0.5
vt 0.5 0.5
vt 0.5 0.5
vt 0.5 0.5
vt 0.5 0.5
vt 0.5 0.5
vt 0.5 0.5
vt 0.5 0.5
vt 0.5 0.5
vt 0.5 0.5
vt 0.5 0.5
vt 0.5 0.5
vt 0.5 0.5
vt 0.5 0.5
vt 0.5 0.5
vt 0.5 0.5
vt 0.5 0.5
vt 0.5 0.5
vt 0.5 0.5
vt 0.5 0.5
vt 0.5 0.5
vt 0.5 0.5
vt 0.5 0.5
vt 0.5 0.5
vt 0.5 0.5
vt 0.5 0.5
vt 0.5 0.5
vt 0.5 0.5
vt 0.5 0.5
vt 0.5 0.5
vt 0.5 0.5
vt 0.5 0.5
vt 0.5 0.5
vt 0.5 0.5
vt 0.5 0.5
vt 0.5 0.5
vt 0.5 0.5
vt 0.5 0.5
vt 0.5 0.5
vt 0.5 0.5
vt 0.5 0.5
vt 0.5 0.5
vt 0.5 0.5
vt 0.5 0.5
vt 0.5 0.5
vt 0.5 0.5
vt 0.5 0.5
vt 0.5 0.5
vt 0.5 0.5
vt 0.5 0.5
vt 0.5 0.5
vt 0.5 0.5
vt 0.5 0.5
vt 0.5 0.5
vt 0.5 0.5
vt 0.5 0.5
vt 0.5 0.5
vt 0.5 0.5
vt 0.5 0.5
vt 0.5 0.5
vt 0.5 0.5
vt 0.5 0.5
vt 0.5 0.5
vt 0.5 0.5
vt 0.5 0.5
vt 0.5 0.5
vt 0.5 0.5
vt 0.5 0.5
vt 0.5 0.5
vt 0.5 0.5
vt 0.5 0.5
vt 0.5 0.5
vt 0.5 0.5
vt 0.5 0.5
vt 0.5 0.5
vt 0.5 0.5
vt 0.5 0.5
vt 0.5 0.5
vt 0.5 0.5
vt 0.5 0.5
vt 0.5 0.5
vt 0.5 0.5
vt 0.5 0.5
vt 0.5 0.5
vt 0.5 0.5
vt 0.5 0.5
vt 0.5 0.5
vt 0.5 0.5
vt 0.5 0.5
vt 0.5 0.5
vt 0.5 0.5
vt 0.5 0.5
vt 0.5 0.5
vt 0.5 0.5
vt 0.5 0.5
vt 0.5 0.5
vt 0.5 0.5
vt 0.5 0.5
vt 0.5 0.5
vt 0.5 0.5
vt 0.5 0.5
vt 0.5 0.5
vt 0.5 0.5
vt 0.5 0.5
vt 0.5 0.5
vt 0.5 0.5
vt 0.5 0.5
vt 0.5 0.5
vt 0.5 0.5
vt 0.5 0.5
vt 0.5 0.5
vt 0.5 0.5
vt 0.5 0.5
vt 0.5 0.5
vt 0.5 0.5
vt 0.5 0.5
vt 0.5 0.5
vt 0.5 0.5
vt 0.5 0.5
vt 0.5 0.5
vt 0.5 0.5
vt 0.5 0.5
vt 0.5 0.5
vt 0.5 0.5
vt 0.5 0.5
vt 0.5 0.5
vt 0.5 0.5
vt 0.5 0.5
vt 0.5 0.5
vt 0.5 0.5
vt 0.5 0.5
vt 0.5 0.5
vt 0.5 0.5
vt 0.5 0.5
vt 0.5 0.5
vt 0.5 0.5
vt 0.5 0.5
vt 0.5 0.5
vt 0.5 0.5
vt 0.5 0.5
vt 0.5 0.5
vt 0.5 0.5
vt 0.5 0.5
vt 0.5 0.5
vt 0.5 0.5
vt 0.5 0.5
vt 0.5 0.5
vt 0.5 0.5
vt 0.5 0.5
vt 0.5 0.5
vt 0.5 0.5
vt 0.5 0.5
vt 0.5 0.5
vt 0.5 0.5
vt 0.5 0.5
vt 0.5 0.5
vt 0.5 0.5
vt 0.5 0.5
vt 0.5 0.5
vt 0.5 0.5
vt 0.5 0.5
vt 0.5 0.5
vt 0.5 0.5
vt 0.5 0.5
vt 0.5 0.5
vt 0.5 0.5
vt 0.5 0.5
vt 0.5 0.5
vt 0.5 0.5
vt 0.5 0.5
vt 0.5 0.5
vt 0.5 0.5
vt 0.5 0.5
vt 0.5 0.5
vt 0.5 0.5
vt 0.5 0.5
vt 0.5 0.5
vt 0.5 0.5
vt 0.5 0.5
vt 0.5 0.5
vt 0.5 0.5
vt 0.5 0.5
vt 0.5 0.5
vt 0.5 0.5
vt 0.5 0.5
vt 0.5 0.5
vt 0.5 0.5
vt 0.5 0.5
vt 0.5 0.5
vt 0.5 0.5
vt 0.5 0.5
vt 0.5 0.5
vt 0.5 0.5
vt 0.5 0.5
vt 0.5 0.5
vt 0.5 0.5
vt 0.5 0.5
vt 0.5 0.5
vt 0.5 0.5
vt 0.5 0.5
vt 0.5 0.5
vt 0.5 0.5
vt 0.5 0.5
vt 0.5 0.5
vt 0.5 0.5
vt 0.5 0.5
vt 0.5 0.5
vt 0.5 0.5
vt 0.5 0.5
vt 0.5 0.5
vt 0.5 0.5
vt 0.5 0.5
vt 0.5 0.5
vt 0.5 0.5
vt 0.5 0.5
vt 0.5 0.5
vt 0.5 0.5
vt 0.5 0.5
vt 0.5 0.5
vt 0.5 0.5
vt 0.5 0.5
vt 0.5 0.5
vt 0.5 0.5
vt 0.5 0.5
vt 0.5 0.5
vt 0.5 0.5
vt 0.5 0.5
vt 0.5 0.5
vt 0.5 0.5
vt 0.5 0.5
vt 0.5 0.5
vt 0.5 0.5
vt 0.5 0.5
vt 0.5 0.5
vt 0.5 0.5
vt 0.5 0.5
vt 0.5 0.5
vt 0.5 0.5
vt 0.5 0.5
vt 0.5 0.5
vt 0.5 0.5
vt 0.5 0.5
vt 0.5 0.5
vt 0.5 0.5
vt 0.5 0.5
vt 0.5 0.5
vt 0.5 0.5
vt 0.5 0.5
vt 0.5 0.5
vt 0.5 0.5
vt 0.5 0.5
vt 0.5 0.5
vt 0.5 0.5
vt 0.5 0.5
vt 0.5 0.5
vt 0.5 0.5
vt 0.5 0.5
vt 0.5 0.5
vt 0.5 0.5
vt 0.5 0.5
vt 0.5 0.5
vt 0.5 0.5
vt 0.5 0.5
vt 0.5 0.5
vt 0.5 0.5
vt 0.5 0.5
vt 0.5 0.5
vt 0.5 0.5
vt 0.5 0.5
vt 0.5 0.5
vt 0.5 0.5
vt 0.5 0.5
vt 0.5 0.5
vt 0.5 0.5
vt 0.5 0.5
vt 0.5 0.5
vt 0.5 0.5
vt 0.5 0.5
vt 0.5 0.5
vt 0.5 0.5
vt 0.5 0.5
vt 0.5 0.5
vt 0.5 0.5
vt 0.5 0.5
vt 0.5 0.5
vt 0.5 0.5
vt 0.5 0.5
vt 0.5 0.5
vt 0.5 0.5
vt 0.5 0.5
vt 0.5 0.5
vt 0.5 0.5
vt 0.5 0.5
vt 0.5 0.5
vt 0.5 0.5
vt 0.5 0.5
vt 0.5 0.5
vt 0.5 0.5
vt 0.5 0.5
vt 0.5 0.5
vt 0.5 0.5
vt 0.5 0.5
vt 0.5 0.5
vt 0.5 0.5
vt 0.5 0.5
vt 0.5 0.5
vt 0.5 0.5
vt 0.5 0.5
vt 0.5 0.5
vt 0.5 0.5
vt 0.5 0.5
vt 0.5 0.5
vt 0.5 0.5
vt 0.5 0.5
vt 0.5 0.5
vt 0.5 0.5
vt 0.5 0.5
vt 0.5 0.5
vt 0.5 0.5
vt 0.5 0.5
vt 0.5 0.5
vt 0.5 0.5
vt 0.5 0.5
vt 0.5 0.5
vt 0.5 0.5
vt 0.5 0.5
vt 0.5 0.5
vt 0.5 0.5
vt 0.5 0.5
vt 0.5 0.5
vt 0.5 0.5
vt 0.5 0.5
vt 0.5 0.5
vt 0.5 0.5
vt 0.5 0.5
vt 0.5 0.5
vt 0.5 0.5
vt 0.5 0.5
vt 0.5 0.5
vt 0.5 0.5
vt 0.5 0.5
vt 0.5 0.5
vt 0.5 0.5
vt 0.5 0.5
vt 0.5 0.5
vt 0.5 0.5
vt 0.5 0.5
vt 0.5 0.5
vt 0.5 0.5
vt 0.5 0.5
vt 0.5 0.5
vt 0.5 0.5
vt 0.5 0.5
vt 0.5 0.5
vt 0.5 0.5
vt 0.5 0.5
vt 0.5 0.5
vt 0.5 0.5
vt 0.5 0.5
vt 0.5 0.5
vt 0.5 0.5
vt 0.5 0.5
vt 0.5 0.5
vt 0.5 0.5
vt 0.5 0.5
vt 0.5 0.5
vt 0.5 0.5
vt 0.5 0.5
vt 0.5 0.5
vt 0.5 0.5
vt 0.5 0.5
vt 0.5 0.5
vt 0.5 0.5
vt 0.5 0.5
vt 0.5 0.5
vt 0.5 0.5
vt 0.5 0.5
vt 0.5 0.5
vt 0.5 0.5
vt 0.5 0.5
vt 0.5 0.5
vt 0.5 0.5
vt 0.5 0.5
vt 0.5 0.5
vt 0.5 0.5
vt 0.5 0.5
vt 0.5 0.5
vt 0.5 0.5
vt 0.5 0.5
vt 0.5 0.5
vt 0.5 0.5
vt 0.5 0.5
vt 0.5 0.5
vt 0.5 0.5
vt 0.5 0.5
vt 0.5 0.5
vt 0.5 0.5
vt 0.5 0.5
vt 0.5 0.5
vt 0.5 0.5
vt 0.5 0.5
vt 0.5 0.5
vt 0.5 0.5
vt 0.5 0.5
vt 0.5 0.5
vt 0.5 0.5
vt 0.5 0.5
vt 0.5 0.5
vt 0.5 0.5
vt 0.5 0.5
vt 0.5 0.5
vt 0.5 0.5
vt 0.5 0.5
vt 0.5 0.5
vt 0.5 0.5
vt 0.5 0.5
vt 0.5 0.5
vt 0.5 0.5
vt 0.5 0.5
vt 0.5 0.5
vt 0.5 0.5
vt 0.5 0.5
vt 0.5 0.5
vt 0.5 0.5
vt 0.5 0.5
vt 0.5 0.5
vt 0.5 0.5
vt 0.5 0.5
vt 0.5 0.5
vt 0.5 0.5
vt 0.5 0.5
vt 0.5 0.5
vt 0.5 0.5
vt 0.5 0.5
vt 0.5 0.5
vt 0.5 0.5
vt 0.5 0.5
vt 0.5 0.5
vt 0.5 0.5
vt 0.5 0.5
vt 0.5 0.5
vt 0.5 0.5
vt 0.5 0.5
vt 0.5 0.5
vt 0.5 0.5
vt 0.5 0.5
vt 0.5 0.5
vt 0.5 0.5
vt 0.5 0.5
vt 0.5 0.5
vt 0.5 0.5
vt 0.5 0.5
vt 0.5 0.5
vt 0.5 0.5
vt 0.5 0.5
vt 0.5 0.5
vt 0.5 0.5
vt 0.5 0.5
vt 0.5 0.5
vt 0.5 0.5
vt 0.5 0.5
vt 0.5 0.5
vt 0.5 0.5
vt 0.5 0.5
vt 0.5 0.5
vt 0.5 0.5
vt 0.5 0.5
vt 0.5 0.5
vt 0.5 0.5
vt 0.5 0.5
vt 0.5 0.5
vt 0.5 0.5
vt 0.5 0.5
vt 0.5 0.5
vt 0.5 0.5
vt 0.5 0.5
vt 0.5 0.5
vt 0.5 0.5
vt 0.5 0.5
vt 0.5 0.5
vt 0.5 0.5
vt 0.5 0.5
vt 0.5 0.5
vt 0.5 0.5
vt 0.5 0.5
vt 0.5 0.5
vt 0.5 0.5
vt 0.5 0.5
vt 0.5 0.5
vt 0.5 0.5
vt 0.5 0.5
vt 0.5 0.5
vt 0.5 0.5
vt 0.5 0.5
vt 0.5 0.5
vt 0.5 0.5
vt 0.5 0.5
vt 0.5 0.5
vt 0.5 0.5
vt 0.5 0.5
vt 0.5 0.5
vt 0.5 0.5
vt 0.5 0.5
vt 0.5 0.5
vt 0.5 0.5
vt 0.5 0.5
vt 0.5 0.5
vt 0.5 0.5
vt 0.5 0.5
vt 0.5 0.5
vt 0.5 0.5
vt 0.5 0.5
vt 0.5 0.5
vt 0.5 0.5
vt 0.5 0.5
vt 0.5 0.5
vt 0.5 0.5
vt 0.5 0.5
vt 0.5 0.5
vt 0.5 0.5
vt 0.5 0.5
vt 0.5 0.5
vt 0.5 0.5
vt 0.5 0.5
vt 0.5 0.5
vt 0.5 0.5
vt 0.5 0.5
vt 0.5 0.5
vt 0.5 0.5
vt 0.5 0.5
vt 0.5 0.5
vt 0.5 0.5
vt 0.5 0.5
vt 0.5 0.5
vt 0.5 0.5
vt 0.5 0.5
vt 0.5 0.5
vt 0.5 0.5
vt 0.5 0.5
vt 0.5 0.5
vt 0.5 0.5
vt 0.5 0.5
vt 0.5 0.5
vt 0.5 0.5
vt 0.5 0.5
vt 0.5 0.5
vt 0.5 0.5
vt 0.5 0.5
vt 0.5 0.5
vt 0.5 0.5
vt 0.5 0.5
vt 0.5 0.5
vt 0.5 0.5
vt 0.5 0.5
vt 0.5 0.5
vt 0.5 0.5
vt 0.5 0.5
vt 0.5 0.5
vt 0.5 0.5
vt 0.5 0.5
vt 0.5 0.5
vt 0.5 0.5
vt 0.5 0.5
vt 0.5 0.5
vt 0.5 0.5
vt 0.5 0.5
vt 0.5 0.5
vt 0.5 0.5
vt 0.5 0.5
vt 0.5 0.5
vt 0.5 0.5
vt 0.5 0.5
vt 0.5 0.5
vt 0.5 0.5
vt 0.5 0.5
vt 0.5 0.5
vt 0.5 0.5
vt 0.5 0.5
vt 0.5 0.5
vt 0.5 0.5
vt 0.5 0.5
vt 0.5 0.5
vt 0.5 0.5
vt 0.5 0.5
vt 0.5 0.5
vt 0.5 0.5
vt 0.5 0.5
vt 0.5 0.5
vt 0.5 0.5
vt 0.5 0.5
vt 0.5 0.5
vt 0.5 0.5
vt 0.5 0.5
vt 0.5 0.5
vt 0.5 0.5
vt 0.5 0.5
vt 0.5 0.5
vt 0.5 0.5
vt 0.5 0.5
vt 0.5 0.5
vt 0.5 0.5
vt 0.5 0.5
vt 0.5 0.5
vt 0.5 0.5
vt 0.5 0.5
vt 0.5 0.5
vt 0.5 0.5
vt 0.5 0.5
vt 0.5 0.5
vt 0.5 0.5
vt 0.5 0.5
vt 0.5 0.5
vt 0.5 0.5
vt 0.5 0.5
vt 0.5 0.5
vt 0.5 0.5
vt 0.5 0.5
vt 0.5 0.5
vt 0.5 0.5
vt 0.5 0.5
vt 0.5 0.5
vt 0.5 0.5
vt 0.5 0.5
vt 0.5 0.5
vt 0.5 0.5
vt 0.5 0.5
vt 0.5 0.5
vt 0.5 0.5
vt 0.5 0.5
vt 0.5 0.5
vt 0.5 0.5
vt 0.5 0.5
vt 0.5 0.5
vt 0.5 0.5
vt 0.5 0.5
vt 0.5 0.5
vt 0.5 0.5
vt 0.5 0.5
vt 0.5 0.5
vt 0.5 0.5
vt 0.5 0.5
vt 0.5 0.5
vt 0.5 0.5
vt 0.5 0.5
vt 0.5 0.5
vt 0.5 0.5
vt 0.5 0.5
vt 0.5 0.5
vt 0.5 0.5
vt 0.5 0.5
vt 0.5 0.5
vt 0.5 0.5
vt 0.5 0.5
vt 0.5 0.5
vt 0.5 0.5
vt 0.5 0.5
vt 0.5 0.5
vt 0.5 0.5
vt 0.5 0.5
vt 0.5 0.5
vt 0.5 0.5
vt 0.5 0.5
vt 0.5 0.5
vt 0.5 0.5
vt 0.5 0.5
vt 0.5 0.5
vt 0.5 0.5
vt 0.5 0.5
vt 0.5 0.5
vt 0.5 0.5
vt 0.5 0.5
vt 0.5 0.5
vt 0.5 0.5
vt 0.5 0.5
vt 0.5 0.5
vt 0.5 0.5
vt 0.5 0.5
vt 0.5 0.5
vt 0.5 0.5
vt 0.5 0.5
vt 0.5 0.5
vt 0.5 0.5
vt 0.5 0.5
vt 0.5 0.5
vt 0.5 0.5
vt 0.5 0.5
vt 0.5 0.5
vt 0.5 0.5
vt 0.5 0.5
vt 0.5 0.5
vt 0.5 0.5
vt 0.5 0.5
vt 0.5 0.5
vt 0.5 0.5
vt 0.5 0.5
vt 0.5 0.5
vt 0.5 0.5
vt 0.5 0.5
vt 0.5 0.5
vt 0.5 0.5
vt 0.5 0.5
vt 0.5 0.5
vt 0.5 0.5
vt 0.5 0.5
vt 0.5 0.5
vt 0.5 0.5
vt 0.5 0.5
vt 0.5 0.5
vt 0.5 0.5
vt 0.5 0.5
vt 0.5 0.5
vt 0.5 0.5
vt 0.5 0.5
vt 0.5 0.5
vt 0.5 0.5
vt 0.5 0.5
vt 0.5 0.5
vt 0.5 0.5
vt 0.5 0.5
vt 0.5 0.5
vt 0.5 0.5
vt 0.5 0.5
vt 0.5 0.5
vt 0.5 0.5
vt 0.5 0.5
vt 0.5 0.5
vt 0.5 0.5
vt 0.5 0.5
vt 0.5 0.5
vt 0.5 0.5
vt 0.5 0.5
vt 0.5 0.5
vt 0.5 0.5
vt 0.5 0.5
vt 0.5 0.5
vt 0.5 0.5
vt 0.5 0.5
vt 0.5 0.5
vt 0.5 0.5
vt 0.5 0.5
vt 0.5 0.5
vt 0.5 0.5
vt 0.5 0.5
vt 0.5 0.5
vt 0.5 0.5
vt 0.5 0.5
vt 0.5 0.5
vt 0.5 0.5
vt 0.5 0.5
vt 0.5 0.5
vt 0.5 0.5
vt 0.5 0.5
vt 0.5 0.5
vt 0.5 0.5
vt 0.5 0.5
vt 0.5 0.5
vt 0.5 0.5
vt 0.5 0.5
vt 0.5 0.5
vt 0.5 0.5
vt 0.5 0.5
vt 0.5 0.5
vt 0.5 0.5
vt 0.5 0.5
vt 0.5 0.5
vt 0.5 0.5
vt 0.5 0.5
vt 0.5 0.5
vt 0.5 0.5
vt 0.5 0.5
vt 0.5 0.5
vt 0.5 0.5
vt 0.5 0.5
vt 0.5 0.5
vt 0.5 0.5
vt 0.5 0.5
vt 0.5 0.5
vt 0.5 0.5
vt 0.5 0.5
vt 0.5 0.5
vt 0.5 0.5
vt 0.5 0.5
vt 0.5 0.5
vt 0.5 0.5
vt 0.5 0.5
vt 0.5 0.5
vt 0.5 0.5
vt 0.5 0.5
vt 0.5 0.5
vt 0.5 0.5
vt 0.5 0.5
vt 0.5 0.5
vt 0.5 0.5
vt 0.5 0.5
vt 0.5 0.5
vt 0.5 0.5
vt 0.5 0.5
vt 0.5 0.5
vt 0.5 0.5
vt 0.5 0.5
vt 0.5 0.5
vt 0.5 0.5
vt 0.5 0.5
vt 0.5 0.5
vt 0.5 0.5
vt 0.5 0.5
vt 0.5 0.5
vt 0.5 0.5
vt 0.5 0.5
vt 0.5 0.5
vt 0.5 0.5
vt 0.5 0.5
vt 0.5 0.5
vt 0.5 0.5
vt 0.5 0.5
vt 0.5 0.5
vt 0.5 0.5
vt 0.5 0.5
vt 0.5 0.5
vt 0.5 0.5
vt 0.5 0.5
vt 0.5 0.5
vt 0.5 0.5
vt 0.5 0.5
vt 0.5 0.5
vt 0.5 0.5
vt 0.5 0.5
vt 0.5 0.5
vt 0.5 0.5
vt 0.5 0.5
vt 0.5 0.5
vt 0.5 0.5
vt 0.5 0.5
vt 0.5 0.5
vt 0.5 0.5
vt 0.5 0.5
vt 0.5 0.5
vt 0.5 0.5
vt 0.5 0.5
vt 0.5 0.5
vt 0.5 0.5
vt 0.5 0.5
vt 0.5 0.5
vt 0.5 0.5
vt 0.5 0.5
vt 0.5 0.5
vt 0.5 0.5
vt 0.5 0.5
vt 0.5 0.5
vt 0.5 0.5
vt 0.5 0.5
vt 0.5 0.5
vt 0.5 0.5
vt 0.5 0.5
vt 0.5 0.5
vt 0.5 0.5
vt 0.5 0.5
vt 0.5 0.5
vt 0.5 0.5
vt 0.5 0.5
vt 0.5 0.5
vt 0.5 0.5
vt 0.5 0.5
vt 0.5 0.5
vt 0.5 0.5
vt 0.5 0.5
vt 0.5 0.5
vt 0.5 0.5
vt 0.5 0.5
vt 0.5 0.5
vt 0.5 0.5
vt 0.5 0.5
vt 0.5 0.5
vt 0.5 0.5
vt 0.5 0.5
vt 0.5 0.5
vt 0.5 0.5
vt 0.5 0.5
vt 0.5 0.5
vt 0.5 0.5
vt 0.5 0.5
vt 0.5 0.5
vt 0.5 0.5
vt 0.5 0.5
vt 0.5 0.5
vt 0.5 0.5
vt 0.5 0.5
vt 0.5 0.5
vt 0.5 0.5
vt 0.5 0.5
vt 0.5 0.5
vt 0.5 0.5
vt 0.5 0.5
vt 0.5 0.5
vt 0.5 0.5
vt 0.5 0.5
vt 0.5 0.5
vt 0.5 0.5
vt 0.5 0.5
vt 0.5 0.5
vt 0.5 0.5
vt 0.5 0.5
vt 0.5 0.5
vt 0.5 0.5
vt 0.5 0.5
vt 0.5 0.5
vt 0.5 0.5
vt 0.5 0.5
vt 0.5 0.5
vt 0.5 0.5
vt 0.5 0.5
vt 0.5 0.5
vt 0.5 0.5
vt 0.5 0.5
vt 0.5 0.5
vt 0.5 0.5
vt 0.5 0.5
vt 0.5 0.5
vt 0.5 0.5
vt 0.5 0.5
vt 0.5 0.5
vt 0.5 0.5
vt 0.5 0.5
vt 0.5 0.5
vt 0.5 0.5
vt 0.5 0.5
vt 0.5 0.5
vt 0.5 0.5
vt 0.5 0.5
vt 0.5 0.5
vt 0.5 0.5
vt 0.5 0.5
vt 0.5 0.5
vt 0.5 0.5
vt 0.5 0.5
vt 0.5 0.5
vt 0.5 0.5
vt 0.5 0.5
vt 0.5 0.5
vt 0.5 0.5
vt 0.5 0.5
vt 0.5 0.5
vt 0.5 0.5
vt 0.5 0.5
vt 0.5 0.5
vt 0.5 0.5
vt 0.5 0.5
vt 0.5 0.5
vt 0.5 0.5
vt 0.5 0.5
vt 0.5 0.5
vt 0.5 0.5
vt 0.5 0.5
vt 0.5 0.5
vt 0.5 0.5
vt 0.5 0.5
vt 0.5 0.5
vt 0.5 0.5
vt 0.5 0.5
vt 0.5 0.5
vt 0.5 0.5
vt 0.5 0.5
vt 0.5 0.5
vt 0.5 0.5
vt 0.5 0.5
vt 0.5 0.5
vt 0.5 0.5
vt 0.5 0.5
vt 0.5 0.5
vt 0.5 0.5
vt 0.5 0.5
vt 0.5 0.5
vt 0.5 0.5
vt 0.5 0.5
vt 0.5 0.5
vt 0.5 0.5
vt 0.5 0.5
vt 0.5 0.5
vt 0.5 0.5
vt 0.5 0.5
vt 0.5 0.5
vt 0.5 0.5
vt 0.5 0.5
vt 0.5 0.5
vt 0.5 0.5
vt 0.5 0.5
vt 0.5 0.5
vt 0.5 0.5
vt 0.5 0.5
vt 0.5 0.5
vt 0.5 0.5
vt 0.5 0.5
vt 0.5 0.5
vt 0.5 0.5
vt 0.5 0.5
vt 0.5 0.5
vt 0.5 0.5
vt 0.5 0.5
vt 0.5 0.5
vt 0.5 0.5
vt 0.5 0.5
vt 0.5 0.5
vt 0.5 0.5
vt 0.5 0.5
vt 0.5 0.5
vt 0.5 0.5
vt 0.5 0.5
vt 0.5 0.5
vt 0.5 0.5
vt 0.5 0.5
vt 0.5 0.5
vt 0.5 0.5
vt 0.5 0.5
vt 0.5 0.5
vt 0.5 0.5
vt 0.5 0.5
vt 0.5 0.5
vt 0.5 0.5
vt 0.5 0.5
vt 0.5 0.5
vt 0.5 0.5
vt 0.5 0.5
vt 0.5 0.5
vt 0.5 0.5
vt 0.5 0.5
vt 0.5 0.5
vt 0.5 0.5
vt 0.5 0.5
vt 0.5 0.5
vt 0.5 0.5
vt 0.5 0.5
vt 0.5 0.5
vt 0.5 0.5
vt 0.5 0.5
vt 0.5 0.5
vt 0.5 0.5
vt 0.5 0.5
vt 0.5 0.5
vt 0.5 0.5
vt 0.5 0.5
vt 0.5 0.5
vt 0.5 0.5
vt 0.5 0.5
vt 0.5 0.5
vt 0.5 0.5
vt 0.5 0.5
vt 0.5 0.5
vt 0.5 0.5
vt 0.5 0.5
vt 0.5 0.5
vt 0.5 0.5
vt 0.5 0.5
vt 0.5 0.5
vt 0.5 0.5
vt 0.5 0.5
vt 0.5 0.5
vt 0.5 0.5
vt 0.5 0.5
vt 0.5 0.5
vt 0.5 0.5
vt 0.5 0.5
vt 0.5 0.5
vt 0.5 0.5
vt 0.5 0.5
vt 0.5 0.5
vt 0.5 0.5
vt 0.5 0.5
vt 0.5 0.5
vt 0.5 0.5
vt 0.5 0.5
vt 0.5 0.5
vt 0.5 0.5
vt 0.5 0.5
vt 0.5 0.5
vt 0.5 0.5
vt 0.5 0.5
vt 0.5 0.5
vt 0.5 0.5
vt 0.5 0.5
vt 0.5 0.5
vt 0.5 0.5
vt 0.5 0.5
vt 0.5 0.5
vt 0.5 0.5
vt 0.5 0.5
vt 0.5 0.5
vt 0.5 0.5
vt 0.5 0.5
vt 0.5 0.5
vt 0.5 0.5
vt 0.5 0.5
vt 0.5 0.5
vt 0.5 0.5
vt 0.5 0.5
vt 0.5 0.5
vt 0.5 0.5
vt 0.5 0.5
vt 0.5 0.5
vt 0.5 0.5
vt 0.5 0.5
vt 0.5 0.5
vt 0.5 0.5
vt 0.5 0.5
vt 0.5 0.5
vt 0.5 0.5
vt 0.5 0.5
vt 0.5 0.5
vt 0.5 0.5
vt 0.5 0.5
vt 0.5 0.5
vt 0.5 0.5
vt 0.5 0.5
vt 0.5 0.5
vt 0.5 0.5
vt 0.5 0.5
vt 0.5 0.5
vt 0.5 0.5
vt 0.5 0.5
vt 0.5 0.5
vt 0.5 0.5
vt 0.5 0.5
vt 0.5 0.5
vt 0.5 0.5
vt 0.5 0.5
vt 0.5 0.5
vt 0.5 0.5
vt 0.5 0.5
vt 0.5 0.5
vt 0.5 0.5
vt 0.5 0.5
vt 0.5 0.5
vt 0.5 0.5
vt 0.5 0.5
vt 0.5 0.5
vt 0.5 0.5
vt 0.5 0.5
vt 0.5 0.5
vt 0.5 0.5
vt 0.5 0.5
vt 0.5 0.5
vt 0.5 0.5
vt 0.5 0.5
vt 0.5 0.5
vt 0.5 0.5
vt 0.5 0.5
vt 0.5 0.5
vt 0.5 0.5
vt 0.5 0.5
vt 0.5 0.5
vt 0.5 0.5
vt 0.5 0.5
vt 0.5 0.5
vt 0.5 0.5
vt 0.5 0.5
vt 0.5 0.5
vt 0.5 0.5
vt 0.5 0.5
vt 0.5 0.5
vt 0.5 0.5
vt 0.5 0.5
vt 0.5 0.5
vt 0.5 0.5
vt 0.5 0.5
vt 0.5 0.5
vt 0.5 0.5
vt 0.5 0.5
vt 0.5 0.5
vt 0.5 0.5
vt 0.5 0.5
vt 0.5 0.5
vt 0.5 0.5
vt 0.5 0.5
vt 0.5 0.5
vt 0.5 0.5
vt 0.5 0.5
vt 0.5 0.5
vt 0.5 0.5
vt 0.5 0.5
vt 0.5 0.5
vt 0.5 0.5
vt 0.5 0.5
vt 0.5 0.5
vt 0.5 0.5
vt 0.5 0.5
vt 0.5 0.5
vt 0.5 0.5
vt 0.5 0.5
vt 0.5 0.5
vt 0.5 0.5
vt 0.5 0.5
vt 0.5 0.5
vt 0.5 0.5
vt 0.5 0.5
vt 0.5 0.5
vt 0.5 0.5
vt 0.5 0.5
vt 0.5 0.5
vt 0.5 0.5
vt 0.5 0.5
vt 0.5 0.5
vt 0.5 0.5
vt 0.5 0.5
vt 0.5 0.5
vt 0.5 0.5
vt 0.5 0.5
vt 0.5 0.5
vt 0.5 0.5
vt 0.5 0.5
vt 0.5 0.5
vt 0.5 0.5
vt 0.5 0.5
vt 0.5 0.5
vt 0.5 0.5
vt 0.5 0.5
vt 0.5 0.5
vt 0.5 0.5
vt 0.5 0.5
vt 0.5 0.5
vt 0.5 0.5
vt 0.5 0.5
vt 0.5 0.5
vt 0.5 0.5
vt 0.5 0.5
vt 0.5 0.5
vt 0.5 0.5
vt 0.5 0.5
vt 0.5 0.5
vt 0.5 0.5
vt 0.5 0.5
vt 0.5 0.5
vt 0.5 0.5
vt 0.5 0.5
vt 0.5 0.5
vt 0.5 0.5
vt 0.5 0.5
vt 0.5 0.5
vt 0.5 0.5
vt 0.5 0.5
vt 0.5 0.5
vt 0.5 0.5
vt 0.5 0.5
vt 0.5 0.5
vt 0.5 0.5
vt 0.5 0.5
vt 0.5 0.5
vt 0.5 0.5
vt 0.5 0.5
vt 0.5 0.5
vt 0.5 0.5
vt 0.5 0.5
vt 0.5 0.5
vt 0.5 0.5
vt 0.5 0.5
vt 0.5 0.5
vt 0.5 0.5
vt 0.5 0.5
vt 0.5 0.5
vt 0.5 0.5
vt 0.5 0.5
vt 0.5 0.5
vt 0.5 0.5
vt 0.5 0.5
vt 0.5 0.5
vt 0.5 0.5
vt 0.5 0.5
vt 0.5 0.5
vt 0.5 0.5
vt 0.5 0.5
vt 0.5 0.5
vt 0.5 0.5
vt 0.5 0.5
vt 0.5 0.5
vt 0.5 0.5
vt 0.5 0.5
vt 0.5 0.5
vt 0.5 0.5
vt 0.5 0.5
vt 0.5 0.5
vt 0.5 0.5
vt 0.5 0.5
vt 0.5 0.5
vt 0.5 0.5
vt 0.5 0.5
vt 0.5 0.5
vt 0.5 0.5
vt 0.5 0.5
vt 0.5 0.5
vt 0.5 0.5
vt 0.5 0.5
vt 0.5 0.5
vt 0.5 0.5
vt 0.5 0.5
vt 0.5 0.5
vt 0.5 0.5
vt 0.5 0.5
vt 0.5 0.5
vt 0.5 0.5
vt 0.5 0.5
vt 0.5 0.5
vt 0.5 0.5
vt 0.5 0.5
vt 0.5 0.5
vt 0.5 0.5
vt 0.5 0.5
vt 0.5 0.5
vt 0.5 0.5
vt 0.5 0.5
vt 0.5 0.5
vt 0.5 0.5
vt 0.5 0.5
vt 0.5 0.5
vt 0.5 0.5
vt 0.5 0.5
vt 0.5 0.5
vt 0.5 0.5
vt 0.5 0.5
vt 0.5 0.5
vt 0.5 0.5
vt 0.5 0.5
vt 0.5 0.5
vt 0.5 0.5
vt 0.5 0.5
vt 0.5 0.5
vt 0.5 0.5
vt 0.5 0.5
vt 0.5 0.5
vt 0.5 0.5
vt 0.5 0.5
vt 0.5 0.5
vt 0.5 0.5
vt 0.5 0.5
vt 0.5 0.5
vt 0.5 0.5
vt 0.5 0.5
vt 0.5 0.5
vt 0.5 0.5
vt 0.5 0.5
vt 0.5 0.5
vt 0.5 0.5
vt 0.5 0.5
vt 0.5 0.5
vt 0.5 0.5
vt 0.5 0.5
vt 0.5 0.5
vt 0.5 0.5
vt 0.5 0.5
vt 0.5 0.5
vt 0.5 0.5
vt 0.5 0.5
vt 0.5 0.5
vt 0.5 0.5
vt 0.5 0.5
vt 0.5 0.5
vt 0.5 0.5
vt 0.5 0.5
vt 0.5 0.5
vt 0.5 0.5
vt 0.5 0.5
vt 0.5 0.5
vt 0.5 0.5
vt 0.5 0.5
vt 0.5 0.5
vt 0.5 0.5
vt 0.5 0.5
vt 0.5 0.5
vt 0.5 0.5
vt 0.5 0.5
vt 0.5 0.5
vt 0.5 0.5
vt 0.5 0.5
vt 0.5 0.5
vt 0.5 0.5
vt 0.5 0.5
vt 0.5 0.5
vt 0.5 0.5
vt 0.5 0.5
vt 0.5 0.5
vt 0.5 0.5
vt 0.5 0.5
vt 0.5 0.5
vt 0.5 0.5
vt 0.5 0.5
vt 0.5 0.5
vt 0.5 0.5
vt 0.5 0.5
vt 0.5 0.5
vt 0.5 0.5
vt 0.5 0.5
vt 0.5 0.5
vt 0.5 0.5
vt 0.5 0.5
vt 0.5 0.5
vt 0.5 0.5
vt 0.5 0.5
vt 0.5 0.5
vt 0.5 0.5
vt 0.5 0.5
vt 0.5 0.5
vt 0.5 0.5
vt 0.5 0.5
vt 0.5 0.5
vt 0.5 0.5
vt 0.5 0.5
vt 0.5 0.5
vt 0.5 0.5
vt 0.5 0.5
vt 0.5 0.5
vt 0.5 0.5
vt 0.5 0.5
vt 0.5 0.5
vt 0.5 0.5
vt 0.5 0.5
vt 0.5 0.5
vt 0.5 0.5
vt 0.5 0.5
vt 0.5 0.5
vt 0.5 0.5
vt 0.5 0.5
vt 0.5 0.5
vt 0.5 0.5
vt 0.5 0.5
vt 0.5 0.5
vt 0.5 0.5
vt 0.5 0.5
vt 0.5 0.5
vt 0.5 0.5
vt 0.5 0.5
vt 0.5 0.5
vn -4.31081615e-09 1.73314326e-07 1
vn 0 1.73314326e-07 1
vn -4.31081615e-09 1.73314326e-07 1
vn -8.6216323e-09 1.73314326e-07 1
vn -8.6216323e-09 1.73314326e-07 1
vn 0 1.73314326e-07 1
vn -1 0 0
vn -1 0 0
vn -1 0 0
vn -1 0 0
vn 0 -1 1.62937077e-07
vn 0 -1 1.62937077e-07
vn 0 -1 1.62937077e-07
vn 0 -1 1.62937077e-07
vn 0 -1 1.62937077e-07
vn 0 -1 1.62937077e-07
vn -4.31080061e-09 -1.73314298e-07 -1
vn 0 -1.73314312e-07 -1
vn -4.31080061e-09 -1.73314298e-07 -1
vn -8.62160121e-09 -1.73314312e-07 -1
vn 0 -1.73314312e-07 -1
vn 1 -2.24876313e-08 -9.82965584e-16
vn 1 -2.24876313e-08 -9.82965584e-16
vn 1 -2.24876313e-08 -9.82965584e-16
vn 1 -2.24876313e-08 -9.82965584e-16
vn -8.62160121e-09 -1.73314312e-07 -1
vn -1 1.14251371e-07 4.99408604e-15
vn -1 6.07917556e-08 2.65729203e-15
vn -1 6.07917414e-08 2.65729141e-15
vn -1 1.21583639e-07 5.31458966e-15
vn -1 1.14251371e-07 4.99408604e-15
vn -1 1.14251385e-07 4.99408666e-15
vn 0 -1 1.61970867e-07
vn 0 -1 1.61642198e-07
vn 0 -1 1.62496256e-07
vn 0 -1 1.62283293e-07
vn 0 -1 1.62283293e-07
vn 0 -1 1.62102019e-07
vn 0 -1 1.61313501e-07
vn 0 -1 1.61313501e-07
vn 0 2.86689421e-07 1
vn 0 2.86689392e-07 1
vn 0 2.86689392e-07 1
vn 0 2.86689421e-07 1
vn 0 2.86689421e-07 1
vn 0 2.86689421e-07 1
vn 0 1 -1.55857485e-07
vn 0 1 -1.37714871e-07
vn 0 1 -1.37714871e-07
vn 0 1 -1.74000114e-07
vn 0 1 -1.74000114e-07
vn 0 1 -1.55857485e-07
vn -1 0 0
vn -1 0 0
vn -1 0 0
vn -1 0 0
vn -1 0 0
vn -1 0 0
vn -1 0 0
vn -1 1.10033675e-07 4.80972468e-15
vn -1 5.98361041e-08 2.61551918e-15
vn -1 5.98360899e-08 2.61551856e-15
vn -1 1.19672393e-07 5.23104643e-15
vn -1 1.10033675e-07 4.80972468e-15
vn -1 1.10033696e-07 4.80972561e-15
vn 0 4.37113883e-08 -1
vn 0 4.37113883e-08 -1
vn 0 4.37113883e-08 -1
vn 0 4.37113883e-08 -1
vn 0 2.81495694e-07 1
vn 0 2.8149578e-07 1
vn 0 2.81495694e-07 1
vn 0 2.81495637e-07 1
vn 0 2.81495637e-07 1
vn 0 2.81495694e-07 1
vn 0 2.81495694e-07 1
vn 0 2.8149578e-07 1
vn 0 -1 -4.37113883e-08
vn 0 -1 -4.37113883e-08
vn 0 -1 -4.37113883e-08
vn 0 -1 -4.37113883e-08
vn 0 1 -7.63871249e-07
vn 0 1 -7.63871192e-07
vn 0 1 -7.63871192e-07
vn 0 1 -7.63871192e-07
vn 0 1 -7.63871249e-07
vn 0 1 -7.63871192e-07
vn 0 5.20902525e-07 1
vn 0 5.20902525e-07 1
vn 0 -4.37113883e-08 1
vn 0 -4.37113883e-08 1
vn 0 5.20902468e-07 1
vn 0 5.20902468e-07 1
vn 0 -4.37113883e-08 1
vn 0 -4.37113883e-08 1
vn 0 1 -1.01429613e-07
vn 0 1 -2.88591124e-08
vn 0 1 -2.88591124e-08
vn 0 1 -2.88591124e-08
vn 0 1 -2.88591124e-08
vn 0 1 -1.01429613e-07
vn 0 -2.86689648e-07 -1
vn 0 -2.86689648e-07 -1
vn 0 -2.86689648e-07 -1
vn 0 -2.86689648e-07 -1
vn 1 0 0
vn 1 0 0
vn 1 0 0
vn 1 0 0
vn -1 -1.42702007e-07 -6.23770282e-15
vn -1 -7.67647457e-09 -3.3554936e-16
vn -1 -7.13509891e-08 -3.11885079e-15
vn -1 1.19672364e-07 5.23104519e-15
vn -1 -1.15147492e-08 -5.03325671e-16
vn 0 1 4.37113883e-08
vn 0 1 4.37113883e-08
vn 0 1 4.37113883e-08
vn 0 1 4.37113883e-08
vn 0 1 4.37113883e-08
vn 0 1 4.37113883e-08
vn 0 1 4.37113883e-08
vn 0 1 4.37113883e-08
vn 0 -1 1.63227917e-07
vn 0 -1 1.62270702e-07
vn 0 -1 1.62270702e-07
vn 0 -1 1.62270702e-07
vn 0 -1 1.62270702e-07
vn 0 -1 1.63227917e-07
vn 0 1.76555808e-07 1
vn 0 1.21489016e-07 1
vn 0 2.86689421e-07 1
vn 0 2.86689421e-07 1
vn 1 0 0
vn 1 -2.57932964e-08 -1.12746079e-15
vn 1 -2.57932964e-08 -1.12746079e-15
vn 1 0 0
vn 1 -5.15865928e-08 -2.25492159e-15
vn 1 -5.15865928e-08 -2.25492159e-15
vn 0 -1 1.37714856e-07
vn 0 -1 1.01429613e-07
vn 0 -1 1.01429613e-07
vn 0 -1 1.74000114e-07
vn 0 -1 1.74000114e-07
vn 0 -1 1.37714856e-07
vn 0 2.81495694e-07 1
vn 0 2.81495723e-07 1
vn 0 1.73093348e-07 1
vn 0 1.18892153e-07 1
vn -1 -7.79913201e-09 -3.40910887e-16
vn -1 1.21583639e-07 5.31458966e-15
vn -1 -1.16986874e-08 -5.11365865e-16
vn -1 -1.44981129e-07 -6.33732644e-15
vn -1 -7.24905362e-08 -3.16866198e-15
vn -1 0 0
vn 0 1 4.37113883e-08
vn 0 1 -5.20658212e-07
vn 0 1 -8.02842983e-07
vn 0 1 4.37113883e-08
vn 0 1 -8.02842983e-07
vn 0 1 -8.02842983e-07
vn 0 -0.923879035 0.382684634
vn 0 -0.923879024 0.382684659
vn 0 -0.923879024 0.382684659
vn -6.91297191e-08 -0.923879107 0.38268446
vn -6.91297317e-08 -0.923879086 0.382684511
vn 0 -0.923879035 0.382684634
vn 0 -0.38268249 0.923879923
vn 0 -0.38268249 0.923879923
vn 0 -0.382682639 0.923879861
vn -3.46112789e-08 -0.382682986 0.923879717
vn 0 -0.382682639 0.923879861
vn -3.4611282e-08 -0.382683012 0.923879707
vn -6.92225515e-08 -0.382683677 0.923879431
vn -6.92225515e-08 -0.382683677 0.923879431
vn -1.38259476e-07 -0.923879137 0.382684388
vn 0.0996094472 -0.96119186 -0.257270611
vn 0.0996094472 -0.96119186 -0.257270611
vn 0.0996094472 -0.96119186 -0.257270611
vn 0.0996094472 -0.96119186 -0.257270611
vn 0.0814672049 -0.99334092 -0.0814672409
vn 0.0814672049 -0.99334092 -0.0814672409
vn 0.0814672049 -0.99334092 -0.0814672409
vn 0.0814672049 -0.99334092 -0.0814672409
vn 0.257271231 -0.961191712 -0.0996092683
vn 0.257271231 -0.961191712 -0.0996092683
vn 0.257271231 -0.961191712 -0.0996092683
vn 0.257271231 -0.961191712 -0.0996092683
vn 0.8619773 -0.388942028 -0.325144942
vn 0.8619773 -0.388942028 -0.325144942
vn 0.8619773 -0.388942028 -0.325144942
vn 0.8619773 -0.388942028 -0.325144942
vn 0.325143213 -0.388940738 -0.861978534
vn 0.325143213 -0.388940738 -0.861978534
vn 0.325143213 -0.388940738 -0.861978534
vn 0.325143213 -0.388940738 -0.861978534
vn 0.0853692911 0.985911163 -0.14384458
vn 0.0853692911 0.985911163 -0.14384458
vn 0.0853692911 0.985911163 -0.14384458
vn 0.0853692911 0.985911163 -0.14384458
vn 0.144494787 0.985808559 -0.0854560827
vn 0.144494787 0.985808559 -0.0854560827
vn 0.144494787 0.985808559 -0.0854560827
vn 0.144494787 0.985808559 -0.0854560827
vn 0.0564411915 0.996809245 -0.0564421836
vn 0.0564411915 0.996809245 -0.0564421836
vn 0.0564411915 0.996809245 -0.0564421836
vn 0.0564411915 0.996809245 -0.0564421836
vn -1.09043799e-07 0.923880526 0.382681033
vn -2.183755e-07 0.923880126 0.382681999
vn -2.18375363e-07 0.923880147 0.382681948
vn 1.09331714e-07 0.92388031 0.382681554
vn -1.09043798e-07 0.923880516 0.382681059
vn 1.09331636e-07 0.92388031 0.382681554
vn 0 0.923879974 0.382682368
vn 0 0.923879974 0.382682368
vn 0 0.923879851 0.382682664
vn 0 0.923879851 0.382682664
vn 7.06311589e-07 0.382682905 0.923879751
vn 9.82829958e-07 0.382682808 0.923879791
vn 9.82829629e-07 0.382682783 0.923879802
vn -5.53037181e-07 0.382683176 0.923879639
vn 7.06310566e-07 0.382682905 0.923879751
vn -5.53037181e-07 0.382683176 0.923879639
vn -4.87879857e-08 0.382682287 0.923880007
vn -4.87880147e-08 0.382682261 0.923880018
vn 2.89648198e-08 0.382681596 0.923880293
vn -0.923879683 -0.382683069 -1.10837111e-07
vn -0.923879683 -0.382683069 -1.10837167e-07
vn -0.923879408 -0.382683734 6.51630545e-08
vn -0.923879408 -0.382683734 6.51630545e-08
vn -0.923879531 -0.382683437 -2.8683744e-07
vn -0.923879531 -0.382683437 -2.8683744e-07
vn -0.923879234 -0.382684153 6.34128988e-08
vn -0.923879234 -0.382684153 6.34128988e-08
vn -0.923879427 -0.382683687 6.16628627e-08
vn -0.923879427 -0.382683687 6.16628627e-08
vn -0.382685364 -0.923878732 1.47282067e-07
vn -0.382685043 -0.923878866 1.43978751e-07
vn -0.382685043 -0.923878866 1.43978751e-07
vn -0.382684378 -0.923879141 1.5120423e-07
vn -0.382684378 -0.923879141 1.5120423e-07
vn -0.382685364 -0.923878732 1.4728211e-07
vn -0.3826845 -0.92387909 1.95230428e-08
vn -0.382684551 -0.923879069 1.95230139e-08
vn -0.382684106 -0.923879253 -1.18472328e-07
vn -0.382684106 -0.923879253 -1.18472328e-07
vn -0.325058584 -0.325057163 0.888073622
vn -0.325058584 -0.325057163 0.888073622
vn -0.325058584 -0.325057163 0.888073622
vn -0.325058584 -0.325057163 0.888073622
vn -0.888074299 -0.32505732 0.325056576
vn -0.888074299 -0.32505732 0.325056576
vn -0.888074299 -0.32505732 0.325056576
vn -0.888074299 -0.32505732 0.325056576
vn -0.325057033 -0.888073586 0.325058812
vn -0.325057033 -0.888073586 0.325058812
vn -0.325057033 -0.888073586 0.325058812
vn -0.325057033 -0.888073586 0.325058812
vn -0.923879622 0.382683217 -9.92484494e-08
vn -0.923879336 0.382683907 1.67276449e-08
vn -0.923879611 0.382683242 -9.9248383e-08
vn -0.923879683 0.382683069 -2.15224449e-07
vn -0.923879325 0.382683933 1.6727646e-08
vn -0.923879397 0.382683759 -2.07125464e-08
vn -0.923879387 0.382683784 -2.0712552e-08
vn -0.382683539 0.923879488 -1.70661813e-06
vn -0.382683365 0.92387956 4.03840582e-08
vn -0.382683513 0.923879499 -1.70661781e-06
vn -0.38268403 0.923879285 -1.70661934e-06
vn -0.382683984 0.923879304 -1.70661676e-06
vn -0.382683734 0.923879408 -3.44962905e-08
vn -0.382683734 0.923879408 -3.44962905e-08
vn -0.382683166 0.923879643 -1.09376636e-07
vn -0.923879704 0.382683018 -5.81527643e-08
vn -0.923879704 0.382683018 -5.81527643e-08
vn -0.888074385 0.325058084 0.325055579
vn -0.888074385 0.325058084 0.325055579
vn -0.888074385 0.325058084 0.325055579
vn -0.888074385 0.325058084 0.325055579
vn -0.325058972 0.32505637 0.88807377
vn -0.325058972 0.32505637 0.88807377
vn -0.325058972 0.32505637 0.88807377
vn -0.325058972 0.32505637 0.88807377
vn -0.325057664 0.888073096 0.325059521
vn -0.325057664 0.888073096 0.325059521
vn -0.325057664 0.888073096 0.325059521
vn -0.325057664 0.888073096 0.325059521
vn -0.923879346 -1.67276438e-08 0.382683882
vn -0.923879673 1.59421631e-07 0.382683094
vn -0.923879673 1.59421603e-07 0.382683094
vn -0.923879387 -1.67276395e-08 0.382683784
vn -0.923879346 -1.67276438e-08 0.382683882
vn -0.923879376 -1.67276406e-08 0.38268381
vn -0.923880081 3.35570941e-07 0.382682107
vn -0.923880081 3.35570941e-07 0.382682107
vn -0.382682747 -4.03840694e-08 0.923879817
vn -0.382682946 3.8368966e-08 0.923879734
vn -0.382682675 -4.03840707e-08 0.923879846
vn -0.382683166 -4.03840618e-08 0.923879643
vn -0.382683191 -4.03840613e-08 0.923879632
vn -0.382682946 3.83690442e-08 0.923879734
vn -0.382683043 1.17122046e-07 0.923879694
vn -0.382684449 8.99138906e-07 0.923879111
vn -0.92387952 -1.67276254e-08 0.382683462
vn 0.862856267 0.357406184 -0.357407166
vn 0.862856267 0.357406184 -0.357407166
vn 0.862856267 0.357406184 -0.357407166
vn 0.862856267 0.357406184 -0.357407166
vn 0.357407173 0.862855784 -0.357407344
vn 0.357407173 0.862855784 -0.357407344
vn 0.357407173 0.862855784 -0.357407344
vn 0.357407173 0.862855784 -0.357407344
vn 0.357405338 0.357407015 -0.86285668
vn 0.357405338 0.357407015 -0.86285668
vn 0.357405338 0.357407015 -0.86285668
vn 0.357405338 0.357407015 -0.86285668
vn 0.862856013 0.357406893 -0.35740707
vn 0.862856013 0.357406893 -0.35740707
vn 0.862856013 0.357406893 -0.35740707
vn 0.862856013 0.357406893 -0.35740707
vn 0.357407038 0.862856056 -0.357406821
vn 0.357407038 0.862856056 -0.357406821
vn 0.357407038 0.862856056 -0.357406821
vn 0.357407038 0.862856056 -0.357406821
vn 0.357405903 0.357404302 -0.86285757
vn 0.357405903 0.357404302 -0.86285757
vn 0.357405903 0.357404302 -0.86285757
vn 0.357405903 0.357404302 -0.86285757
vn -0.961192263 0.0996088809 -0.257269322
vn -0.961192263 0.0996088809 -0.257269322
vn -0.961192263 0.0996088809 -0.257269322
vn -0.961192263 0.0996088809 -0.257269322
vn -0.388940163 0.325143113 -0.861978831
vn -0.388940163 0.325143113 -0.861978831
vn -0.388940163 0.325143113 -0.861978831
vn -0.388940163 0.325143113 -0.861978831
vn -0.388941011 0.861977572 -0.325145438
vn -0.388941011 0.861977572 -0.325145438
vn -0.388941011 0.861977572 -0.325145438
vn -0.388941011 0.861977572 -0.325145438
vn -0.961192268 0.257268855 -0.0996100362
vn -0.961192268 0.257268855 -0.0996100362
vn -0.961192268 0.257268855 -0.0996100362
vn -0.961192268 0.257268855 -0.0996100362
vn -0.993341043 0.0814665603 -0.0814663819
vn -0.993341043 0.0814665603 -0.0814663819
vn -0.993341043 0.0814665603 -0.0814663819
vn -0.993341043 0.0814665603 -0.0814663819
vn 0.0996089206 0.257268864 0.961192382
vn 0.0996089206 0.257268864 0.961192382
vn 0.0996089206 0.257268864 0.961192382
vn 0.0996089206 0.257268864 0.961192382
vn 0.325144145 0.861977808 0.388941568
vn 0.325144145 0.861977808 0.388941568
vn 0.325144145 0.861977808 0.388941568
vn 0.325144145 0.861977808 0.388941568
vn 0.861977548 0.32514474 0.388941647
vn 0.861977548 0.32514474 0.388941647
vn 0.861977548 0.32514474 0.388941647
vn 0.861977548 0.32514474 0.388941647
vn 0.257268875 0.0996089826 0.961192372
vn 0.257268875 0.0996089826 0.961192372
vn 0.257268875 0.0996089826 0.961192372
vn 0.257268875 0.0996089826 0.961192372
vn 0.0814656858 0.08146638 0.993341115
vn 0.0814656858 0.08146638 0.993341115
vn 0.0814656858 0.08146638 0.993341115
vn 0.0814656858 0.08146638 0.993341115
vn 0.099606591 -0.257270653 0.961192144
vn 0.099606591 -0.257270653 0.961192144
vn 0.099606591 -0.257270653 0.961192144
vn 0.099606591 -0.257270653 0.961192144
vn 0.0814686353 -0.0814680082 0.99334074
vn 0.0814686353 -0.0814680082 0.99334074
vn 0.0814686353 -0.0814680082 0.99334074
vn 0.0814686353 -0.0814680082 0.99334074
vn 0.257272039 -0.0996064905 0.961191784
vn 0.257272039 -0.0996064905 0.961191784
vn 0.257272039 -0.0996064905 0.961191784
vn 0.257272039 -0.0996064905 0.961191784
vn 0.861976816 -0.32514473 0.388943277
vn 0.861976816 -0.32514473 0.388943277
vn 0.861976816 -0.32514473 0.388943277
vn 0.861976816 -0.32514473 0.388943277
vn 0.325145458 -0.861976714 0.388942896
vn 0.325145458 -0.861976714 0.388942896
vn 0.325145458 -0.861976714 0.388942896
vn 0.325145458 -0.861976714 0.388942896
vn -0.388940362 -0.325144907 -0.861978064
vn -0.388940362 -0.325144907 -0.861978064
vn -0.388940362 -0.325144907 -0.861978064
vn -0.388940362 -0.325144907 -0.861978064
vn -0.961192246 -0.0996107342 -0.25726867
vn -0.961192246 -0.0996107342 -0.25726867
vn -0.961192246 -0.0996107342 -0.25726867
vn -0.961192246 -0.0996107342 -0.25726867
vn -0.993341086 -0.0814660378 -0.0814663802
vn -0.993341086 -0.0814660378 -0.0814663802
vn -0.993341086 -0.0814660378 -0.0814663802
vn -0.993341086 -0.0814660378 -0.0814663802
vn -0.961192251 -0.257268931 -0.0996100047
vn -0.961192251 -0.257268931 -0.0996100047
vn -0.961192251 -0.257268931 -0.0996100047
vn -0.961192251 -0.257268931 -0.0996100047
vn -0.388941233 -0.861977574 -0.325145167
vn -0.388941233 -0.861977574 -0.325145167
vn -0.388941233 -0.861977574 -0.325145167
vn -0.388941233 -0.861977574 -0.325145167
vn 0.357406671 -0.357405799 -0.862856631
vn 0.357406671 -0.357405799 -0.862856631
vn 0.357406671 -0.357405799 -0.862856631
vn 0.357406671 -0.357405799 -0.862856631
vn 0.357407498 -0.862855569 -0.357407536
vn 0.357407498 -0.862855569 -0.357407536
vn 0.357407498 -0.862855569 -0.357407536
vn 0.357407498 -0.862855569 -0.357407536
vn 0.357406623 -0.862856628 -0.357405856
vn 0.357406623 -0.862856628 -0.357405856
vn 0.357406623 -0.862856628 -0.357405856
vn 0.357406623 -0.862856628 -0.357405856
vn 0.862856294 -0.357406015 -0.357407268
vn 0.862856294 -0.357406015 -0.357407268
vn 0.862856294 -0.357406015 -0.357407268
vn 0.862856294 -0.357406015 -0.357407268
vn -0.382682971 -2.06559644e-07 0.923879724
vn -0.382684106 4.62389053e-07 0.923879253
vn -0.382682946 -2.06559262e-07 0.923879734
vn -0.38268292 5.00763691e-07 0.923879745
vn -0.38268292 5.00763691e-07 0.923879745
vn -0.382684449 8.99137769e-07 0.923879111
vn -0.382684106 4.62388712e-07 0.923879253
vn -0.923879836 7.55205901e-07 0.3826827
vn -0.923879509 -1.67276265e-08 0.382683488
vn -0.923880113 6.77026536e-07 0.382682031
vn -0.923879836 7.55205048e-07 0.3826827
vn -0.923880124 6.77024555e-07 0.382682005
vn -0.923880287 -1.73086795e-07 0.382681611
vn 0 -1 1.61441939e-07
vn 0 -1 1.61441939e-07
vn 0 -1 1.61338896e-07
vn -0.382683043 1.17122046e-07 0.923879694
vn -0.923879683 0.382683069 -2.15224449e-07
vn -0.382683365 0.92387956 4.03840582e-08
vn -1.38259476e-07 -0.923879137 0.382684388
vn -0.382681734 4.03840877e-08 -0.923880236
vn -0.382681734 4.03840877e-08 -0.923880236
vn -0.382681734 4.03840877e-08 -0.923880236
vn -0.382681734 4.03840877e-08 -0.923880236
vn -0.923879817 1.67275941e-08 -0.382682747
vn -0.923879817 1.67275941e-08 -0.382682747
vn -0.923879817 1.67275941e-08 -0.382682747
vn -0.923879817 1.67275941e-08 -0.382682747
vn 0.923880378 1.67275349e-08 -0.382681391
vn 0.923880378 1.67275349e-08 -0.382681391
vn 0.923880378 1.67275349e-08 -0.382681391
vn 0.923880378 1.67275349e-08 -0.382681391
vn 0.382681243 4.03840966e-08 -0.923880439
vn 0.382681243 4.03840966e-08 -0.923880439
vn 0.382681243 4.03840966e-08 -0.923880439
vn 0.382681243 4.03840966e-08 -0.923880439
vn 0 0.923878626 -0.382685621
vn 0 0.923878626 -0.382685621
vn 0 0.923878626 -0.382685621
vn 0 0.923878626 -0.382685621
vn 0 0.382683799 -0.92387938
vn 0 0.382683799 -0.92387938
vn 0 0.382683799 -0.92387938
vn 0 0.382683799 -0.92387938
vn 0.382684327 0.923879162 -5.77009906e-07
vn 0.382684327 0.923879162 -5.77009906e-07
vn 0.382684327 0.923879162 -5.77009906e-07
vn 0.382684327 0.923879162 -5.77009906e-07
vn 0.923879202 0.382684229 -2.30229767e-07
vn 0.923879202 0.382684229 -2.30229767e-07
vn 0.923879202 0.382684229 -2.30229767e-07
vn 0.923879202 0.382684229 -2.30229767e-07
vn 0.382684746 -2.58624407e-07 -0.923878988
vn 0.382684746 -2.58624407e-07 -0.923878988
vn 0.382684746 -2.58624407e-07 -0.923878988
vn 0.382684746 -2.58624407e-07 -0.923878988
vn 0.923878988 -1.53142414e-07 -0.382684746
vn 0.923878988 -1.53142414e-07 -0.382684746
vn 0.923878988 -1.53142414e-07 -0.382684746
vn 0.923878988 -1.53142414e-07 -0.382684746
vn -0.923880287 -1.73086795e-07 0.382681611
vn 0.923879908 -0.382682526 6.16629493e-08
vn 0.923879897 -0.382682552 6.22479442e-08
vn 0.923879908 -0.382682526 6.16629493e-08
vn 0.923879897 -0.382682552 6.22479442e-08
vn 0.923879908 -0.382682526 6.28329574e-08
vn 0.382684378 -0.923879141 1.50911728e-07
vn 0.382684403 -0.92387913 1.5091174e-07
vn 0.382684403 -0.92387913 1.5091174e-07
vn 0.382684378 -0.923879141 1.50911728e-07
vn 0.382684378 -0.923879141 1.50911728e-07
vn 0.382684378 -0.923879141 1.50911728e-07
vn -0.923879662 0.382683119 -5.81527707e-08
vn -0.923879704 0.382683018 -5.81527643e-08
vn -0.923879704 0.382683018 -5.81527643e-08
vn -0.923879662 0.382683119 -5.81527707e-08
vn -0.923879734 0.382682946 -5.81527508e-08
vn -0.923879734 0.382682946 -5.81527508e-08
vn -0.382683119 0.923879662 -1.46816787e-07
vn -0.382683166 0.923879643 -1.28096723e-07
vn -0.382683119 0.923879662 -1.46816787e-07
vn -0.382683166 0.923879643 -1.28096723e-07
vn -0.382683119 0.923879662 -1.09376614e-07
vn 0.923879857 -1.67275899e-08 0.382682649
vn 0.923879857 -1.67275899e-08 0.382682649
vn 0.923879857 -1.67275899e-08 0.382682649
vn 0.923879857 -1.67275899e-08 0.382682649
vn 0.382683217 -4.03840609e-08 0.923879622
vn 0.382683217 -4.03840609e-08 0.923879622
vn 0.382683217 -4.03840609e-08 0.923879622
vn 0.382683217 -4.03840609e-08 0.923879622
vn 0.923879111 -0.382684449 -1.67276686e-08
vn 0.923879111 -0.382684449 -1.67276686e-08
vn 0.923879111 -0.382684449 -1.67276686e-08
vn 0.923879111 -0.382684449 -1.67276686e-08
vn 0.382683611 -0.923879459 -4.03840537e-08
vn 0.382683611 -0.923879459 -4.03840537e-08
vn 0.382683611 -0.923879459 -4.03840537e-08
vn 0.382683611 -0.923879459 -4.03840537e-08
vn 0 -0.382683719 -0.923879414
vn 0 -0.382683719 -0.923879414
vn 0 -0.382683719 -0.923879414
vn 0 -0.382683719 -0.923879414
vn 0 -0.923879626 -0.382683206
vn 0 -0.923879626 -0.382683206
vn 0 -0.923879626 -0.382683206
vn 0 -0.923879626 -0.382683206
vn 0.382684378 -0.923879141 1.84256858e-07
vn 0.382684403 -0.92387913 1.46816712e-07
vn 0.382684403 -0.92387913 1.46816712e-07
vn 0.382684403 -0.92387913 1.09376567e-07
vn 0.382684378 -0.923879141 1.84256858e-07
vn 0.382684403 -0.92387913 1.09376567e-07
vn -0.382684378 -0.923879141 1.09376554e-07
vn -0.382684403 -0.92387913 1.09376567e-07
vn -0.382684378 -0.923879141 1.09376554e-07
vn -0.382684403 -0.92387913 1.09376567e-07
vn -0.382684378 -0.923879141 1.09376554e-07
vn -0.923879488 -0.382683539 5.81528451e-08
vn -0.923879499 -0.382683513 5.81528471e-08
vn -0.923879499 -0.382683513 5.81528471e-08
vn -0.923879488 -0.382683539 5.81528451e-08
vn -0.923879499 -0.382683513 5.815284e-08
vn -0.923879499 -0.382683513 5.815284e-08
vn -0.923879488 0.382683539 -2.07125549e-08
vn -0.923879469 0.382683585 -2.07125474e-08
vn -0.382683166 0.923879643 -1.09376636e-07
vn -0.382683713 0.923879416 -3.44962931e-08
vn 0.245141688 0.969487263 -1.53010707e-07
vn 0.245141716 0.969487256 -1.53010691e-07
vn 0.245141688 0.969487263 -1.53010707e-07
vn 0.245141716 0.969487256 -1.53010691e-07
vn 0.245141758 0.969487245 -1.5301069e-07
vn 0.923880092 0.382682082 -5.81528384e-08
vn 0.923880092 0.382682082 -5.81528597e-08
vn 0.923880092 0.382682082 -5.81528597e-08
vn 0.923880092 0.382682082 -5.81528384e-08
vn 0.923880092 0.382682082 -5.81528171e-08
vn 0.382683119 0.923879662 -1.46816787e-07
vn 0.382683166 0.923879643 -1.4681681e-07
vn 0.382683166 0.923879643 -1.4681681e-07
vn 0.382683119 0.923879662 -1.46816787e-07
vn 0.382683119 0.923879662 -1.46816787e-07
vn 0.382683119 0.923879662 -1.46816787e-07
vn -0.92387908 -0.382684526 6.3412851e-08
vn -0.923879059 -0.382684577 6.34128541e-08
vn -0.382684699 -0.923879008 1.44271268e-07
vn 0 0.382682215 0.923880037
vn 0 0.382682261 0.923880018
vn 0 0.382682261 0.923880018
vn 0 0.382682215 0.923880037
vn 0 0.382682261 0.923880018
vn 0 0.382682261 0.923880018
vn 0 0.923879544 0.382683405
vn 0 0.923879544 0.382683405
vn 0 0.923879544 0.382683405
vn 0 0.923879544 0.382683405
vn 0 0.923879544 0.382683405
vn 0 0.382680614 -0.9238807
vn 0 0.382680614 -0.9238807
vn 0 0.382680614 -0.9238807
vn 0 0.382680614 -0.9238807
vn 0 0.382680614 -0.9238807
vn 0 0.923879802 -0.382682783
vn 0 0.923879791 -0.382682808
vn 0 0.923879802 -0.382682783
vn 0 0.923879791 -0.382682808
vn 0 0.923879802 -0.382682783
vn 0 0.923879802 -0.382682783
vn 0 -0.923879035 0.382684634
vn 0 -0.923879035 0.382684634
vn 0 -0.923879024 0.382684659
vn 0 -0.923879024 0.382684659
vn 0 -0.382682516 0.923879912
vn 0 -0.382682516 0.923879912
vn 0 -0.382682639 0.923879861
vn 0 -0.382682639 0.923879861
vn 0 -0.382681203 -0.923880456
vn 0 -0.382681177 -0.923880467
vn 0 -0.382681177 -0.923880467
vn 0 -0.382681203 -0.923880456
vn 0 -0.382681177 -0.923880467
vn 0 -0.382681177 -0.923880467
vn 0 -0.92387933 -0.382683922
vn 0 -0.92387933 -0.382683922
vn 0 -0.92387933 -0.382683922
vn 0 -0.92387933 -0.382683922
vn 0 -0.92387933 -0.382683922
vn 0 -0.92387933 -0.382683922
vn 0 -0.923879319 -0.382683948
vn 0 -0.923879319 -0.382683948
vn 0 -0.923879319 -0.382683948
vn 0 -0.923879319 -0.382683948
vn 0 -0.923879319 -0.382683948
vn 0 -0.923879319 -0.382683948
vn 0 -0.382682567 0.923879891
vn 0 -0.382682541 0.923879902
vn 0 -0.382682567 0.923879891
vn 0 -0.382682541 0.923879902
vn 0 -0.382682541 0.923879902
vn 0 -0.923878258 0.38268651
vn 0 -0.923878247 0.382686536
vn 0 -0.923878258 0.38268651
vn 0 -0.923878247 0.382686536
vn 0 -0.923878258 0.38268651
vn 0 0.97025312 -0.242092716
vn 0 0.97025312 -0.242092716
vn 0 0.97025312 -0.242092716
vn 0 0.97025312 -0.242092716
vn 0 0.97025312 -0.242092716
vn -2.18374981e-07 0.923880331 0.382681504
vn -2.18375154e-07 0.923880342 0.382681478
vn 2.8964818e-08 0.382681596 0.923880293
vn 1.87084207e-07 0.382682215 0.923880037
vn 0 -1 1.61338896e-07
vn 1 -1.14251385e-07 -4.99408666e-15
vn 1 -1.14251392e-07 -4.99408697e-15
vn 1 -1.14251414e-07 -4.9940879e-15
vn 1 0 0
vn 1 0 0
vn 1 -1.14251392e-07 -4.99408697e-15
vn 1 -6.07919262e-08 -2.65729949e-15
vn 1 -6.07919404e-08 -2.65730011e-15
vn 0 -1 1.61970867e-07
vn 0 -1 1.62496256e-07
vn 0 -1 1.61642198e-07
vn 0 -1 1.62283293e-07
vn 0 -1 1.62102019e-07
vn 0 -1 1.61313501e-07
vn 0 2.86689421e-07 1
vn 0 2.86689421e-07 1
vn 0 2.86689392e-07 1
vn 0 1 -1.55857485e-07
vn 0 1 -1.37714871e-07
vn 0 1 -1.55857485e-07
vn 0 1 -1.74000114e-07
vn 0 1 -1.74000114e-07
vn 1 2.47754599e-07 1.08296975e-14
vn 1 0 0
vn 1 2.47754798e-07 1.08297062e-14
vn 1 2.47754798e-07 1.08297062e-14
vn 1 0 0
vn 1 0 0
vn 1 0 0
vn 1 -1.10033675e-07 -4.80972468e-15
vn 1 0 0
vn 1 0 0
vn 1 -1.10033682e-07 -4.80972499e-15
vn 1 -1.10033703e-07 -4.80972592e-15
vn 1 -1.10033682e-07 -4.80972499e-15
vn 1 -5.98362249e-08 -2.61552446e-15
vn 1 -5.98362391e-08 -2.61552508e-15
vn 0 4.37113883e-08 -1
vn 0 4.37113883e-08 -1
vn 0 4.37113883e-08 -1
vn 0 4.37113883e-08 -1
vn 1.20811492e-07 2.81495637e-07 1
vn 0 -1 -4.37113883e-08
vn 0 -1 -4.37113883e-08
vn 0 -4.37113883e-08 1
vn 0 5.20902525e-07 1
vn 0 5.20902525e-07 1
vn 0 -4.37113883e-08 1
vn 0 5.20902468e-07 1
vn 0 -4.37113883e-08 1
vn 0 1 -1.01429613e-07
vn 0 1 -2.88591124e-08
vn 0 1 -2.88591124e-08
vn 0 1 -2.88591124e-08
vn 0 1 -1.01429613e-07
vn 0 1 -8.02842983e-07
vn 0 -2.86689648e-07 -1
vn 0 -2.86689648e-07 -1
vn -1 0 0
vn -1 0 0
vn -1 0 0
vn -1 0 0
vn 1 0 0
vn 1 0 0
vn 1 0 0
vn 1 0 0
vn 1 2.47754599e-07 1.08296975e-14
vn 0 1 4.37113883e-08
vn 0 -1 1.62270702e-07
vn 0 -1 1.62270702e-07
vn 0 -1 1.61313501e-07
vn 0 -1 1.63227917e-07
vn 0 -1 1.62270702e-07
vn 0 -1 1.63227917e-07
vn 0 1.76555808e-07 1
vn 0 2.86689421e-07 1
vn 0 1.21489016e-07 1
vn 0 -4.37113883e-08 1
vn 0 2.86689392e-07 1
vn 0 2.86689421e-07 1
vn -1 5.15865999e-08 2.2549219e-15
vn -1 2.57932982e-08 1.12746087e-15
vn -1 5.15865999e-08 2.2549219e-15
vn -1 2.57932982e-08 1.12746087e-15
vn -1 0 0
vn 0 -1 1.37714856e-07
vn 0 -1 1.01429613e-07
vn 0 -1 1.37714856e-07
vn 0 -1 1.74000114e-07
vn 0 -1 1.74000114e-07
vn 1.20811563e-07 2.81495694e-07 1
vn 8.0541021e-08 1.73093348e-07 1
vn 0 2.81495723e-07 1
vn 1.20811535e-07 2.81495637e-07 1
vn 0 1.18892153e-07 1
vn 0 5.20902468e-07 1
vn 1 0 0
vn 1 0 0
vn 1 0 0
vn 1 0 0
vn 0 1 4.37113883e-08
vn 0 1 -5.20658212e-07
vn 0 1 4.37113883e-08
vn 0 1 -8.02842983e-07
vn 0 1 4.37113883e-08
vn 0 1 -8.02842983e-07
vn 0 -0.923879035 0.382684634
vn 0 -0.923879035 0.382684634
vn 6.91297317e-08 -0.923879086 0.382684511
vn 6.91297191e-08 -0.923879107 0.38268446
vn 0 -0.38268249 0.923879923
vn 0 -0.38268249 0.923879923
vn 0 -0.382682986 0.923879717
vn 0 -0.382683012 0.923879707
vn 0 -0.382683677 0.923879431
vn 1.38259476e-07 -0.923879137 0.382684388
vn -0.09960942 -0.961191885 -0.257270528
vn -0.09960942 -0.961191885 -0.257270528
vn -0.09960942 -0.961191885 -0.257270528
vn -0.09960942 -0.961191885 -0.257270528
vn -0.0814672049 -0.99334092 -0.0814672409
vn -0.0814672049 -0.99334092 -0.0814672409
vn -0.0814672049 -0.99334092 -0.0814672409
vn -0.0814672049 -0.99334092 -0.0814672409
vn -0.257271231 -0.961191712 -0.0996092683
vn -0.257271231 -0.961191712 -0.0996092683
vn -0.257271231 -0.961191712 -0.0996092683
vn -0.257271231 -0.961191712 -0.0996092683
vn -0.861977689 -0.388941151 -0.325144961
vn -0.861977689 -0.388941151 -0.325144961
vn -0.861977689 -0.388941151 -0.325144961
vn -0.861977689 -0.388941151 -0.325144961
vn -0.325143213 -0.388940738 -0.861978534
vn -0.325143213 -0.388940738 -0.861978534
vn -0.325143213 -0.388940738 -0.861978534
vn -0.325143213 -0.388940738 -0.861978534
vn -0.0853692911 0.985911163 -0.14384458
vn -0.0853692911 0.985911163 -0.14384458
vn -0.0853692911 0.985911163 -0.14384458
vn -0.0853692911 0.985911163 -0.14384458
vn -0.144494785 0.985808602 -0.0854555895
vn -0.144494785 0.985808602 -0.0854555895
vn -0.144494785 0.985808602 -0.0854555895
vn -0.144494785 0.985808602 -0.0854555895
vn -0.0564411915 0.996809245 -0.0564421836
vn -0.0564411915 0.996809245 -0.0564421836
vn -0.0564411915 0.996809245 -0.0564421836
vn -0.0564411915 0.996809245 -0.0564421836
vn -1.09043277e-07 0.923880556 0.382680961
vn 1.09331801e-07 0.923880147 0.382681948
vn 1.09331862e-07 0.923880126 0.382681999
vn -1.09043283e-07 0.923880546 0.382680987
vn 0 0.923879851 0.382682664
vn -5.96980223e-07 0.382682855 0.923879772
vn 5.53037181e-07 0.382683176 0.923879639
vn 5.53037181e-07 0.382683176 0.923879639
vn -7.64167019e-07 0.382682681 0.923879844
vn -5.969793e-07 0.382682905 0.923879751
vn -7.64166783e-07 0.382682706 0.923879833
vn 1.87084221e-07 0.382682215 0.923880037
vn 0.92387909 -0.3826845 6.51630051e-08
vn 0.92387952 -0.382683462 -1.10837186e-07
vn 0.92387952 -0.382683462 -1.10837151e-07
vn 0.92387909 -0.3826845 6.51630122e-08
vn 0.923879531 -0.382683437 -2.8683744e-07
vn 0.92387913 -0.382684403 6.34128912e-08
vn 0.92387913 -0.382684403 6.34128912e-08
vn 0.92387952 -0.382683462 6.16628896e-08
vn 0.38268539 -0.923878722 1.47282108e-07
vn 0.382685119 -0.923878834 1.43978761e-07
vn 0.38268539 -0.923878722 1.47282137e-07
vn 0.382684403 -0.92387913 1.51204228e-07
vn 0.382684403 -0.92387913 1.51204228e-07
vn 0.382685119 -0.923878834 1.43978761e-07
vn 0.3826845 -0.92387909 1.99800994e-08
vn 0.382684106 -0.923879253 -1.17558215e-07
vn 0.382684526 -0.92387908 1.99801205e-08
vn 0.325058253 -0.32505719 0.888073733
vn 0.325058253 -0.32505719 0.888073733
vn 0.325058253 -0.32505719 0.888073733
vn 0.325058253 -0.32505719 0.888073733
vn 0.888074265 -0.325057546 0.325056444
vn 0.888074265 -0.325057546 0.325056444
vn 0.888074265 -0.325057546 0.325056444
vn 0.888074265 -0.325057546 0.325056444
vn 0.325056817 -0.888073744 0.325058596
vn 0.325056817 -0.888073744 0.325058596
vn 0.325056817 -0.888073744 0.325058596
vn 0.325056817 -0.888073744 0.325058596
vn 0.923879724 0.382682971 -1.06751079e-07
vn 0.923879734 0.382682946 -1.06750996e-07
vn 0.923879581 0.382683314 1.67276189e-08
vn 0.923879581 0.382683314 1.67276189e-08
vn 0.92387952 0.382683462 -2.07125595e-08
vn 0.38268381 0.923879376 -1.70661951e-06
vn 0.382683391 0.92387955 -1.70661768e-06
vn 0.382683391 0.92387955 -1.70661779e-06
vn 0.382683835 0.923879366 -1.70661654e-06
vn 0.382683687 0.923879427 -3.44962935e-08
vn 0.382683713 0.923879416 -3.44962931e-08
vn 0.382683166 0.923879643 -1.09376636e-07
vn 0.382683166 0.923879643 -1.09376636e-07
vn 0.923879531 0.382683437 -2.07125646e-08
vn 0.923879704 0.382683018 -5.81527643e-08
vn 0.888074402 0.325057881 0.325055734
vn 0.888074402 0.325057881 0.325055734
vn 0.888074402 0.325057881 0.325055734
vn 0.888074402 0.325057881 0.325055734
vn 0.325058169 0.325056342 0.888074074
vn 0.325058169 0.325056342 0.888074074
vn 0.325058169 0.325056342 0.888074074
vn 0.325058169 0.325056342 0.888074074
vn 0.325057886 0.888072933 0.325059743
vn 0.325057886 0.888072933 0.325059743
vn 0.325057886 0.888072933 0.325059743
vn 0.325057886 0.888072933 0.325059743
vn 0.923879336 -1.67276449e-08 0.382683907
vn 0.923879673 2.3884992e-07 0.382683094
vn 0.923879325 -1.6727646e-08 0.382683933
vn 0.923879673 2.38849835e-07 0.382683094
vn 0.923879387 -1.67276395e-08 0.382683784
vn 0.923879408 -1.67276373e-08 0.382683734
vn 0.923880081 4.94427488e-07 0.382682107
vn 0.382682747 -4.03840694e-08 0.923879817
vn 0.382682747 -4.03840694e-08 0.923879817
vn 0.382683018 2.3510249e-08 0.923879704
vn 0.382683018 2.35103059e-08 0.923879704
vn 0.382683119 8.74045728e-08 0.923879662
vn 0.382683119 8.74045728e-08 0.923879662
vn 0.382683119 -4.03840626e-08 0.923879662
vn 0.382683119 -4.03840626e-08 0.923879662
vn 0.923879571 -3.01125877e-07 0.38268334
vn -0.862856135 0.357406745 -0.357406922
vn -0.862856135 0.357406745 -0.357406922
vn -0.862856135 0.357406745 -0.357406922
vn -0.862856135 0.357406745 -0.357406922
vn -0.357407454 0.862855637 -0.357407416
vn -0.357407454 0.862855637 -0.357407416
vn -0.357407454 0.862855637 -0.357407416
vn -0.357407454 0.862855637 -0.357407416
vn -0.357405423 0.3574071 -0.862856609
vn -0.357405423 0.3574071 -0.862856609
vn -0.357405423 0.3574071 -0.862856609
vn -0.357405423 0.3574071 -0.862856609
vn -0.862856013 0.357406893 -0.35740707
vn -0.862856013 0.357406893 -0.35740707
vn -0.862856013 0.357406893 -0.35740707
vn -0.862856013 0.357406893 -0.35740707
vn -0.357407266 0.862855793 -0.357407228
vn -0.357407266 0.862855793 -0.357407228
vn -0.357407266 0.862855793 -0.357407228
vn -0.357407266 0.862855793 -0.357407228
vn -0.357405903 0.357404302 -0.86285757
vn -0.357405903 0.357404302 -0.86285757
vn -0.357405903 0.357404302 -0.86285757
vn -0.357405903 0.357404302 -0.86285757
vn 0.961192228 0.0996092498 -0.257269312
vn 0.961192228 0.0996092498 -0.257269312
vn 0.961192228 0.0996092498 -0.257269312
vn 0.961192228 0.0996092498 -0.257269312
vn 0.388940163 0.325143113 -0.861978831
vn 0.388940163 0.325143113 -0.861978831
vn 0.388940163 0.325143113 -0.861978831
vn 0.388940163 0.325143113 -0.861978831
vn 0.388941174 0.861977483 -0.325145479
vn 0.388941174 0.861977483 -0.325145479
vn 0.388941174 0.861977483 -0.325145479
vn 0.388941174 0.861977483 -0.325145479
vn 0.961192376 0.257268435 -0.0996100871
vn 0.961192376 0.257268435 -0.0996100871
vn 0.961192376 0.257268435 -0.0996100871
vn 0.961192376 0.257268435 -0.0996100871
vn 0.993341084 0.0814660596 -0.0814663878
vn 0.993341084 0.0814660596 -0.0814663878
vn 0.993341084 0.0814660596 -0.0814663878
vn 0.993341084 0.0814660596 -0.0814663878
vn -0.0996096648 0.257268832 0.961192313
vn -0.0996096648 0.257268832 0.961192313
vn -0.0996096648 0.257268832 0.961192313
vn -0.0996096648 0.257268832 0.961192313
vn -0.325144024 0.861977922 0.388941417
vn -0.325144024 0.861977922 0.388941417
vn -0.325144024 0.861977922 0.388941417
vn -0.325144024 0.861977922 0.388941417
vn -0.861977676 0.325144326 0.38894171
vn -0.861977676 0.325144326 0.38894171
vn -0.861977676 0.325144326 0.38894171
vn -0.861977676 0.325144326 0.38894171
vn -0.257269377 0.0996090106 0.961192235
vn -0.257269377 0.0996090106 0.961192235
vn -0.257269377 0.0996090106 0.961192235
vn -0.257269377 0.0996090106 0.961192235
vn -0.0814660854 0.0814663773 0.993341083
vn -0.0814660854 0.0814663773 0.993341083
vn -0.0814660854 0.0814663773 0.993341083
vn -0.0814660854 0.0814663773 0.993341083
vn -0.0996058486 -0.25727067 0.961192217
vn -0.0996058486 -0.25727067 0.961192217
vn -0.0996058486 -0.25727067 0.961192217
vn -0.0996058486 -0.25727067 0.961192217
vn -0.0814686353 -0.0814680082 0.99334074
vn -0.0814686353 -0.0814680082 0.99334074
vn -0.0814686353 -0.0814680082 0.99334074
vn -0.0814686353 -0.0814680082 0.99334074
vn -0.257272039 -0.0996064905 0.961191784
vn -0.257272039 -0.0996064905 0.961191784
vn -0.257272039 -0.0996064905 0.961191784
vn -0.257272039 -0.0996064905 0.961191784
vn -0.861977044 -0.325144488 0.388942974
vn -0.861977044 -0.325144488 0.388942974
vn -0.861977044 -0.325144488 0.388942974
vn -0.861977044 -0.325144488 0.388942974
vn -0.325145393 -0.86197658 0.388943247
vn -0.325145393 -0.86197658 0.388943247
vn -0.325145393 -0.86197658 0.388943247
vn -0.325145393 -0.86197658 0.388943247
vn 0.38894078 -0.325144878 -0.861977887
vn 0.38894078 -0.325144878 -0.861977887
vn 0.38894078 -0.325144878 -0.861977887
vn 0.38894078 -0.325144878 -0.861977887
vn 0.961192298 -0.0996103833 -0.257268609
vn 0.961192298 -0.0996103833 -0.257268609
vn 0.961192298 -0.0996103833 -0.257268609
vn 0.961192298 -0.0996103833 -0.257268609
vn 0.993341084 -0.0814660525 -0.0814663949
vn 0.993341084 -0.0814660525 -0.0814663949
vn 0.993341084 -0.0814660525 -0.0814663949
vn 0.993341084 -0.0814660525 -0.0814663949
vn 0.961192187 -0.257269109 -0.0996101682
vn 0.961192187 -0.257269109 -0.0996101682
vn 0.961192187 -0.257269109 -0.0996101682
vn 0.961192187 -0.257269109 -0.0996101682
vn 0.388941559 -0.86197745 -0.325145106
vn 0.388941559 -0.86197745 -0.325145106
vn 0.388941559 -0.86197745 -0.325145106
vn 0.388941559 -0.86197745 -0.325145106
vn -0.357407247 -0.3574056 -0.862856475
vn -0.357407247 -0.3574056 -0.862856475
vn -0.357407247 -0.3574056 -0.862856475
vn -0.357407247 -0.3574056 -0.862856475
vn -0.35740746 -0.862855441 -0.357407885
vn -0.35740746 -0.862855441 -0.357407885
vn -0.35740746 -0.862855441 -0.357407885
vn -0.35740746 -0.862855441 -0.357407885
vn -0.357406498 -0.862856732 -0.357405731
vn -0.357406498 -0.862856732 -0.357405731
vn -0.357406498 -0.862856732 -0.357405731
vn -0.357406498 -0.862856732 -0.357405731
vn -0.862856041 -0.357406724 -0.357407172
vn -0.862856041 -0.357406724 -0.357407172
vn -0.862856041 -0.357406724 -0.357407172
vn -0.862856041 -0.357406724 -0.357407172
vn 0.382682823 -1.24006967e-07 0.923879785
vn 0.382682598 4.6273573e-07 0.923879878
vn 0.382682848 -1.24006639e-07 0.923879774
vn 0.382684081 4.97932566e-07 0.923879264
vn 0.382684106 4.97932276e-07 0.923879253
vn 0.382684449 8.33115842e-07 0.923879111
vn 0.923879817 5.72374871e-07 0.382682747
vn 0.923879571 -3.01125962e-07 0.38268334
vn 0.923879827 5.72373457e-07 0.382682721
vn 0.92388002 8.56773345e-07 0.382682255
vn 0.923880001 8.56771278e-07 0.382682302
vn 0.923880174 -1.67275564e-08 0.382681882
vn 0.382684403 8.33114723e-07 0.92387913
vn 0 -1 1.61441939e-07
vn 0 -1 1.61441939e-07
vn 0 -1 1.62283293e-07
vn 0.923880081 4.94427488e-07 0.382682107
vn 0.382684106 -0.923879253 -1.17558215e-07
vn 0.923879531 -0.382683437 -2.8683744e-07
vn 0.923879683 0.382683069 -2.30229705e-07
vn 0.923879683 0.382683069 -2.30229705e-07
vn 0.382683365 0.92387956 4.03840582e-08
vn 0.382683365 0.92387956 4.03840582e-08
vn 0 -0.382683677 0.923879431
vn 1.38259476e-07 -0.923879137 0.382684388
vn 0 0.923879851 0.382682664
vn 0.382681734 4.03840877e-08 -0.923880236
vn 0.382681734 4.03840877e-08 -0.923880236
vn 0.382681734 4.03840877e-08 -0.923880236
vn 0.382681734 4.03840877e-08 -0.923880236
vn 0.923879817 1.67275941e-08 -0.382682747
vn 0.923879817 1.67275941e-08 -0.382682747
vn 0.923879817 1.67275941e-08 -0.382682747
vn 0.923879817 1.67275941e-08 -0.382682747
vn -0.923880378 1.67275349e-08 -0.382681391
vn -0.923880378 1.67275349e-08 -0.382681391
vn -0.923880378 1.67275349e-08 -0.382681391
vn -0.923880378 1.67275349e-08 -0.382681391
vn -0.382681243 4.03840966e-08 -0.923880439
vn -0.382681243 4.03840966e-08 -0.923880439
vn -0.382681243 4.03840966e-08 -0.923880439
vn -0.382681243 4.03840966e-08 -0.923880439
vn 0 0.923878626 -0.382685621
vn 0 0.923878626 -0.382685621
vn 0 0.923878626 -0.382685621
vn 0 0.923878626 -0.382685621
vn 0 0.382683799 -0.92387938
vn 0 0.382683799 -0.92387938
vn 0 0.382683799 -0.92387938
vn 0 0.382683799 -0.92387938
vn -0.382684352 0.923879152 -5.770099e-07
vn -0.382684352 0.923879152 -5.770099e-07
vn -0.382684352 0.923879152 -5.770099e-07
vn -0.382684352 0.923879152 -5.770099e-07
vn -0.923879181 0.38268428 -2.30229788e-07
vn -0.923879181 0.38268428 -2.30229788e-07
vn -0.923879181 0.38268428 -2.30229788e-07
vn -0.923879181 0.38268428 -2.30229788e-07
vn -0.382684746 -2.15193732e-07 -0.923878988
vn -0.382684746 -2.15193732e-07 -0.923878988
vn -0.382684746 -2.15193732e-07 -0.923878988
vn -0.382684746 -2.15193732e-07 -0.923878988
vn -0.923878988 -2.38849857e-07 -0.382684746
vn -0.923878988 -2.38849857e-07 -0.382684746
vn -0.923878988 -2.38849857e-07 -0.382684746
vn -0.923878988 -2.38849857e-07 -0.382684746
vn 0.382682598 4.6273573e-07 0.923879878
vn 0.923880174 -1.67275564e-08 0.382681882
vn -0.923879908 -0.382682526 6.16629493e-08
vn -0.923879897 -0.382682552 6.22479442e-08
vn -0.923879908 -0.382682526 6.16629493e-08
vn -0.923879897 -0.382682552 6.22479442e-08
vn -0.923879908 -0.382682526 6.28329574e-08
vn -0.923879908 -0.382682526 6.28329574e-08
vn -0.382684378 -0.923879141 1.50911728e-07
vn -0.382684403 -0.92387913 1.5091174e-07
vn -0.382684378 -0.923879141 1.50911728e-07
vn -0.382684403 -0.92387913 1.5091174e-07
vn -0.382684378 -0.923879141 1.50911728e-07
vn -0.382684378 -0.923879141 1.50911728e-07
vn 0.923879662 0.382683119 -5.81527707e-08
vn 0.923879704 0.382683018 -5.81527643e-08
vn 0.923879662 0.382683119 -5.81527707e-08
vn 0.923879704 0.382683018 -5.81527643e-08
vn 0.923879734 0.382682946 -5.81527508e-08
vn 0.923879734 0.382682946 -5.81527508e-08
vn 0.382683119 0.923879662 -1.46816787e-07
vn 0.382683166 0.923879643 -1.28096723e-07
vn 0.382683119 0.923879662 -1.46816787e-07
vn 0.382683166 0.923879643 -1.28096723e-07
vn 0.382683119 0.923879662 -1.09376614e-07
vn 0.382683119 0.923879662 -1.09376614e-07
vn -0.92387995 -1.67275801e-08 0.382682425
vn -0.92387995 -1.67275801e-08 0.382682425
vn -0.92387995 -1.67275801e-08 0.382682425
vn -0.92387995 -1.67275801e-08 0.382682425
vn -0.382683217 -4.03840609e-08 0.923879622
vn -0.382683217 -4.03840609e-08 0.923879622
vn -0.382683217 -4.03840609e-08 0.923879622
vn -0.382683217 -4.03840609e-08 0.923879622
vn -0.923879111 -0.382684449 -1.67276686e-08
vn -0.923879111 -0.382684449 -1.67276686e-08
vn -0.923879111 -0.382684449 -1.67276686e-08
vn -0.923879111 -0.382684449 -1.67276686e-08
vn -0.382683636 -0.923879448 -4.03840533e-08
vn -0.382683636 -0.923879448 -4.03840533e-08
vn -0.382683636 -0.923879448 -4.03840533e-08
vn -0.382683636 -0.923879448 -4.03840533e-08
vn 0 -0.382683719 -0.923879414
vn 0 -0.382683719 -0.923879414
vn 0 -0.382683719 -0.923879414
vn 0 -0.382683719 -0.923879414
vn 0 -0.923879626 -0.382683206
vn 0 -0.923879626 -0.382683206
vn 0 -0.923879626 -0.382683206
vn 0 -0.923879626 -0.382683206
vn -0.382684378 -0.923879141 1.84256858e-07
vn -0.382684403 -0.92387913 1.46816698e-07
vn -0.382684378 -0.923879141 1.84256858e-07
vn -0.382684403 -0.92387913 1.46816698e-07
vn -0.382684378 -0.923879141 1.09376554e-07
vn 0.382684378 -0.923879141 1.09376554e-07
vn 0.382684403 -0.92387913 1.09376567e-07
vn 0.382684378 -0.923879141 1.09376554e-07
vn 0.382684403 -0.92387913 1.09376567e-07
vn 0.382684378 -0.923879141 1.09376554e-07
vn 0.382684378 -0.923879141 1.09376554e-07
vn 0.923879488 -0.382683539 5.81528451e-08
vn 0.923879499 -0.382683513 5.81528471e-08
vn 0.923879488 -0.382683539 5.81528451e-08
vn 0.923879499 -0.382683513 5.81528471e-08
vn 0.923879499 -0.382683513 5.815284e-08
vn 0.923879499 -0.382683513 5.815284e-08
vn 0.923879704 0.382683018 -5.81527643e-08
vn 0.923879346 0.382683882 -2.07125378e-08
vn 0.923879336 0.382683907 -2.07125398e-08
vn 0.382683734 0.923879408 -3.44962905e-08
vn 0.382683734 0.923879408 -3.44962905e-08
vn -0.245141674 0.969487266 -1.53010693e-07
vn -0.245141716 0.969487256 -1.53010691e-07
vn -0.245141674 0.969487266 -1.53010693e-07
vn -0.245141786 0.969487238 -1.53010703e-07
vn -0.245141786 0.969487238 -1.53010703e-07
vn -0.245141716 0.969487256 -1.53010691e-07
vn -0.923880164 0.382681908 -5.81528683e-08
vn -0.923880164 0.382681908 -5.8152847e-08
vn -0.923880164 0.382681908 -5.81528683e-08
vn -0.923880164 0.382681908 -5.8152847e-08
vn -0.923880153 0.382681933 -5.81528308e-08
vn -0.923880153 0.382681933 -5.81528308e-08
vn -0.382683166 0.923879643 -1.4681681e-07
vn -0.382683166 0.923879643 -1.4681681e-07
vn -0.382683166 0.923879643 -1.4681681e-07
vn -0.382683166 0.923879643 -1.4681681e-07
vn -0.382683119 0.923879662 -1.46816787e-07
vn 0.92387952 -0.382683462 6.16628896e-08
vn 0.923879234 -0.382684153 6.34128988e-08
vn 0.382684674 -0.923879018 1.44271256e-07
vn 0.382684674 -0.923879018 1.44271256e-07
vn 0 0.923879544 0.382683405
vn 0 0.382680614 -0.9238807
vn 0 -0.382682541 0.923879902
vn 0 -0.923878258 0.38268651
vn 0 0.97025312 -0.242092716
vn -1 1.14251357e-07 4.99408542e-15
vn -1 0 0
vn 0 -1 1.61642198e-07
vn 0 -1 1.61757917e-07
vn 0 -1 1.61609769e-07
vn 0 -1 1.61970867e-07
vn 0 -1 1.61544953e-07
vn 0 -1 1.61313501e-07
vn 0 -2.86689477e-07 -1
vn 0 -2.86689477e-07 -1
vn 0 -2.86689477e-07 -1
vn 0 -2.86689477e-07 -1
vn 0 -2.86689477e-07 -1
vn 0 -2.86689477e-07 -1
vn 0 -2.86689421e-07 -1
vn -1 -2.47754457e-07 -1.08296913e-14
vn -1 0 0
vn -1 0 0
vn -1 -2.47754627e-07 -1.08296987e-14
vn -1 0 0
vn -1 0 0
vn -1 -2.47754627e-07 -1.08296987e-14
vn -1 -2.47754457e-07 -1.08296913e-14
vn -1 1.1003366e-07 4.80972405e-15
vn -1 0 0
vn 0 -4.37113883e-08 1
vn 0 -4.37113883e-08 1
vn 0 -4.37113883e-08 1
vn 0 -4.37113883e-08 1
vn 0 -2.81495609e-07 -1
vn 0 -2.81495666e-07 -1
vn 0 -2.81495666e-07 -1
vn -1.2081037e-07 -2.81495637e-07 -1
vn 0 -2.81495637e-07 -1
vn 0 -2.81495609e-07 -1
vn 0 -1 -4.37113883e-08
vn 0 -1 -4.37113883e-08
vn 0 -1 -4.37113883e-08
vn 0 -1 -4.37113883e-08
vn 0 -1 -4.37113883e-08
vn 0 -1 -4.37113883e-08
vn 0 1 5.82099794e-07
vn 0 1 5.82099794e-07
vn 0 1 5.82099794e-07
vn 0 1 5.82099794e-07
vn 0 1 5.82099794e-07
vn 0 4.37113883e-08 -1
vn 0 4.37113883e-08 -1
vn 0 -5.20902525e-07 -1
vn 0 -5.20902525e-07 -1
vn 0 4.37113883e-08 -1
vn 0 -5.20902468e-07 -1
vn 0 1 -8.02842983e-07
vn 0 2.86689648e-07 1
vn 0 2.86689648e-07 1
vn 0 2.86689648e-07 1
vn 0 2.86689648e-07 1
vn 0 2.86689648e-07 1
vn 0 2.86689648e-07 1
vn 1 0 0
vn 1 0 0
vn 1 0 0
vn 1 0 0
vn -1 0 0
vn -1 0 0
vn -1 0 0
vn -1 0 0
vn -1 0 0
vn 0 1 4.37113883e-08
vn 0 1 4.37113883e-08
vn 0 1 4.37113883e-08
vn 0 1 4.37113883e-08
vn 0 1 4.37113883e-08
vn 0 1 4.37113883e-08
vn 0 -1 1.61313501e-07
vn 0 -2.86689421e-07 -1
vn 0 -1.76555808e-07 -1
vn 0 -2.86689421e-07 -1
vn 0 -2.86689421e-07 -1
vn 0 -1.21489016e-07 -1
vn 0 4.37113883e-08 -1
vn -8.05402891e-08 -1.73093348e-07 -1
vn 0 -5.20902468e-07 -1
vn 0 -1.18892153e-07 -1
vn 0 -2.81495723e-07 -1
vn -1.20810469e-07 -2.81495694e-07 -1
vn -1.20810427e-07 -2.81495637e-07 -1
vn -1 0 0
vn -1 0 0
vn -1 0 0
vn -1 0 0
vn -1 0 0
vn 0 1 -8.02842983e-07
vn 0 1 -5.20658212e-07
vn 0 1 4.37113883e-08
vn 0 1 -8.02842983e-07
vn 0 1 4.37113883e-08
vn 0 1 4.37113883e-08
vn 0 -0.923879145 -0.382684367
vn -6.91297533e-08 -0.923879175 -0.382684295
vn 0 -0.923879145 -0.382684367
vn 0 -0.923879124 -0.382684418
vn 0 -0.923879124 -0.382684418
vn 0 -0.923879135 -0.382684392
vn 0 -0.382682486 -0.923879924
vn 0 -0.382682905 -0.923879751
vn 0 -0.382682486 -0.923879924
vn 0 -0.382682558 -0.923879895
vn 0 -0.382682558 -0.923879895
vn 0 -0.382682931 -0.92387974
vn 0 -0.382682486 -0.923879924
vn 0 -0.382683596 -0.923879465
vn -6.91297399e-08 -0.923879186 -0.38268427
vn -1.38259491e-07 -0.923879226 -0.382684172
vn -1.38259491e-07 -0.923879226 -0.382684172
vn 0.0996094075 -0.961191811 0.257270808
vn 0.0996094075 -0.961191811 0.257270808
vn 0.0996094075 -0.961191811 0.257270808
vn 0.0996094075 -0.961191811 0.257270808
vn 0.08146737 -0.993340881 0.0814675501
vn 0.08146737 -0.993340881 0.0814675501
vn 0.08146737 -0.993340881 0.0814675501
vn 0.08146737 -0.993340881 0.0814675501
vn 0.25727069 -0.961191824 0.0996095849
vn 0.25727069 -0.961191824 0.0996095849
vn 0.25727069 -0.961191824 0.0996095849
vn 0.25727069 -0.961191824 0.0996095849
vn 0.861977625 -0.388941148 0.325145134
vn 0.861977625 -0.388941148 0.325145134
vn 0.861977625 -0.388941148 0.325145134
vn 0.861977625 -0.388941148 0.325145134
vn 0.325143807 -0.388940722 0.861978317
vn 0.325143807 -0.388940722 0.861978317
vn 0.325143807 -0.388940722 0.861978317
vn 0.325143807 -0.388940722 0.861978317
vn 0.0853690587 0.985911312 0.143843695
vn 0.0853690587 0.985911312 0.143843695
vn 0.0853690587 0.985911312 0.143843695
vn 0.0853690587 0.985911312 0.143843695
vn 0.144494655 0.985808443 0.0854576376
vn 0.144494655 0.985808443 0.0854576376
vn 0.144494655 0.985808443 0.0854576376
vn 0.144494655 0.985808443 0.0854576376
vn 0.0564416582 0.996809318 0.0564404352
vn 0.0564416582 0.996809318 0.0564404352
vn 0.0564416582 0.996809318 0.0564404352
vn 0.0564416582 0.996809318 0.0564404352
vn 1.09037536e-07 0.923879639 -0.382683176
vn 1.09037573e-07 0.923879649 -0.382683151
vn -3.27712173e-07 0.923879465 -0.382683596
vn 4.36749762e-07 0.923879291 -0.382684015
vn 0 0.923879128 -0.382684409
vn 4.36749369e-07 0.923879302 -0.38268399
vn -3.27711971e-07 0.923879454 -0.382683621
vn 0 0.923879107 -0.38268446
vn -1.09336337e-07 0.382682762 -0.92387981
vn -1.0933644e-07 0.382682541 -0.923879902
vn -1.09336383e-07 0.382682541 -0.923879902
vn 0 0.382682935 -0.923879738
vn -1.09336371e-07 0.382682787 -0.9238798
vn 0 0.382682986 -0.923879717
vn 0 0.382683257 -0.923879605
vn -2.89652921e-08 0.382682122 -0.923880075
vn -2.89652921e-08 0.382682122 -0.923880075
vn -0.923879162 -0.382684327 6.51629853e-08
vn -0.923879162 -0.382684327 6.51629853e-08
vn -0.923879571 -0.38268334 2.44164206e-07
vn -0.92387956 -0.382683365 2.44164258e-07
vn -0.923879601 -0.382683268 4.23165316e-07
vn -0.923879601 -0.382683268 4.23165316e-07
vn -0.382684699 -0.923879008 1.44271268e-07
vn -0.382685093 -0.923878844 1.43870007e-07
vn -0.382685093 -0.923878844 1.43870021e-07
vn -0.382684526 -0.92387908 2.85712983e-07
vn -0.382684551 -0.923879069 2.85713009e-07
vn -0.382683882 -0.923879346 4.20731651e-07
vn -0.325056944 -0.325057263 -0.888074185
vn -0.325056944 -0.325057263 -0.888074185
vn -0.325056944 -0.325057263 -0.888074185
vn -0.325056944 -0.325057263 -0.888074185
vn -0.888073765 -0.325058275 -0.325057082
vn -0.888073765 -0.325058275 -0.325057082
vn -0.888073765 -0.325058275 -0.325057082
vn -0.888073765 -0.325058275 -0.325057082
vn -0.325057188 -0.888073695 -0.32505836
vn -0.325057188 -0.888073695 -0.32505836
vn -0.325057188 -0.888073695 -0.32505836
vn -0.325057188 -0.888073695 -0.32505836
vn -0.923879539 0.382683416 -4.20022805e-07
vn -0.92387952 0.382683462 -4.20023277e-07
vn -0.923879745 0.38268292 -2.9654458e-07
vn -0.923879745 0.38268292 -2.96544154e-07
vn -0.923879643 0.382683166 2.63684988e-07
vn -0.923879643 0.382683166 2.63684988e-07
vn -0.382683835 0.923879366 4.03840497e-08
vn -0.382683882 0.923879346 4.03840488e-08
vn -0.382683365 0.92387956 4.03840582e-08
vn -0.382683365 0.92387956 4.03840582e-08
vn -0.382683687 0.923879427 -3.44962935e-08
vn -0.382683365 0.92387956 4.03840582e-08
vn -0.382683365 0.92387956 4.03840582e-08
vn -0.888074402 0.325057373 -0.325056242
vn -0.888074402 0.325057373 -0.325056242
vn -0.888074402 0.325057373 -0.325056242
vn -0.888074402 0.325057373 -0.325056242
vn -0.325059563 0.325056711 -0.888073429
vn -0.325059563 0.325056711 -0.888073429
vn -0.325059563 0.325056711 -0.888073429
vn -0.325059563 0.325056711 -0.888073429
vn -0.325057655 0.888072324 -0.325061639
vn -0.325057655 0.888072324 -0.325061639
vn -0.325057655 0.888072324 -0.325061639
vn -0.325057655 0.888072324 -0.325061639
vn -0.923879285 1.67276502e-08 -0.38268403
vn -0.923879285 1.67276502e-08 -0.38268403
vn -0.923879469 1.67276308e-08 -0.382683585
vn -0.923879478 1.67276299e-08 -0.382683564
vn -0.923879469 1.67276308e-08 -0.382683585
vn -0.923879785 1.67275975e-08 -0.382682823
vn -0.382682501 4.03840738e-08 -0.923879918
vn -0.382683242 4.03840604e-08 -0.923879611
vn -0.382682501 4.03840738e-08 -0.923879918
vn -0.382683585 -2.15193116e-07 -0.923879469
vn -0.382683585 -2.15193201e-07 -0.923879469
vn -0.382683242 4.03840604e-08 -0.923879611
vn -0.382683094 -1.77991126e-07 -0.923879673
vn -0.382683018 -1.77990976e-07 -0.923879704
vn -0.923879795 -1.24273941e-06 -0.382682797
vn -0.923879478 1.67276299e-08 -0.382683564
vn 0.862855909 0.357406987 0.357407227
vn 0.862855909 0.357406987 0.357407227
vn 0.862855909 0.357406987 0.357407227
vn 0.862855909 0.357406987 0.357407227
vn 0.357407419 0.862855474 0.357407844
vn 0.357407419 0.862855474 0.357407844
vn 0.357407419 0.862855474 0.357407844
vn 0.357407419 0.862855474 0.357407844
vn 0.357405549 0.35740715 0.862856536
vn 0.357405549 0.35740715 0.862856536
vn 0.357405549 0.35740715 0.862856536
vn 0.357405549 0.35740715 0.862856536
vn 0.862856145 0.357406896 0.357406749
vn 0.862856145 0.357406896 0.357406749
vn 0.862856145 0.357406896 0.357406749
vn 0.862856145 0.357406896 0.357406749
vn 0.3574074 0.862856156 0.357406216
vn 0.3574074 0.862856156 0.357406216
vn 0.3574074 0.862856156 0.357406216
vn 0.3574074 0.862856156 0.357406216
vn 0.357407325 0.357404009 0.862857102
vn 0.357407325 0.357404009 0.862857102
vn 0.357407325 0.357404009 0.862857102
vn 0.357407325 0.357404009 0.862857102
vn -0.961192228 0.0996092273 0.257269321
vn -0.961192228 0.0996092273 0.257269321
vn -0.961192228 0.0996092273 0.257269321
vn -0.961192228 0.0996092273 0.257269321
vn -0.388940932 0.325142943 0.861978548
vn -0.388940932 0.325142943 0.861978548
vn -0.388940932 0.325142943 0.861978548
vn -0.388940932 0.325142943 0.861978548
vn -0.388941349 0.861977804 0.325144419
vn -0.388941349 0.861977804 0.325144419
vn -0.388941349 0.861977804 0.325144419
vn -0.388941349 0.861977804 0.325144419
vn -0.961192416 0.257268421 0.0996097351
vn -0.961192416 0.257268421 0.0996097351
vn -0.961192416 0.257268421 0.0996097351
vn -0.961192416 0.257268421 0.0996097351
vn -0.99334109 0.081466053 0.0814663135
vn -0.99334109 0.081466053 0.0814663135
vn -0.99334109 0.081466053 0.0814663135
vn -0.99334109 0.081466053 0.0814663135
vn 0.0996088062 0.257268643 -0.961192453
vn 0.0996088062 0.257268643 -0.961192453
vn 0.0996088062 0.257268643 -0.961192453
vn 0.0996088062 0.257268643 -0.961192453
vn 0.325144024 0.861977956 -0.388941342
vn 0.325144024 0.861977956 -0.388941342
vn 0.325144024 0.861977956 -0.388941342
vn 0.325144024 0.861977956 -0.388941342
vn 0.861978116 0.325143892 -0.388941096
vn 0.861978116 0.325143892 -0.388941096
vn 0.861978116 0.325143892 -0.388941096
vn 0.861978116 0.325143892 -0.388941096
vn 0.257269377 0.0996090946 -0.961192226
vn 0.257269377 0.0996090946 -0.961192226
vn 0.257269377 0.0996090946 -0.961192226
vn 0.257269377 0.0996090946 -0.961192226
vn 0.0814659752 0.0814663539 -0.993341094
vn 0.0814659752 0.0814663539 -0.993341094
vn 0.0814659752 0.0814663539 -0.993341094
vn 0.0814659752 0.0814663539 -0.993341094
vn 0.09960883 -0.2572705 -0.961191953
vn 0.09960883 -0.2572705 -0.961191953
vn 0.09960883 -0.2572705 -0.961191953
vn 0.09960883 -0.2572705 -0.961191953
vn 0.0814685765 -0.08146787 -0.993340756
vn 0.0814685765 -0.08146787 -0.993340756
vn 0.0814685765 -0.08146787 -0.993340756
vn 0.0814685765 -0.08146787 -0.993340756
vn 0.257269268 -0.0996089399 -0.961192272
vn 0.257269268 -0.0996089399 -0.961192272
vn 0.257269268 -0.0996089399 -0.961192272
vn 0.257269268 -0.0996089399 -0.961192272
vn 0.861977441 -0.325144983 -0.388941682
vn 0.861977441 -0.325144983 -0.388941682
vn 0.861977441 -0.325144983 -0.388941682
vn 0.861977441 -0.325144983 -0.388941682
vn 0.325144408 -0.86197833 -0.388940191
vn 0.325144408 -0.86197833 -0.388940191
vn 0.325144408 -0.86197833 -0.388940191
vn 0.325144408 -0.86197833 -0.388940191
vn -0.388940311 -0.325143261 0.861978709
vn -0.388940311 -0.325143261 0.861978709
vn -0.388940311 -0.325143261 0.861978709
vn -0.388940311 -0.325143261 0.861978709
vn -0.96119221 -0.0996090082 0.257269473
vn -0.96119221 -0.0996090082 0.257269473
vn -0.96119221 -0.0996090082 0.257269473
vn -0.96119221 -0.0996090082 0.257269473
vn -0.993341102 -0.0814659493 0.0814662775
vn -0.993341102 -0.0814659493 0.0814662775
vn -0.993341102 -0.0814659493 0.0814662775
vn -0.993341102 -0.0814659493 0.0814662775
vn -0.961192122 -0.257269295 0.0996103165
vn -0.961192122 -0.257269295 0.0996103165
vn -0.961192122 -0.257269295 0.0996103165
vn -0.961192122 -0.257269295 0.0996103165
vn -0.388941236 -0.861977251 0.325146018
vn -0.388941236 -0.861977251 0.325146018
vn -0.388941236 -0.861977251 0.325146018
vn -0.388941236 -0.861977251 0.325146018
vn 0.357405903 -0.357404302 0.86285757
vn 0.357405903 -0.357404302 0.86285757
vn 0.357405903 -0.357404302 0.86285757
vn 0.357405903 -0.357404302 0.86285757
vn 0.357407356 -0.862855558 0.357407706
vn 0.357407356 -0.862855558 0.357407706
vn 0.357407356 -0.862855558 0.357407706
vn 0.357407356 -0.862855558 0.357407706
vn 0.357406747 -0.862855717 0.357407931
vn 0.357406747 -0.862855717 0.357407931
vn 0.357406747 -0.862855717 0.357407931
vn 0.357406747 -0.862855717 0.357407931
vn 0.862856206 -0.357406154 0.357407344
vn 0.862856206 -0.357406154 0.357407344
vn 0.862856206 -0.357406154 0.357407344
vn 0.862856206 -0.357406154 0.357407344
vn -0.382682747 -5.1317375e-07 -0.923879817
vn -0.382683835 -3.57688756e-07 -0.923879366
vn -0.382683784 -3.57688565e-07 -0.923879387
vn -0.382682747 -5.13173637e-07 -0.923879817
vn -0.382684229 -8.53957773e-08 -0.923879202
vn -0.923880001 -3.69240384e-07 -0.382682302
vn -0.92387995 6.38667304e-07 -0.382682425
vn -0.923880001 -3.69242942e-07 -0.382682302
vn -0.923879959 6.38666189e-07 -0.382682404
vn -0.923879795 -1.24274214e-06 -0.382682797
vn -0.92387995 -4.86392797e-07 -0.382682425
vn 0 -1 1.61544953e-07
vn 0 -1 1.61441939e-07
vn 0 -1 1.61441939e-07
vn -0.382684746 -4.70770247e-07 -0.923878988
vn -0.382684746 -4.70770247e-07 -0.923878988
vn -0.923879785 1.67275975e-08 -0.382682823
vn -0.382683882 -0.923879346 4.20731651e-07
vn 0 -0.382683596 -0.923879465
vn 0 0.382683257 -0.923879605
vn 0 0.923879107 -0.38268446
vn -0.382680896 -4.03841029e-08 0.923880583
vn -0.382680896 -4.03841029e-08 0.923880583
vn -0.382680896 -4.03841029e-08 0.923880583
vn -0.382680896 -4.03841029e-08 0.923880583
vn -0.923879867 -1.67275888e-08 0.382682624
vn -0.923879867 -1.67275888e-08 0.382682624
vn -0.923879867 -1.67275888e-08 0.382682624
vn -0.923879867 -1.67275888e-08 0.382682624
vn 0.92388041 -1.67275315e-08 0.382681315
vn 0.92388041 -1.67275315e-08 0.382681315
vn 0.92388041 -1.67275315e-08 0.382681315
vn 0.92388041 -1.67275315e-08 0.382681315
vn 0.382680451 -4.0384111e-08 0.923880768
vn 0.382680451 -4.0384111e-08 0.923880768
vn 0.382680451 -4.0384111e-08 0.923880768
vn 0.382680451 -4.0384111e-08 0.923880768
vn 0 0.923879175 0.382684295
vn 0 0.923879175 0.382684295
vn 0 0.923879175 0.382684295
vn 0 0.923879175 0.382684295
vn 0 0.382683498 0.923879505
vn 0 0.382683498 0.923879505
vn 0 0.382683498 0.923879505
vn 0 0.382683498 0.923879505
vn 0.382684352 0.923879152 4.10820382e-07
vn 0.382684352 0.923879152 4.10820382e-07
vn 0.382684352 0.923879152 4.10820382e-07
vn 0.382684352 0.923879152 4.10820382e-07
vn 0.923879181 0.38268428 1.40206386e-07
vn 0.923879181 0.38268428 1.40206386e-07
vn 0.923879181 0.38268428 1.40206386e-07
vn 0.923879181 0.38268428 1.40206386e-07
vn 0.382682107 2.15193958e-07 0.923880081
vn 0.382682107 2.15193958e-07 0.923880081
vn 0.382682107 2.15193958e-07 0.923880081
vn 0.382682107 2.15193958e-07 0.923880081
vn 0.923878855 2.38850066e-07 0.382685068
vn 0.923878855 2.38850066e-07 0.382685068
vn 0.923878855 2.38850066e-07 0.382685068
vn 0.923878855 2.38850066e-07 0.382685068
vn -0.382684229 -8.53957773e-08 -0.923879202
vn -0.92387995 -4.86392797e-07 -0.382682425
vn 0.923879908 -0.382682526 6.28329574e-08
vn -0.382683119 0.923879662 -1.09376614e-07
vn 0.923880081 1.67275662e-08 -0.382682107
vn 0.923880081 1.67275662e-08 -0.382682107
vn 0.923880081 1.67275662e-08 -0.382682107
vn 0.923880081 1.67275662e-08 -0.382682107
vn 0.382683391 4.03840577e-08 -0.92387955
vn 0.382683391 4.03840577e-08 -0.92387955
vn 0.382683391 4.03840577e-08 -0.92387955
vn 0.382683391 4.03840577e-08 -0.92387955
vn 0.923879111 -0.382684449 -1.67276686e-08
vn 0.923879111 -0.382684449 -1.67276686e-08
vn 0.923879111 -0.382684449 -1.67276686e-08
vn 0.923879111 -0.382684449 -1.67276686e-08
vn 0.382683759 -0.923879397 -4.03840511e-08
vn 0.382683759 -0.923879397 -4.03840511e-08
vn 0.382683759 -0.923879397 -4.03840511e-08
vn 0.382683759 -0.923879397 -4.03840511e-08
vn 0 -0.382683799 0.92387938
vn 0 -0.382683799 0.92387938
vn 0 -0.382683799 0.92387938
vn 0 -0.382683799 0.92387938
vn 0 -0.923879168 0.382684312
vn 0 -0.923879168 0.382684312
vn 0 -0.923879168 0.382684312
vn 0 -0.923879168 0.382684312
vn -0.382684378 -0.923879141 1.09376554e-07
vn 0.245141758 0.969487245 -1.5301069e-07
vn 0.923880092 0.382682082 -5.81528171e-08
vn 0 0.382681677 -0.92388026
vn 0 0.382681677 -0.92388026
vn 0 0.382681677 -0.92388026
vn 0 0.382681677 -0.92388026
vn 0 0.923879577 -0.382683325
vn 0 0.923879577 -0.382683325
vn 0 0.923879577 -0.382683325
vn 0 0.923879577 -0.382683325
vn 0 0.923879577 -0.382683325
vn 0 0.923879577 -0.382683325
vn 0 0.382680758 0.92388064
vn 0 0.382680758 0.92388064
vn 0 0.382680758 0.92388064
vn 0 0.382680758 0.92388064
vn 0 0.923879758 0.382682889
vn 0 0.923879768 0.382682863
vn 0 0.923879758 0.382682889
vn 0 0.923879768 0.382682863
vn 0 0.923879768 0.382682863
vn 0 0.923879768 0.382682863
vn 0 -0.923879124 -0.382684418
vn 0 -0.923879135 -0.382684392
vn 0 -0.382682486 -0.923879924
vn 0 -0.382681232 0.923880444
vn 0 -0.382681258 0.923880433
vn 0 -0.382681232 0.923880444
vn 0 -0.382681232 0.923880444
vn 0 -0.382681258 0.923880433
vn 0 -0.923879251 0.382684113
vn 0 -0.92387924 0.382684138
vn 0 -0.923879251 0.382684113
vn 0 -0.92387924 0.382684138
vn 0 -0.923879353 0.382683867
vn 0 -0.923879353 0.382683867
vn 0 -0.923879353 0.382683867
vn 0 -0.923879353 0.382683867
vn 0 -0.382682461 -0.923879935
vn 0 -0.382682486 -0.923879924
vn 0 -0.382682486 -0.923879924
vn 0 -0.382682461 -0.923879935
vn 0 -0.923879544 -0.382683405
vn 0 -0.923879544 -0.382683405
vn 0 -0.923879544 -0.382683405
vn 0 -0.923879544 -0.382683405
vn 0 0.970253855 0.242089771
vn 0 0.970253851 0.242089785
vn 0 0.970253855 0.242089771
vn 0 0.970253851 0.242089785
vn 0 0.970253851 0.242089785
vn 0 0.970253851 0.242089785
vn 0 0.923879128 -0.382684409
vn -3.27711233e-07 0.923879281 -0.382684041
vn 0 -1 1.61338896e-07
vn 0 -1 1.61441939e-07
vn 0 -1 1.61441939e-07
vn 0 -1 1.61338896e-07
vn 1 -1.21583724e-07 -5.31459339e-15
vn 1 -1.21583724e-07 -5.31459339e-15
vn 0 -1 1.61642198e-07
vn 0 -1 1.61609769e-07
vn 0 -1 1.61757917e-07
vn 0 -1 1.61970867e-07
vn 0 -1 1.61544953e-07
vn 0 -2.86689421e-07 -1
vn 0 1 -1.37714871e-07
vn 1 0 0
vn 1 0 0
vn 1 0 0
vn 1 0 0
vn 1 0 0
vn 1 0 0
vn 1 -1.19672336e-07 -5.23104395e-15
vn 1 -1.19672322e-07 -5.23104333e-15
vn 0 -4.37113883e-08 1
vn 0 -4.37113883e-08 1
vn 0 -4.37113883e-08 1
vn 0 -4.37113883e-08 1
vn 0 -2.81495637e-07 -1
vn 0 -2.81495637e-07 -1
vn 0 1 5.82099794e-07
vn 0 4.37113883e-08 -1
vn 0 -5.20902525e-07 -1
vn 0 4.37113883e-08 -1
vn 0 -5.20902525e-07 -1
vn 0 -5.20902468e-07 -1
vn 0 -5.20902468e-07 -1
vn 0 1 -8.02842983e-07
vn 0 1 -8.02842983e-07
vn 0 1 -2.88591124e-08
vn -1 0 0
vn -1 0 0
vn -1 0 0
vn -1 0 0
vn 1 1.15149499e-08 5.03334445e-16
vn 1 7.67665842e-09 3.35557397e-16
vn 1 7.13510744e-08 3.11885452e-15
vn 1 1.42702135e-07 6.23770841e-15
vn 0 1 4.37113883e-08
vn 0 1 4.37113883e-08
vn 0 -1 1.62270702e-07
vn 0 -1 1.61313501e-07
vn 0 -1 1.61313501e-07
vn 0 -2.86689421e-07 -1
vn 0 -1.21489016e-07 -1
vn 0 -2.86689421e-07 -1
vn 0 -1.76555808e-07 -1
vn 0 4.37113883e-08 -1
vn 0 4.37113883e-08 -1
vn 0 -2.86689421e-07 -1
vn -1 0 0
vn 0 -1 1.01429613e-07
vn 0 -1.73093348e-07 -1
vn 0 -2.81495723e-07 -1
vn 0 -1.18892153e-07 -1
vn 0 -2.81495694e-07 -1
vn 0 -2.81495637e-07 -1
vn 1 7.79920306e-09 3.40913993e-16
vn 1 1.44981129e-07 6.33732644e-15
vn 1 7.24905362e-08 3.16866198e-15
vn 1 1.16987549e-08 5.11368816e-16
vn 1 0 0
vn 0 1 -8.02842983e-07
vn 0 1 4.37113883e-08
vn 0 1 -5.20658212e-07
vn 0 1 4.37113883e-08
vn 0 1 4.37113883e-08
vn 0 -0.923879145 -0.382684367
vn 0 -0.923879145 -0.382684367
vn 6.91297533e-08 -0.923879175 -0.382684295
vn 0 -0.923879124 -0.382684418
vn 0 -0.382682486 -0.923879924
vn 3.46112789e-08 -0.382682905 -0.923879751
vn 3.4611282e-08 -0.382682931 -0.92387974
vn 0 -0.382682558 -0.923879895
vn 0 -0.382682486 -0.923879924
vn 0 -0.382682558 -0.923879895
vn 6.92225515e-08 -0.382683596 -0.923879465
vn 6.92225515e-08 -0.382683596 -0.923879465
vn 6.91297399e-08 -0.923879186 -0.38268427
vn -0.0996094487 -0.961191777 0.257270918
vn -0.0996094487 -0.961191777 0.257270918
vn -0.0996094487 -0.961191777 0.257270918
vn -0.0996094487 -0.961191777 0.257270918
vn -0.08146737 -0.993340881 0.0814675501
vn -0.08146737 -0.993340881 0.0814675501
vn -0.08146737 -0.993340881 0.0814675501
vn -0.08146737 -0.993340881 0.0814675501
vn -0.25727069 -0.961191824 0.0996095849
vn -0.25727069 -0.961191824 0.0996095849
vn -0.25727069 -0.961191824 0.0996095849
vn -0.25727069 -0.961191824 0.0996095849
vn -0.861977411 -0.388941814 0.325144904
vn -0.861977411 -0.388941814 0.325144904
vn -0.861977411 -0.388941814 0.325144904
vn -0.861977411 -0.388941814 0.325144904
vn -0.325144014 -0.38894069 0.861978254
vn -0.325144014 -0.38894069 0.861978254
vn -0.325144014 -0.38894069 0.861978254
vn -0.325144014 -0.38894069 0.861978254
vn -0.0853690587 0.985911312 0.143843695
vn -0.0853690587 0.985911312 0.143843695
vn -0.0853690587 0.985911312 0.143843695
vn -0.0853690587 0.985911312 0.143843695
vn -0.144494653 0.985808486 0.0854571444
vn -0.144494653 0.985808486 0.0854571444
vn -0.144494653 0.985808486 0.0854571444
vn -0.144494653 0.985808486 0.0854571444
vn -0.0564416582 0.996809318 0.0564404352
vn -0.0564416582 0.996809318 0.0564404352
vn -0.0564416582 0.996809318 0.0564404352
vn -0.0564416582 0.996809318 0.0564404352
vn 1.09039231e-07 0.923879609 -0.382683248
vn 4.36750755e-07 0.923879465 -0.382683596
vn 1.09039233e-07 0.923879628 -0.382683202
vn -3.27711567e-07 0.923879259 -0.382684091
vn 4.36750494e-07 0.923879454 -0.382683621
vn 0 0.923879107 -0.38268446
vn 0 0.923879107 -0.38268446
vn -1.0933643e-07 0.382682889 -0.923879758
vn -1.09336446e-07 0.382682986 -0.923879717
vn -1.09336361e-07 0.382682986 -0.923879717
vn -2.89652742e-08 0.382682567 -0.923879891
vn -1.09336396e-07 0.382682863 -0.923879768
vn -2.89652941e-08 0.382682541 -0.923879902
vn 0.923879387 -0.382683784 6.51630575e-08
vn 0.923879704 -0.382683018 2.44164224e-07
vn 0.923879397 -0.382683759 6.51630596e-08
vn 0.923879704 -0.382683018 2.44164281e-07
vn 0.923879234 -0.382684153 6.34128988e-08
vn 0.923879601 -0.382683268 4.23165316e-07
vn 0.923879601 -0.382683268 4.23165316e-07
vn 0.382684971 -0.923878895 1.43869988e-07
vn 0.382684971 -0.923878895 1.43870003e-07
vn 0.382684403 -0.92387913 2.86167299e-07
vn 0.382684403 -0.92387913 2.86167328e-07
vn 0.382683907 -0.923879336 4.21640431e-07
vn 0.382683907 -0.923879336 4.21640431e-07
vn 0.325057235 -0.325057196 -0.888074104
vn 0.325057235 -0.325057196 -0.888074104
vn 0.325057235 -0.325057196 -0.888074104
vn 0.325057235 -0.325057196 -0.888074104
vn 0.8880737 -0.325058184 -0.325057348
vn 0.8880737 -0.325058184 -0.325057348
vn 0.8880737 -0.325058184 -0.325057348
vn 0.8880737 -0.325058184 -0.325057348
vn 0.325057387 -0.888073549 -0.325058559
vn 0.325057387 -0.888073549 -0.325058559
vn 0.325057387 -0.888073549 -0.325058559
vn 0.325057387 -0.888073549 -0.325058559
vn 0.923879253 0.382684106 -4.20022667e-07
vn 0.923879581 0.382683314 -3.04050003e-07
vn 0.923879264 0.382684081 -4.20023185e-07
vn 0.923879611 0.382683242 -3.0404957e-07
vn 0.923879643 0.382683166 2.48674076e-07
vn 0.923879643 0.382683166 2.48674076e-07
vn 0.382683835 0.923879366 4.03840497e-08
vn 0.38268334 0.923879571 4.03840587e-08
vn 0.382683784 0.923879387 4.03840506e-08
vn 0.38268334 0.923879571 4.03840587e-08
vn 0.382683365 0.92387956 4.03840582e-08
vn 0.382683365 0.92387956 4.03840582e-08
vn 0.888074145 0.325057903 -0.325056414
vn 0.888074145 0.325057903 -0.325056414
vn 0.888074145 0.325057903 -0.325056414
vn 0.888074145 0.325057903 -0.325056414
vn 0.325059258 0.325056734 -0.888073532
vn 0.325059258 0.325056734 -0.888073532
vn 0.325059258 0.325056734 -0.888073532
vn 0.325059258 0.325056734 -0.888073532
vn 0.325057385 0.888072259 -0.325062084
vn 0.325057385 0.888072259 -0.325062084
vn 0.325057385 0.888072259 -0.325062084
vn 0.325057385 0.888072259 -0.325062084
vn 0.923879304 1.67276482e-08 -0.382683984
vn 0.923879285 1.67276502e-08 -0.38268403
vn 0.92387955 1.67276223e-08 -0.382683391
vn 0.923879469 9.61560718e-08 -0.382683585
vn 0.923879469 9.61560292e-08 -0.382683585
vn 0.923879785 1.75584444e-07 -0.382682823
vn 0.923879785 1.75584444e-07 -0.382682823
vn 0.382683585 -2.34510812e-07 -0.923879469
vn 0.382683585 -2.34510755e-07 -0.923879469
vn 0.38268245 4.03840748e-08 -0.923879939
vn 0.382684848 -5.09405503e-07 -0.923878946
vn 0.382684848 -5.09405503e-07 -0.923878946
vn 0.382682476 4.03840743e-08 -0.923879929
vn 0.382683289 4.03840596e-08 -0.923879592
vn 0.382683242 4.03840604e-08 -0.923879611
vn 0.382683094 -2.28774524e-07 -0.923879673
vn 0.382683094 -2.28774723e-07 -0.923879673
vn 0.923879785 -8.56773039e-07 -0.382682823
vn 0.923879766 -8.56774894e-07 -0.382682869
vn 0.92387952 1.67276254e-08 -0.382683462
vn -0.862856267 0.357406153 0.357407197
vn -0.862856267 0.357406153 0.357407197
vn -0.862856267 0.357406153 0.357407197
vn -0.862856267 0.357406153 0.357407197
vn -0.357407173 0.862855753 0.357407419
vn -0.357407173 0.862855753 0.357407419
vn -0.357407173 0.862855753 0.357407419
vn -0.357407173 0.862855753 0.357407419
vn -0.35740549 0.357407062 0.862856598
vn -0.35740549 0.357407062 0.862856598
vn -0.35740549 0.357407062 0.862856598
vn -0.35740549 0.357407062 0.862856598
vn -0.862856145 0.357406896 0.357406749
vn -0.862856145 0.357406896 0.357406749
vn -0.862856145 0.357406896 0.357406749
vn -0.862856145 0.357406896 0.357406749
vn -0.357407149 0.862856364 0.357405965
vn -0.357407149 0.862856364 0.357405965
vn -0.357407149 0.862856364 0.357405965
vn -0.357407149 0.862856364 0.357405965
vn -0.357406737 0.357404256 0.862857243
vn -0.357406737 0.357404256 0.862857243
vn -0.357406737 0.357404256 0.862857243
vn -0.357406737 0.357404256 0.862857243
vn 0.961192263 0.0996088585 0.257269331
vn 0.961192263 0.0996088585 0.257269331
vn 0.961192263 0.0996088585 0.257269331
vn 0.961192263 0.0996088585 0.257269331
vn 0.388941679 0.325142826 0.861978255
vn 0.388941679 0.325142826 0.861978255
vn 0.388941679 0.325142826 0.861978255
vn 0.388941679 0.325142826 0.861978255
vn 0.38894119 0.861977901 0.325144351
vn 0.38894119 0.861977901 0.325144351
vn 0.38894119 0.861977901 0.325144351
vn 0.38894119 0.861977901 0.325144351
vn 0.961192304 0.25726884 0.0996097358
vn 0.961192304 0.25726884 0.0996097358
vn 0.961192304 0.25726884 0.0996097358
vn 0.961192304 0.25726884 0.0996097358
vn 0.99334105 0.0814665538 0.0814663076
vn 0.99334105 0.0814665538 0.0814663076
vn 0.99334105 0.0814665538 0.0814663076
vn 0.99334105 0.0814665538 0.0814663076
vn -0.0996088062 0.257268643 -0.961192453
vn -0.0996088062 0.257268643 -0.961192453
vn -0.0996088062 0.257268643 -0.961192453
vn -0.0996088062 0.257268643 -0.961192453
vn -0.325144145 0.861977842 -0.388941493
vn -0.325144145 0.861977842 -0.388941493
vn -0.325144145 0.861977842 -0.388941493
vn -0.325144145 0.861977842 -0.388941493
vn -0.861977761 0.325144548 -0.388941336
vn -0.861977761 0.325144548 -0.388941336
vn -0.861977761 0.325144548 -0.388941336
vn -0.861977761 0.325144548 -0.388941336
vn -0.257268875 0.0996090667 -0.961192363
vn -0.257268875 0.0996090667 -0.961192363
vn -0.257268875 0.0996090667 -0.961192363
vn -0.257268875 0.0996090667 -0.961192363
vn -0.081465578 0.0814663591 -0.993341126
vn -0.081465578 0.0814663591 -0.993341126
vn -0.081465578 0.0814663591 -0.993341126
vn -0.081465578 0.0814663591 -0.993341126
vn -0.0996080867 -0.257270504 -0.961192029
vn -0.0996080867 -0.257270504 -0.961192029
vn -0.0996080867 -0.257270504 -0.961192029
vn -0.0996080867 -0.257270504 -0.961192029
vn -0.0814685765 -0.08146787 -0.993340756
vn -0.0814685765 -0.08146787 -0.993340756
vn -0.0814685765 -0.08146787 -0.993340756
vn -0.0814685765 -0.08146787 -0.993340756
vn -0.257269323 -0.0996089752 -0.961192253
vn -0.257269323 -0.0996089752 -0.961192253
vn -0.257269323 -0.0996089752 -0.961192253
vn -0.257269323 -0.0996089752 -0.961192253
vn -0.861977391 -0.325144897 -0.388941865
vn -0.861977391 -0.325144897 -0.388941865
vn -0.861977391 -0.325144897 -0.388941865
vn -0.861977391 -0.325144897 -0.388941865
vn -0.325144408 -0.86197833 -0.388940191
vn -0.325144408 -0.86197833 -0.388940191
vn -0.325144408 -0.86197833 -0.388940191
vn -0.325144408 -0.86197833 -0.388940191
vn 0.388940311 -0.325143261 0.861978709
vn 0.388940311 -0.325143261 0.861978709
vn 0.388940311 -0.325143261 0.861978709
vn 0.388940311 -0.325143261 0.861978709
vn 0.961192165 -0.0996093911 0.257269491
vn 0.961192165 -0.0996093911 0.257269491
vn 0.961192165 -0.0996093911 0.257269491
vn 0.961192165 -0.0996093911 0.257269491
vn 0.993341099 -0.081465964 0.0814662922
vn 0.993341099 -0.081465964 0.0814662922
vn 0.993341099 -0.081465964 0.0814662922
vn 0.993341099 -0.081465964 0.0814662922
vn 0.961192122 -0.257269295 0.0996103165
vn 0.961192122 -0.257269295 0.0996103165
vn 0.961192122 -0.257269295 0.0996103165
vn 0.961192122 -0.257269295 0.0996103165
vn 0.388941328 -0.861977018 0.325146527
vn 0.388941328 -0.861977018 0.325146527
vn 0.388941328 -0.861977018 0.325146527
vn 0.388941328 -0.861977018 0.325146527
vn -0.357405903 -0.357404302 0.86285757
vn -0.357405903 -0.357404302 0.86285757
vn -0.357405903 -0.357404302 0.86285757
vn -0.357405903 -0.357404302 0.86285757
vn -0.357407063 -0.862855628 0.35740783
vn -0.357407063 -0.862855628 0.35740783
vn -0.357407063 -0.862855628 0.35740783
vn -0.357407063 -0.862855628 0.35740783
vn -0.357406816 -0.862855487 0.357408417
vn -0.357406816 -0.862855487 0.357408417
vn -0.357406816 -0.862855487 0.357408417
vn -0.357406816 -0.862855487 0.357408417
vn -0.862855848 -0.357406988 0.357407374
vn -0.862855848 -0.357406988 0.357407374
vn -0.862855848 -0.357406988 0.357407374
vn -0.862855848 -0.357406988 0.357407374
vn 0.382682797 -6.65523934e-07 -0.923879795
vn 0.382683958 -4.73880688e-07 -0.923879315
vn 0.382682772 -6.65523828e-07 -0.923879806
vn 0.382684551 -1.14646054e-07 -0.923879069
vn 0.382684551 -1.14646054e-07 -0.923879069
vn 0.382683984 -4.73880398e-07 -0.923879304
vn 0.923879929 -8.48403175e-08 -0.382682476
vn 0.923879939 -8.4842359e-08 -0.38268245
vn 0.92387995 6.15280329e-07 -0.382682425
vn 0.923879959 6.15279443e-07 -0.382682404
vn 0.92387995 -3.30033259e-07 -0.382682425
vn 0.92387995 -3.30033259e-07 -0.382682425
vn 0 -1 1.61544953e-07
vn 1.38259491e-07 -0.923879226 -0.382684172
vn 1.38259491e-07 -0.923879226 -0.382684172
vn 0 0.382683257 -0.923879605
vn 0 0.382683257 -0.923879605
vn 0.382680896 -4.03841029e-08 0.923880583
vn 0.382680896 -4.03841029e-08 0.923880583
vn 0.382680896 -4.03841029e-08 0.923880583
vn 0.382680896 -4.03841029e-08 0.923880583
vn 0.923879867 -1.67275888e-08 0.382682624
vn 0.923879867 -1.67275888e-08 0.382682624
vn 0.923879867 -1.67275888e-08 0.382682624
vn 0.923879867 -1.67275888e-08 0.382682624
vn -0.92388041 -1.67275315e-08 0.382681315
vn -0.92388041 -1.67275315e-08 0.382681315
vn -0.92388041 -1.67275315e-08 0.382681315
vn -0.92388041 -1.67275315e-08 0.382681315
vn -0.382680451 -4.0384111e-08 0.923880768
vn -0.382680451 -4.0384111e-08 0.923880768
vn -0.382680451 -4.0384111e-08 0.923880768
vn -0.382680451 -4.0384111e-08 0.923880768
vn 0 0.923879175 0.382684295
vn 0 0.923879175 0.382684295
vn 0 0.923879175 0.382684295
vn 0 0.923879175 0.382684295
vn 0 0.382683498 0.923879505
vn 0 0.382683498 0.923879505
vn 0 0.382683498 0.923879505
vn 0 0.382683498 0.923879505
vn -0.382684352 0.923879152 4.10820382e-07
vn -0.382684352 0.923879152 4.10820382e-07
vn -0.382684352 0.923879152 4.10820382e-07
vn -0.382684352 0.923879152 4.10820382e-07
vn -0.923879213 0.382684204 1.40206358e-07
vn -0.923879213 0.382684204 1.40206358e-07
vn -0.923879213 0.382684204 1.40206358e-07
vn -0.923879213 0.382684204 1.40206358e-07
vn -0.382682107 2.58624688e-07 0.923880081
vn -0.382682107 2.58624688e-07 0.923880081
vn -0.382682107 2.58624688e-07 0.923880081
vn -0.382682107 2.58624688e-07 0.923880081
vn -0.923878855 1.53142539e-07 0.382685068
vn -0.923878855 1.53142539e-07 0.382685068
vn -0.923878855 1.53142539e-07 0.382685068
vn -0.923878855 1.53142539e-07 0.382685068
vn -0.923880174 1.67275564e-08 -0.382681882
vn -0.923880174 1.67275564e-08 -0.382681882
vn -0.923880174 1.67275564e-08 -0.382681882
vn -0.923880174 1.67275564e-08 -0.382681882
vn -0.382683391 4.03840577e-08 -0.92387955
vn -0.382683391 4.03840577e-08 -0.92387955
vn -0.382683391 4.03840577e-08 -0.92387955
vn -0.382683391 4.03840577e-08 -0.92387955
vn 1 0 0
vn -0.923879111 -0.382684449 -1.67276686e-08
vn -0.923879111 -0.382684449 -1.67276686e-08
vn -0.923879111 -0.382684449 -1.67276686e-08
vn -0.923879111 -0.382684449 -1.67276686e-08
vn -0.382683835 -0.923879366 -4.03840497e-08
vn -0.382683835 -0.923879366 -4.03840497e-08
vn -0.382683835 -0.923879366 -4.03840497e-08
vn -0.382683835 -0.923879366 -4.03840497e-08
vn 0 -0.382683799 0.92387938
vn 0 -0.382683799 0.92387938
vn 0 -0.382683799 0.92387938
vn 0 -0.382683799 0.92387938
vn 0 -0.923879168 0.382684312
vn 0 -0.923879168 0.382684312
vn 0 -0.923879168 0.382684312
vn 0 -0.923879168 0.382684312
vn -0.382684378 -0.923879141 1.09376554e-07
vn -0.382683119 0.923879662 -1.46816787e-07
vn 0 0.382681677 -0.92388026
vn 0 0.382681677 -0.92388026
vn 0 0.382680758 0.92388064
vn 0 0.382680758 0.92388064
vn 0 -0.382681232 0.923880444
vn 0 -0.923879251 0.382684113
vn 0 -0.923879251 0.382684113
vn 0 -0.923879353 0.382683867
vn 0 -0.923879353 0.382683867
vn 0 -0.382682461 -0.923879935
vn 0 -0.382682461 -0.923879935
vn 0 -0.923879544 -0.382683405
vn 0 -0.923879544 -0.382683405
vn -0.998297843 0.0583216607 -9.97201932e-09
vn -0.998297847 0.0583215901 -9.97202156e-09
vn -0.998297847 0.0583215901 -9.97202156e-09
vn -0.998297843 0.0583216607 -9.97201932e-09
vn -0.998297851 0.058321527 -9.97202437e-09
vn -0.998297851 0.058321527 -9.97202437e-09
vn -0.954658249 0.0714712999 -0.288997372
vn -0.954658249 0.0714712999 -0.288997372
vn -0.954658249 0.0714712999 -0.288997372
vn -0.954658249 0.0714712999 -0.288997372
vn 0 0.0603205095 -0.99817906
vn 0 0.0603205095 -0.99817906
vn 0 0.0603205132 -0.99817906
vn 0 0.0603205095 -0.99817906
vn 0 0.0603210419 0.998179028
vn 0 0.0603210419 0.998179028
vn 0 0.0603210419 0.998179028
vn 0 0.0603210419 0.998179028
vn 0 0.0603210419 0.998179028
vn 0 0.0603210419 0.998179028
vn 0.289127503 0.0728075769 0.954517859
vn 0.289127503 0.0728075769 0.954517859
vn 0.289127503 0.0728075769 0.954517859
vn 0.289127503 0.0728075769 0.954517859
vn 0.289128303 0.0728070555 -0.954517657
vn 0.289128303 0.0728070555 -0.954517657
vn 0.289128303 0.0728070555 -0.954517657
vn 0.289128303 0.0728070555 -0.954517657
vn -0.289128182 0.0728075156 0.954517658
vn -0.289128182 0.0728075156 0.954517658
vn -0.289128182 0.0728075156 0.954517658
vn -0.289128182 0.0728075156 0.954517658
vn 0.954658244 0.0714714679 0.288997347
vn 0.954658244 0.0714714679 0.288997347
vn 0.954658244 0.0714714679 0.288997347
vn 0.954658244 0.0714714679 0.288997347
vn 0.998297843 0.0583216607 -9.97201932e-09
vn 0.998297847 0.0583215901 -9.97202156e-09
vn 0.998297843 0.0583216607 -9.97201932e-09
vn 0.998297847 0.0583215901 -9.97202156e-09
vn 0.998297851 0.058321527 -9.97202437e-09
vn 0.998297851 0.058321527 -9.97202437e-09
vn 0.954658257 0.0714713005 -0.288997345
vn 0.954658257 0.0714713005 -0.288997345
vn 0.954658257 0.0714713005 -0.288997345
vn 0.954658257 0.0714713005 -0.288997345
vn -0.289128302 0.0728071 -0.954517654
vn -0.289128302 0.0728071 -0.954517654
vn -0.289128302 0.0728071 -0.954517654
vn -0.289128302 0.0728071 -0.954517654
vn -0.954658244 0.0714714679 0.288997347
vn -0.954658244 0.0714714679 0.288997347
vn -0.954658244 0.0714714679 0.288997347
vn -0.954658244 0.0714714679 0.288997347
vn 0 0.0603205095 -0.99817906
vn 0 0.0603205095 -0.99817906
vn -1.49079374e-10 1 -1.38463598e-07
vn -1.49079374e-10 1 -1.38463598e-07
vn -1.49079374e-10 1 -1.38463598e-07
vn -1.49079374e-10 1 -1.38463598e-07
vn -1.49079374e-10 1 -1.38463598e-07
vn -1.49079374e-10 1 -1.38463598e-07
vn -1.49079374e-10 1 -1.38463598e-07
vn -1.49079374e-10 1 -1.38463598e-07
vn -1.49079374e-10 1 -1.38463598e-07
vn -1.49079374e-10 1 -1.38463598e-07
vn -1.49079374e-10 1 -1.38463598e-07
vn -1.49079374e-10 1 -1.38463598e-07
vn -1.49079374e-10 1 -1.38463598e-07
vn -1.49079374e-10 1 -1.38463598e-07
vn -1.49079374e-10 1 -1.38463598e-07
vn -1.49079374e-10 1 -1.38463598e-07
vn -1 0 0
vn -1 0 0
vn -1 0 0
vn -1 0 0
vn -1 0 0
vn -1 0 0
vn 0 4.37113883e-08 -1
vn -4.34492016e-08 4.37113883e-08 -1
vn -4.34492016e-08 4.37113883e-08 -1
vn 4.34492016e-08 4.37113883e-08 -1
vn 0 4.37113883e-08 -1
vn 4.34492016e-08 4.37113883e-08 -1
vn -4.34496563e-08 -4.37113883e-08 1
vn 0 -4.37113883e-08 1
vn 0 -4.37113883e-08 1
vn -4.34496563e-08 -4.37113883e-08 1
vn 4.34496563e-08 -4.37113883e-08 1
vn 4.34496563e-08 -4.37113883e-08 1
vn -0.95968317 -1.22865718e-08 0.281083998
vn -0.95968317 -1.22865718e-08 0.281083998
vn -0.95968317 -1.22865718e-08 0.281083998
vn -0.95968317 -1.22865718e-08 0.281083998
vn 1 0 0
vn 1 0 0
vn 1 0 0
vn 1 0 0
vn 1 0 0
vn -0.281081401 4.19491169e-08 -0.95968393
vn -0.281081401 4.19491169e-08 -0.95968393
vn -0.281081401 4.19491169e-08 -0.95968393
vn -0.281081401 4.19491169e-08 -0.95968393
vn 0.959683117 1.22865797e-08 -0.281084179
vn 0.959683117 1.22865797e-08 -0.281084179
vn 0.959683117 1.22865797e-08 -0.281084179
vn 0.959683117 1.22865797e-08 -0.281084179
vn 1 0 0
vn 0.95968317 -1.22865718e-08 0.281083998
vn 0.95968317 -1.22865718e-08 0.281083998
vn 0.95968317 -1.22865718e-08 0.281083998
vn 0.95968317 -1.22865718e-08 0.281083998
vn -0.281081916 -4.19491103e-08 0.959683779
vn -0.281081916 -4.19491103e-08 0.959683779
vn -0.281081916 -4.19491103e-08 0.959683779
vn -0.281081916 -4.19491103e-08 0.959683779
vn 0.281081401 4.19491169e-08 -0.95968393
vn 0.281081401 4.19491169e-08 -0.95968393
vn 0.281081401 4.19491169e-08 -0.95968393
vn 0.281081401 4.19491169e-08 -0.95968393
vn 0.281081916 -4.19491103e-08 0.959683779
vn 0.281081916 -4.19491103e-08 0.959683779
vn 0.281081916 -4.19491103e-08 0.959683779
vn 0.281081916 -4.19491103e-08 0.959683779
vn -0.959683117 1.22865797e-08 -0.281084179
vn -0.959683117 1.22865797e-08 -0.281084179
vn -0.959683117 1.22865797e-08 -0.281084179
vn -0.959683117 1.22865797e-08 -0.281084179
vn -0.95546372 0.29510859 1.28996062e-08
vn -0.95546372 0.29510859 1.28996062e-08
vn -0.95546372 0.29510859 1.28996062e-08
vn -0.95546372 0.29510859 1.28996062e-08
vn 0.751009134 -0.660291815 -2.88622719e-08
vn 0.751009134 -0.660291815 -2.88622719e-08
vn 0.751009134 -0.660291815 -2.88622719e-08
vn 0.751009134 -0.660291815 -2.88622719e-08
vn 0.965925732 -0.258819396 -1.13133551e-08
vn 0.965925732 -0.258819396 -1.13133551e-08
vn 0.965925732 -0.258819396 -1.13133551e-08
vn 0.965925732 -0.258819396 -1.13133551e-08
vn 0.965925732 0.258819396 1.13133551e-08
vn 0.965925732 0.258819396 1.13133551e-08
vn 0.965925732 0.258819396 1.13133551e-08
vn 0.965925732 0.258819396 1.13133551e-08
vn 0.707106751 0.707106811 -1.16396605e-06
vn 0.707106751 0.707106811 -1.16396605e-06
vn 0.707106751 0.707106811 -1.16396605e-06
vn 0.707106751 0.707106811 -1.16396605e-06
vn 0.25881934 0.965925747 4.22219554e-08
vn 0.25881934 0.965925747 4.22219554e-08
vn 0.25881934 0.965925747 4.22219554e-08
vn 0.25881934 0.965925747 4.22219554e-08
vn -0.258818711 0.965925916 4.22219628e-08
vn -0.258818711 0.965925916 4.22219628e-08
vn -0.258818711 0.965925916 4.22219628e-08
vn -0.258818711 0.965925916 4.22219628e-08
vn -0.707106483 0.707107079 3.09086321e-08
vn -0.707106483 0.707107079 3.09086321e-08
vn -0.707106483 0.707107079 3.09086321e-08
vn -0.707106483 0.707107079 3.09086321e-08
vn -0.965925657 0.258819676 1.13133673e-08
vn -0.965925657 0.258819676 1.13133673e-08
vn -0.965925657 0.258819676 1.13133673e-08
vn -0.965925657 0.258819676 1.13133673e-08
vn -0.96592596 -0.258818545 -1.13133179e-08
vn -0.96592596 -0.258818545 -1.13133179e-08
vn -0.96592596 -0.258818545 -1.13133179e-08
vn -0.96592596 -0.258818545 -1.13133179e-08
vn -1.42057942e-07 -2.11708716e-07 -1
vn 0 -2.06819983e-07 -1
vn 0 -2.06819983e-07 -1
vn 0 -2.06819983e-07 -1
vn -2.87638557e-07 -2.10779469e-07 -1
vn 0 -2.06819983e-07 -1
vn 0 -2.06819983e-07 -1
vn 0 -2.06819983e-07 -1
vn 0 -2.06819983e-07 -1
vn 0 -2.06819983e-07 -1
vn -2.68860219e-07 -2.16072472e-07 -1
vn 0 -2.06819983e-07 -1
vn 5.75276395e-08 -2.10779525e-07 -1
vn -0.751009634 -0.660291246 -2.88622471e-08
vn -0.751009634 -0.660291246 -2.88622471e-08
vn -0.751009634 -0.660291246 -2.88622471e-08
vn -0.751009634 -0.660291246 -2.88622471e-08
vn 0.163272154 -0.986581068 -4.31248281e-08
vn 0.163272154 -0.986581068 -4.31248281e-08
vn 0.163272154 -0.986581068 -4.31248281e-08
vn 0.163272154 -0.986581068 -4.31248281e-08
vn -0.163271937 -0.986581104 -4.31248297e-08
vn -0.163271937 -0.986581104 -4.31248297e-08
vn -0.163271937 -0.986581104 -4.31248297e-08
vn -0.163271937 -0.986581104 -4.31248297e-08
vn 0.955463814 0.295108285 1.28995928e-08
vn 0.955463814 0.295108285 1.28995928e-08
vn 0.955463814 0.295108285 1.28995928e-08
vn 0.955463814 0.295108285 1.28995928e-08
vn -6.7215035e-07 -2.16072443e-07 -1
vn 1.34429925e-07 -2.160725e-07 -1
vn 0.707107079 0.707106483 3.0908606e-08
vn 0.707107079 0.707106483 3.0908606e-08
vn 0.707107079 0.707106483 3.0908606e-08
vn 0.707107079 0.707106483 3.0908606e-08
vn 0 -4.37113883e-08 1
vn 3.10809412e-07 -4.37113883e-08 1
vn 3.82256871e-07 -4.37113883e-08 1
vn 0 -4.37113883e-08 1
vn 0 -4.37113883e-08 1
vn 0 -4.37113883e-08 1
vn 0 -4.37113883e-08 1
vn 0 -4.37113883e-08 1
vn 3.51630632e-07 -4.37113883e-08 1
vn 4.4803474e-07 -4.37113883e-08 1
vn 2.38182253e-07 3.74664758e-07 1
vn 1.61625152e-07 4.33390035e-07 1
vn -4.34251498e-14 8.41978256e-07 1
vn 3.10179671e-14 8.41978313e-07 1
vn -1.61625252e-07 4.33389864e-07 1
vn -2.38182352e-07 3.74664587e-07 1
vn -4.48035081e-07 -4.37113883e-08 1
vn -3.51630405e-07 -4.37113883e-08 1
vn -8.07554045e-07 -4.37113883e-08 1
vn -1.12119778e-06 -4.37113883e-08 1
vn -1.14329703e-06 -4.37113883e-08 1
vn -8.61358046e-07 -4.37113883e-08 1
vn 1.49209029e-06 -4.37113883e-08 1
vn 1.00316367e-06 -4.37113883e-08 1
vn 1.07490564e-06 -4.37113883e-08 1
vn 1.36177266e-06 -4.37113883e-08 1
vn 3.24986786e-07 -4.37113883e-08 1
vn 3.24986843e-07 -4.37113883e-08 1
vn -1.07925598e-06 -4.37113883e-08 1
vn -1.07925598e-06 -4.37113883e-08 1
vn -1.07925598e-06 -4.37113883e-08 1
vn -1.07925598e-06 -4.37113883e-08 1
vn -1.07925598e-06 -4.37113883e-08 1
vn -1.07925598e-06 -4.37113883e-08 1
vn -1.07925598e-06 -4.37113883e-08 1
vn -1.07925598e-06 -4.37113883e-08 1
vn -1.07925598e-06 -4.37113883e-08 1
vn -1.07925598e-06 -4.37113883e-08 1
vn -1.07925598e-06 -4.37113883e-08 1
vn -1.07925598e-06 -4.37113883e-08 1
vn -1.07925598e-06 -4.37113883e-08 1
vn -1.07925598e-06 -4.37113883e-08 1
vn -0.965926009 -0.258818363 -1.131331e-08
vn -0.965926009 -0.258818363 -1.131331e-08
vn -0.965926009 -0.258818363 -1.131331e-08
vn -0.965926009 -0.258818363 -1.131331e-08
vn -0.166397606 0.986058739 2.64826483e-06
vn -0.166397606 0.986058739 2.64826483e-06
vn -0.166397606 0.986058739 2.64826483e-06
vn -0.166397606 0.986058739 2.64826483e-06
vn -0.70710544 -0.707108122 -3.09086777e-08
vn -0.70710544 -0.707108122 -3.09086777e-08
vn -0.70710544 -0.707108122 -3.09086777e-08
vn -0.70710544 -0.707108122 -3.09086777e-08
vn 0.166397263 0.986058797 4.31019989e-08
vn 0.166397263 0.986058797 4.31019989e-08
vn 0.166397263 0.986058797 4.31019989e-08
vn 0.166397263 0.986058797 4.31019989e-08
vn -0.258819843 -0.965925613 -4.22219495e-08
vn -0.258819843 -0.965925613 -4.22219495e-08
vn -0.258819843 -0.965925613 -4.22219495e-08
vn -0.258819843 -0.965925613 -4.22219495e-08
vn -0.968218412 -0.250106192 -1.09324889e-08
vn -0.968218412 -0.250106192 -1.09324889e-08
vn -0.968218412 -0.250106192 -1.09324889e-08
vn -0.968218412 -0.250106192 -1.09324889e-08
vn 0.258819787 -0.965925628 -4.22219502e-08
vn 0.258819787 -0.965925628 -4.22219502e-08
vn 0.258819787 -0.965925628 -4.22219502e-08
vn 0.258819787 -0.965925628 -4.22219502e-08
vn 0.968218336 -0.250106486 -1.09325017e-08
vn 0.968218336 -0.250106486 -1.09325017e-08
vn 0.968218336 -0.250106486 -1.09325017e-08
vn 0.968218336 -0.250106486 -1.09325017e-08
vn 0.70710544 -0.707108122 -3.09086777e-08
vn 0.70710544 -0.707108122 -3.09086777e-08
vn 0.70710544 -0.707108122 -3.09086777e-08
vn 0.70710544 -0.707108122 -3.09086777e-08
vn 0.9659255 -0.258820262 -1.1313393e-08
vn 0.9659255 -0.258820262 -1.1313393e-08
vn 0.9659255 -0.258820262 -1.1313393e-08
vn 0.9659255 -0.258820262 -1.1313393e-08
vn -0.707106811 0.707106751 3.09086178e-08
vn -0.707106811 0.707106751 3.09086178e-08
vn -0.707106811 0.707106751 3.09086178e-08
vn -0.707106811 0.707106751 3.09086178e-08
vn 0.965925979 0.258818474 1.13133148e-08
vn 0.965925979 0.258818474 1.13133148e-08
vn 0.965925979 0.258818474 1.13133148e-08
vn 0.965925979 0.258818474 1.13133148e-08
vn -0.96592577 0.258819257 1.1313349e-08
vn -0.96592577 0.258819257 1.1313349e-08
vn -0.96592577 0.258819257 1.1313349e-08
vn -0.96592577 0.258819257 1.1313349e-08
vn 0 0.707106303 0.707107259
vn 0 0.707106303 0.707107259
vn 0 0.382683524 0.923879495
vn 0 0.382683524 0.923879495
vn 0 0.923879554 0.38268338
vn 0 0.923879554 0.38268338
vn 0 0.0980178716 0.995184655
vn 0 0.0980178716 0.995184655
vn 0 0.382683524 0.923879495
vn 0 1.52026026e-07 1
vn 0 0.0980178716 0.995184655
vn 0 1.52026026e-07 1
vn 0 1.5202604e-07 1
vn 0 0.995184751 0.0980168918
vn 0 0.995184751 0.0980168918
vn 0 0.995184737 -0.0980170394
vn 0 0.995184737 -0.098017032
vn 0 0.923879554 0.38268338
vn 0 0.995184751 0.0980168918
vn 0 0.995184737 -0.098017032
vn 0 0.923879588 -0.382683299
vn 0 0.923879588 -0.382683299
vn 0 0.707106303 0.707107259
vn 0 -1.52026011e-07 -1
vn 0 0.0980174215 -0.995184699
vn 0 -1.52026011e-07 -1
vn 0 0.382683554 -0.923879482
vn 0 0.382683554 -0.923879482
vn 0 -1.52026011e-07 -1
vn 0 0.382683554 -0.923879482
vn 0 0.0980174215 -0.995184699
vn 0 0.0980174215 -0.995184699
vn -1 4.18488213e-08 1.82927008e-15
vn -1 4.18488213e-08 1.82927008e-15
vn -1 4.18488213e-08 1.82927008e-15
vn -1 4.18488213e-08 1.82927008e-15
vn -1 4.18488213e-08 1.82927008e-15
vn -1 4.18488213e-08 1.82927008e-15
vn -1 4.18488213e-08 1.82927008e-15
vn -1 4.18488213e-08 1.82927008e-15
vn -1 4.18488213e-08 1.82927008e-15
vn -1 4.18488213e-08 1.82927008e-15
vn -1 4.18488213e-08 1.82927008e-15
vn -1 4.18488213e-08 1.82927008e-15
vn 0 0.923879588 -0.382683299
vn 0 0.707106574 -0.707106989
vn 0 0.707106574 -0.707106989
vn 0 0.707106574 -0.707106989
vn 1 6.04482935e-08 2.64227883e-15
vn 1 6.04482935e-08 2.64227883e-15
vn 1 6.04482935e-08 2.64227883e-15
vn 1 6.04482935e-08 2.64227883e-15
vn 1 6.04482935e-08 2.64227883e-15
vn 1 6.04482935e-08 2.64227883e-15
vn 1 6.04482935e-08 2.64227883e-15
vn 1 6.04482935e-08 2.64227883e-15
vn 1 6.04482935e-08 2.64227883e-15
vn 1 6.04482935e-08 2.64227883e-15
vn 1 6.04482935e-08 2.64227883e-15
vn 1 6.04482935e-08 2.64227883e-15
vn -0.0493443421 0.998739659 -0.0091777091
vn -0.0539409168 0.998544129 -3.0495309e-07
vn -0.270586008 0.962606887 -0.0130841001
vn -0.0539412283 0.998544112 4.36477313e-08
vn -0.250550425 0.968103551 4.23171456e-08
vn -0.250550453 0.968103543 -2.43807387e-07
vn -0.437242713 0.899343544 -1.73011275e-07
vn -0.490227554 0.871436245 -0.0166077122
vn -0.437242425 0.899343684 3.9311561e-08
vn -0.43724233 0.89934373 -1.73011311e-07
vn -0.250550397 0.968103558 -1.28669209e-07
vn 0.12835045 0.0763814304 0.98878311
vn 0.253502074 0.164711808 0.953208644
vn 0.12729481 0.1717981 0.9768733
vn 0 0.0185395103 0.999828129
vn 0.129735825 0.018412224 0.99137763
vn 5.80862508e-05 0.0769528015 0.997034735
vn 0.255404734 0.0733530157 0.964047591
vn 0.000133853569 0.172626129 0.984987412
vn 0.109316605 0.00875236052 0.993968448
vn 0.257669694 0.017658326 0.966071691
vn 0.21513254 0.0183853047 0.976411784
vn 0 2.46544211e-07 1
vn 0 -4.37113883e-08 1
vn 0.0573067851 0.0319614943 0.997844875
vn 0.076889763 0.121551541 0.98960254
vn -0.990068096 -0.140300173 0.00900148469
vn -0.979090126 4.98319319e-09 0.203426951
vn -0.99992927 -5.19882491e-10 0.011893525
vn -0.958851691 -0.283346652 0.0178356381
vn -0.984573743 -0.0671859022 0.161556796
vn -0.990478412 -0.137668135 3.36142882e-08
vn -0.962094993 -0.272714547 6.65871899e-08
vn -1 7.25487297e-08 3.17120569e-15
vn -0.990478404 -0.137668193 3.65486598e-08
vn -0.962094942 -0.272714728 7.24012624e-08
vn -0.9605326 -0.278025566 0.00888305893
vn -0.00200066222 -0.999644556 0.0265849535
vn -0.190039884 -0.981713455 0.0111146231
vn -0.00192607316 -0.999944058 0.0104005284
vn -0.364934731 -0.931033105 1.5024116e-06
vn -0.185697142 -0.982607028 7.42259559e-07
vn -0.378184804 -0.925508758 0.0202433346
vn -0.371572935 -0.928348822 0.010100417
vn -0.0878316179 -0.978011096 0.189155763
vn 1.17544239e-07 -1 -4.37113883e-08
vn -0.00112140724 -0.971551713 0.236824854
vn 0 -0.970549616 0.240901314
vn -0.279308084 0.10334192 -0.954624241
vn -0.0543375736 -0.00301411558 -0.998518074
vn -0.057848554 0.113094559 -0.991898768
vn -0.0604286334 0.223641226 -0.972796475
vn -0.0604286334 0.223641226 -0.972796475
vn -0.999840861 -6.75237991e-07 0.0178396107
vn -0.924195347 1.05724094e-08 0.381920098
vn 0 7.7080081e-08 1
vn 0 1.9787155e-07 1
vn 0 1.9787155e-07 1
vn 0.014013004 0.0227305757 0.999643415
vn 0.0140882821 0.0829072589 0.996457679
vn 0 1.97871607e-07 1
vn -1 0 0
vn -0.990478384 -0.13766834 2.10283868e-08
vn -0.990478352 -0.137668567 4.81439077e-09
vn -1 7.25487297e-08 3.17120569e-15
vn -0.962094736 -0.272715453 9.53711003e-09
vn -0.990478338 -0.137668669 2.85733436e-08
vn -0.96209487 -0.27271498 4.16563228e-08
vn -1 -3.33806938e-08 -1.45911647e-15
vn -0.54131919 0.840163408 -0.0331509006
vn -0.185696646 -0.982607122 5.10403807e-08
vn -0.185696419 -0.982607165 2.21832053e-07
vn 1.85834054e-07 -1 5.38430314e-08
vn 1.39530059e-07 -1 -1.37514398e-07
vn -0.185696858 -0.982607082 -6.4362853e-09
vn -0.364932711 -0.931033897 1.37889376e-07
vn -0.185696048 -0.982607235 -1.96541001e-08
vn 8.95557548e-08 -1 -1.30892886e-07
vn 9.6087966e-08 -1 2.15635744e-07
vn -0.364933906 -0.931033428 8.31497545e-08
vn -0.364933334 -0.931033652 2.20311858e-07
vn -0.364934179 -0.931033321 1.02967977e-07
vn 0.921178596 0.0685325259 0.383057813
vn 0.976160256 0.0855279428 0.199489663
vn 0.923938243 0.157814835 0.348471808
vn 0.978628305 0.0337230782 0.202853135
vn 1 8.0508201e-08 3.51912523e-15
vn 1 -9.81540538e-08 -4.29044996e-15
vn 0.976077604 0.150742209 0.156682153
vn 0.922040616 0.0296826931 0.385953417
vn 0.97943012 0.0145837509 0.201255944
vn 1 -1.56341784e-07 -6.83391642e-15
vn -0.247744769 0.00470798786 -0.968813896
vn -0.0533979251 -0.091316197 -0.994389267
vn -0.053321293 0.0072234768 -0.998551281
vn -0.252183139 -0.00328250912 -0.967673958
vn -0.439686426 -0.00353764176 -0.898144382
vn -0.251638863 -0.088707071 -0.963747341
vn -0.432832262 0.00262945378 -0.901470642
vn -0.433802218 -0.092286056 -0.896269446
vn -0.0540183261 -0.32208218 -0.945169344
vn -0.255008433 -0.313259447 -0.914789166
vn -0.0547968183 -0.641710423 -0.764986956
vn -0.261602749 -0.621483686 -0.738459227
vn -0.257944527 -0.892139307 -0.370880139
vn -0.0538471032 -0.922286117 -0.382738563
vn -0.437460602 -0.826942728 -0.353261865
vn -0.438187573 -0.299740101 -0.847435852
vn -0.442284598 -0.579505452 -0.684512794
vn 0.126134421 0.684472806 0.71804393
vn 7.69415914e-05 0.405439925 0.914121688
vn 0.128729891 0.403082648 0.906064564
vn -6.59141938e-05 0.908262871 0.418399991
vn 0.00015132541 0.690504874 0.723327724
vn 0.253103673 0.668700722 0.699126509
vn 0.259050069 0.388543057 0.884266563
vn 0.125027913 0.901689059 0.413914075
vn -0.9790901 -6.40665302e-07 0.203427077
vn -0.924195336 3.78390711e-08 0.381920124
vn -0.999838718 0.0120995124 0.0132717878
vn -0.974796692 0.0877046775 0.205132395
vn -0.974588198 0.155075302 0.161646206
vn -0.973191475 0.208785435 0.0964727692
vn -0.999836772 0.0165448507 0.00725933304
vn -0.922787297 0.381772005 0.0520935741
vn -0.976872588 0.211989645 0.0279345295
vn -0.922612549 0.264896083 0.280385715
vn -0.923252006 0.349256129 0.160080884
vn -0.999831348 0.0182483499 0.00206727876
vn -0.925015837 0.15658624 0.346159573
vn 1 0 0
vn 1 -9.08604108e-08 -3.97163469e-15
vn 1 -3.48088378e-07 -1.52154262e-14
vn 0.97446289 0.203604729 0.0946952514
vn -0.428496944 -0.899585694 -0.0844745408
vn -0.247139824 -0.965196956 -0.0855379669
vn -0.0520032518 -0.99479535 -0.0876234733
vn -0.248317706 -0.968671867 -0.00362370885
vn -0.433613055 -0.901088818 -0.00431976999
vn -0.0525125889 -0.998615724 -0.00301049982
vn -0.440858055 -0.897570409 0.00339662147
vn -0.252443016 -0.967602971 0.00412483709
vn -0.0541018309 -0.998524403 0.00469141128
vn -0.000297721683 0.990846938 0.134989843
vn 0.12666495 0.982844154 0.13406476
vn 0.128260387 0.991044149 0.0371586848
vn -8.31955277e-05 0.999296269 0.0375094524
vn 0.252265417 0.877688843 0.407460985
vn 0.253076131 0.958530578 0.131040463
vn 0.254929959 0.966285402 0.0361003961
vn 0.0398902528 0.998264329 0.0433254909
vn 0 0.999969937 0.00775406998
vn 0.120530405 0.970572945 0.208472012
vn -0.0549041472 -0.99849163 -4.36454553e-08
vn -0.254411762 -0.967095991 -4.22731084e-08
vn -0.054101831 -0.998524405 -0.00469088205
vn 0 1 4.37113883e-08
vn 0 1 4.37113883e-08
vn 0 0.982546074 0.186019387
vn 0 1 4.37113883e-08
vn 0.0398906574 0.998264297 -0.0433258529
vn 0 0.999969933 -0.00775453481
vn 0 0.98254633 -0.186018035
vn 0 -1 -4.37113883e-08
vn 0 -1 -4.37113883e-08
vn 0 -1 -4.37113883e-08
vn 0 -1 -4.37113883e-08
vn 0 -1 -4.37113883e-08
vn 0 -1 -4.37113883e-08
vn 0 -1 -4.37113883e-08
vn 0 -1 -4.37113883e-08
vn -0.924284637 0.381442546 0.0141241913
vn -0.925040661 0.379857152 0.00288418641
vn -0.978596778 0.205653631 0.00741149152
vn -0.925178654 0.379531893 1.65898659e-08
vn -0.979365213 0.202098441 8.83400341e-09
vn -0.979144075 0.203161533 0.00150743744
vn -0.999836413 0.0180828744 0.000395533703
vn -0.999841564 0.0178001391 3.96569951e-05
vn -0.99984156 0.0178003812 -3.96693104e-05
vn -0.999843183 0.0177090057 7.74085223e-10
vn -0.979144133 0.20316125 -0.0015076156
vn -0.977136484 0.0347382853 0.209755912
vn -0.999841143 0.00644511045 0.0166177471
vn -0.999835426 0.00235790563 0.0179878138
vn -0.923094791 0.0294091342 0.383446359
vn -0.922390007 0.0678291693 0.380257649
vn -0.977909017 0.0148379645 0.208503692
vn -0.924012222 0.00708282169 0.382297328
vn -0.999836888 0.000752730748 0.018045221
vn -0.978630063 0.00352656151 0.205598548
vn -0.924195256 -5.83591255e-07 0.381920318
vn -0.979090112 -3.33509557e-07 0.20342702
vn -0.999840863 -3.62222253e-07 0.0178395139
vn -0.999840214 0.000199292445 0.0178747366
vn -0.924195235 -2.99549653e-07 0.381920369
vn 0 -0.999413306 0.03424972
vn -0.715331109 -0.608325293 0.34386297
vn -0.715331109 -0.608325293 0.34386297
vn -0.715331109 -0.608325293 0.34386297
vn -0.715331109 -0.608325293 0.34386297
vn 0 -0.899430137 0.437064559
vn 0 -0.89943002 0.437064799
vn -0.962094669 -0.272715689 5.66025606e-08
vn 0 -0.899430125 0.437064583
vn -0.810025796 0.48291952 -0.332636359
vn -0.810025796 0.48291952 -0.332636359
vn -0.810025796 0.48291952 -0.332636359
vn -0.810025796 0.48291952 -0.332636359
vn -0.54131919 0.840163408 -0.0331509006
vn -0.044744615 0.998829913 -0.0183500343
vn -0.044744615 0.998829913 -0.0183500343
vn -1.95909797e-08 0.117832521 0.993033482
vn 0 1.97871607e-07 1
vn 0 1.97871607e-07 1
vn -0.0140880103 0.0829071927 0.996457689
vn 0 -0.970549557 0.240901553
vn 0 -0.999413302 0.0342498354
vn 0 -0.999413306 0.03424972
vn 0 -0.970549612 0.240901328
vn 8.23045072e-10 0.990295577 0.138977227
vn 0.00341516384 0.987964565 0.15464267
vn 1.62919579e-09 0.961277601 0.275581881
vn -0.00258508038 0.999996573 -0.000413800347
vn 0 0.999999914 -0.000413801687
vn 0.00258508038 0.999996573 -0.000413800347
vn 0 0.999999915 -0.000412649933
vn 0.00254567669 0.999996675 -0.00041264861
vn -0.00341516277 0.987964354 0.154644015
vn -0.00398637623 0.961269638 0.275580828
vn 0.00398637909 0.961270311 0.275578479
vn 0 -0.899429973 0.437064895
vn 0 -0.899430125 0.437064583
vn -0.443542171 -0.896253503 -3.91764849e-08
vn -0.252442863 -0.967603013 -0.00412431205
vn -0.519348799 0.0797390711 -0.850834006
vn 0.914066398 0.0923939944 0.394899949
vn 0.954827654 0.208446073 0.211788541
vn 0.973199224 0.105990614 0.204081505
vn 0.980159886 0.00346725013 0.198178144
vn 0.923094176 0.0071668412 0.384507189
vn 0.895877008 0.188318489 0.402418355
vn 0.993630779 0.112677404 -0.00129485408
vn 1 8.07112102e-08 3.52799905e-15
vn 1 5.75908565e-08 2.51737629e-15
vn 1 -1.11258537e-07 -4.86326509e-15
vn 0.974593473 0.223966378 -0.0025737656
vn 1 -9.88909648e-08 -4.32266136e-15
vn 1 -2.57214623e-07 -1.12432083e-14
vn -3.88930348e-08 0.234023306 0.972230987
vn -0.0768895297 0.121551448 0.98960257
vn 1 -3.09537512e-07 -1.35303144e-14
vn 0.921548534 0.266717597 0.282152482
vn 0.9215245 0.352978213 0.161860984
vn 0.979968369 0.199018642 0.00731951589
vn 1 1.55710453e-07 6.80632005e-15
vn 1 5.7945806e-07 2.53289163e-14
vn 0.973912105 0.226894211 0.00377216152
vn 0.922513662 0.385699092 0.0143092406
vn 1 7.31845091e-07 3.19899649e-14
vn 0.920773428 0.386557271 0.05243826
vn 0.978036487 0.206540737 0.0280277509
vn 0.923203751 0.384257757 0.00638838244
vn 1 2.2014855e-07 9.62299875e-15
vn 1 1.42273265e-07 6.21896194e-15
vn 1 -2.94826009e-07 -1.28872542e-14
vn 0 1 4.37113883e-08
vn -0.120530456 0.970572939 0.208472011
vn -0.0398902713 0.998264328 0.0433254946
vn 0 0.930793579 0.365545228
vn 0 4.10472587e-07 1
vn 0 4.10472587e-07 1
vn 0 6.80116621e-07 1
vn 0 1.40828597e-07 1
vn 0 6.80116564e-07 1
vn 0.973843305 0.227205626 -0.00261185473
vn 0.993254864 0.115943949 -0.00133284015
vn -0.59097242 0.159283329 -0.790809977
vn -0.59097242 0.159283329 -0.790809977
vn 0 1.40828597e-07 1
vn 0 0.555746099 0.831352075
vn 0 0.555746168 0.831352029
vn 0 0.555746099 0.831352075
vn 0 0.555746168 0.831352029
vn 0 0.555746099 0.831352075
vn 0 0.555746099 0.831352075
vn 0.270585925 0.962606911 -0.0130840418
vn 0.437242785 0.899343509 -1.73011282e-07
vn 0.250550481 0.968103536 -2.43807385e-07
vn 0.0539409168 0.998544129 -3.0495309e-07
vn 0.0493443422 0.998739659 -0.00917761318
vn 0.250550509 0.968103529 4.23171493e-08
vn 0.0539412283 0.998544112 4.36477404e-08
vn 0.437242521 0.899343637 3.93115589e-08
vn 0.437242401 0.899343695 -1.73011333e-07
vn 0.250550397 0.968103558 -1.28669209e-07
vn 0.0539412246 0.998544112 -7.92341811e-08
vn -0.129735561 0.0184122228 0.991377665
vn 0 0.0185395103 0.999828129
vn -0.128350288 0.0763814691 0.988783128
vn -0.25540444 0.0733530763 0.964047664
vn -0.257669149 0.0176583254 0.966071837
vn -0.109316517 0.00875236101 0.993968458
vn 0 2.46544211e-07 1
vn -0.253502393 0.164711847 0.953208552
vn -5.80736125e-05 0.0769528015 0.997034735
vn -0.12729497 0.171798154 0.97687327
vn -0.215132399 0.0183853023 0.976411815
vn -0.0573065958 0.0319614313 0.997844888
vn 0.990068008 -0.140300794 0.00900150492
vn 0.958851485 -0.283347348 0.017835635
vn 0.960532238 -0.278026817 0.00888309614
vn 1 -5.45765531e-08 -2.3856169e-15
vn 0.99992927 -7.87045568e-09 0.011893525
vn 0.962094729 -0.27271548 9.72410172e-08
vn 0.99047834 -0.137668655 4.90883616e-08
vn 0.990478396 -0.137668252 3.07115803e-08
vn 1 -4.26925411e-08 -1.86615024e-15
vn 0.962094942 -0.272714728 6.08382739e-08
vn 0.00200066198 -0.999644553 0.0265850521
vn 0.190039668 -0.981713494 0.0111148554
vn 0.0878314917 -0.978011102 0.189155793
vn 0.00112140711 -0.971551699 0.23682491
vn 0 -0.899430137 0.437064559
vn 0.00192607281 -0.999944057 0.0104006215
vn 0.378184235 -0.925508991 0.0202433028
vn 0.185697045 -0.982607046 9.28922281e-07
vn 0.364934602 -0.931033155 1.86924444e-06
vn 0.0604285568 0.223641128 -0.972796503
vn 0.279307986 0.103341895 -0.954624273
vn 0.0604285568 0.223641128 -0.972796503
vn 0.0578485468 0.113094515 -0.991898773
vn 0.0543376553 -0.00301410579 -0.998518069
vn 0.252182957 -0.00328252072 -0.967674006
vn 0.979090106 1.3269904e-08 0.203427049
vn 0.999840861 -6.75238048e-07 0.0178396219
vn 0.979090079 -6.4066535e-07 0.203427177
vn 0.984573736 -0.0671860507 0.16155678
vn 0.924195264 -1.66942664e-08 0.381920297
vn 0.924195336 -1.66942588e-08 0.381920124
vn -0.0140127024 0.0227305111 0.99964342
vn 0 7.7080081e-08 1
vn 0 1.9787155e-07 1
vn 0 1.9787155e-07 1
vn 0 -4.37113883e-08 1
vn 1 -9.31183486e-09 -4.07033229e-16
vn 0.990478373 -0.137668413 9.60745124e-10
vn 0.990478429 -0.13766801 1.76462424e-08
vn 1 3.3380708e-08 1.45911709e-15
vn 0.962094811 -0.272715189 1.90320774e-09
vn 0.962095024 -0.272714437 3.49564458e-08
vn 0.990478356 -0.137668538 2.47192063e-08
vn 1 0 0
vn 0.490227344 0.871436363 -0.016607701
vn 0.541318829 0.840163642 -0.033150878
vn 0.541318829 0.840163642 -0.033150878
vn 0.185696405 -0.982607167 2.54798536e-07
vn 0.185696631 -0.982607124 8.92939837e-08
vn -1.85834054e-07 -1 2.00126046e-07
vn 0.36493388 -0.931033438 9.33621305e-09
vn 0.364932711 -0.931033897 6.40749861e-08
vn 0.364933257 -0.931033683 1.55533161e-07
vn -8.95557548e-08 -1 1.5390075e-08
vn 0.18569602 -0.98260724 1.85990478e-08
vn -9.6087966e-08 -1 3.45200625e-07
vn -1.39530059e-07 -1 -4.37113883e-08
vn 0.185696815 -0.98260709 9.07405647e-09
vn -1.17544239e-07 -1 -4.37113883e-08
vn 0.364934179 -0.931033321 6.15439182e-08
vn -0.976160246 0.0855281654 0.199489616
vn -0.921178656 0.0685327048 0.383057634
vn -0.923938215 0.157815218 0.348471708
vn -1 -1.00880335e-07 -4.4096195e-15
vn -1 4.02028455e-08 1.75732219e-15
vn -0.978628329 0.033723144 0.202853009
vn -0.921548481 0.266717808 0.282152454
vn -0.976077586 0.150742311 0.156682165
vn -1 -2.08455702e-07 -9.11188815e-15
vn 0.247744503 0.00470793761 -0.968813964
vn 0.0533213705 0.00722349443 -0.998551277
vn 0.05339787 -0.0913161919 -0.99438927
vn 0.251638651 -0.0887071815 -0.963747387
vn 0.255008214 -0.313259554 -0.91478919
vn 0.433801944 -0.0922863006 -0.896269553
vn 0.432831781 0.00262933339 -0.901470873
vn 0.0540183261 -0.32208218 -0.945169344
vn 0.0547970164 -0.641710609 -0.764986785
vn 0.261602727 -0.621483883 -0.738459069
vn 0.438187192 -0.299740284 -0.847435984
vn 0.437460533 -0.826942769 -0.353261857
vn 0.442284444 -0.579505664 -0.684512714
vn 0.25794453 -0.892139379 -0.370879965
vn -0.25310368 0.668700385 0.699126828
vn -0.125028011 0.901689014 0.413914144
vn -0.252265633 0.877688692 0.407461177
vn -0.128730103 0.403082538 0.906064583
vn -0.126134441 0.684472651 0.718044075
vn -0.000133840938 0.172626129 0.984987412
vn -7.69415914e-05 0.405439925 0.914121688
vn -0.259050496 0.388542833 0.884266537
vn -0.00015132541 0.690504874 0.723327724
vn 6.59029015e-05 0.908262871 0.418399991
vn 0.973191526 0.208785193 0.0964727817
vn 0.999838718 0.0120994919 0.0132717878
vn 0.999836775 0.0165446393 0.00725933217
vn 0.922787498 0.381771507 0.052093661
vn 0.923252148 0.349255757 0.160080877
vn 0.922612528 0.264896196 0.280385679
vn 0.974588193 0.155075361 0.161646176
vn 0.974796694 0.0877047522 0.20513235
vn 0.999841142 0.00644529996 0.0166177471
vn 0.976872648 0.211989362 0.0279345761
vn 0.925015873 0.156586201 0.346159497
vn -1 9.31882909e-08 4.07338957e-15
vn -1 9.5042239e-08 4.15442821e-15
vn -1 -3.58405913e-07 -1.566642e-14
vn 0.0538472155 -0.922286245 -0.382738239
vn 0.247139825 -0.965196958 -0.0855379373
vn 0.428496915 -0.899585696 -0.0844746677
vn 0.0520032562 -0.994795364 -0.087623318
vn 0.248317636 -0.968671885 -0.00362356969
vn 0.433612886 -0.9010889 -0.00431957266
vn 0.0525125852 -0.998615725 -0.00301042345
vn 0.440858007 -0.897570432 0.00339669257
vn 0.252443016 -0.967602971 0.00412488784
vn 0.000297712253 0.990846938 0.134989843
vn -0.128260446 0.991044141 0.0371586882
vn -0.126665037 0.982844141 0.134064773
vn -0.254930085 0.966285368 0.0361004157
vn 0 0.999969937 0.00775406998
vn -0.253076337 0.958530511 0.131040552
vn 8.31971357e-05 0.999296269 0.0375094524
vn 0.0549041397 -0.99849163 -4.36454553e-08
vn 0.254411846 -0.967095969 -4.22731074e-08
vn 0.0541018308 -0.998524402 0.00469143876
vn 0.0541018347 -0.998524405 -0.00469085598
vn 0.252442961 -0.967602988 -0.00412426191
vn 0 1 4.37113883e-08
vn 0 0.999969933 -0.00775453481
vn -0.0398906425 0.998264297 -0.0433258492
vn 0 -1 -4.37113883e-08
vn 0.978596778 0.205653631 0.00741153668
vn 0.999836411 0.0180829936 0.000395537805
vn 0.979143999 0.2031619 0.00150744915
vn 0.925040439 0.379857695 0.00288420788
vn 0.924284657 0.381442495 0.0141242773
vn 0.999831348 0.0182483443 0.00206728086
vn 0.979365084 0.202099065 8.83403068e-09
vn 0.925178249 0.379532881 1.65899091e-08
vn 0.999841561 0.0178003142 3.96581482e-05
vn 0.999843181 0.0177091491 7.74091491e-10
vn 0.999841559 0.0178004427 -3.96681644e-05
vn 0.979144104 0.20316139 -0.00150760459
vn 0.925040965 0.37985641 -0.00288450223
vn 0.92309475 0.0294091311 0.383446457
vn 0.92401212 0.00708288468 0.382297574
vn 0.977909011 0.014837983 0.20850372
vn 0.977136473 0.0347383594 0.209755954
vn 0.922389987 0.0678291529 0.3802577
vn 0.999835425 0.00235808374 0.0179878157
vn 0.924195194 -5.83591033e-07 0.381920467
vn 0.979090082 -2.42086792e-07 0.203427163
vn 0.999840863 -2.50906382e-07 0.0178395232
vn 0.924195142 -2.32671226e-07 0.381920594
vn 0.978630031 0.00352661376 0.205598702
vn 0.999836888 0.000752743496 0.0180452229
vn 0.999840214 0.000199341514 0.0178747366
vn 0.371572486 -0.928348998 0.0101007691
vn 0.715332011 -0.608324466 0.343862557
vn 0.715332011 -0.608324466 0.343862557
vn 0.715332011 -0.608324466 0.343862557
vn 0.715332011 -0.608324466 0.343862557
vn 0 -0.89943002 0.437064799
vn 0.810025285 0.482920369 -0.332636369
vn 0.810025285 0.482920369 -0.332636369
vn 0.810025285 0.482920369 -0.332636369
vn 0.810025285 0.482920369 -0.332636369
vn 0.0447446152 0.998829917 -0.0183498426
vn 0.0447446152 0.998829917 -0.0183498426
vn -0.00254567669 0.999996675 -0.00041264861
vn 0.443542434 -0.896253373 -3.91764792e-08
vn 0.440857912 -0.897570481 -0.00339604713
vn 0.519348729 0.0797390696 -0.850834049
vn 0.439685996 -0.00353767542 -0.898144593
vn 0.59097242 0.159283329 -0.790809977
vn 0.59097242 0.159283329 -0.790809977
vn -0.973199209 0.10599053 0.204081619
vn -1 1.30413852e-07 5.70057053e-15
vn -0.993630783 0.112677375 -0.00129485338
vn -0.954827647 0.208445998 0.211788644
vn -0.914066338 0.0923939497 0.394900098
vn -0.974593483 0.223966335 -0.0025737647
vn -0.923094217 0.00716676981 0.384507092
vn -0.980159889 0.00346717423 0.19817813
vn -0.895876908 0.188318568 0.402418543
vn -0.979430149 0.0145837308 0.201255801
vn -0.922040762 0.029682653 0.385953071
vn -1 1.04288659e-07 4.55860209e-15
vn -1 0 0
vn -1 8.14157772e-08 3.55879665e-15
vn -0.993254848 0.115944081 -0.0013328406
vn -1 -3.42952887e-07 -1.49909468e-14
vn -1 -4.12716673e-07 -1.80404188e-14
vn -0.974462889 0.203604728 0.0946952662
vn -0.922513446 0.385699608 0.0143092381
vn -0.973911918 0.226895014 0.00377215962
vn -0.979968323 0.199018868 0.00731951506
vn -0.923203155 0.384259187 0.00638837826
vn -1 4.92016852e-07 2.15067397e-14
vn -1 4.76908291e-08 2.08463235e-15
vn -0.978036522 0.206540568 0.0280277596
vn -1 7.81742131e-07 3.41710338e-14
vn -1 1.9134616e-07 8.36400631e-15
vn 0 6.80116621e-07 1
vn 0 4.10472587e-07 1
vn 0 1.40828597e-07 1
vn -0.920773489 0.386557123 0.0524382713
vn -0.921524447 0.352978335 0.161861015
vn -1 2.01390151e-07 8.80304308e-15
vn -0.973843281 0.227205725 -0.0026118556
vn -1 0 0
vn -0.270586345 0.962606798 0.0130836818
vn -0.0539412246 0.998544112 -7.92341953e-08
vn -0.0493448961 0.998739636 0.00917723276
vn -0.0447451505 0.998829891 0.0183499369
vn -0.0447451505 0.998829891 0.0183499369
vn 0 0.0185390157 -0.999828138
vn 0.128347932 0.0763810331 -0.988783468
vn 0.129736259 0.0184116684 -0.991377584
vn 0.109317884 0.00875190896 -0.993968312
vn 0 -2.46543841e-07 -1
vn 0.253496919 0.164711877 -0.953210003
vn 0.255399849 0.0733527579 -0.964048904
vn 5.80710833e-05 0.0769522842 -0.997034775
vn 0.127292201 0.171798153 -0.976873631
vn 0 4.37113883e-08 -1
vn 0.257670549 0.0176575698 -0.966071477
vn 0.215135198 0.0183848064 -0.976411207
vn 0.0573074681 0.03196153 -0.997844835
vn -0.99992927 7.87089008e-09 -0.0118935269
vn -0.990478118 -0.137670251 3.97184642e-07
vn -1 5.45771996e-08 2.38564517e-15
vn -0.98457369 -0.0671871327 -0.161556609
vn -0.990067702 -0.140302983 -0.00900100582
vn -0.962093751 -0.272718931 7.86811575e-07
vn -1 4.2692573e-08 1.86615164e-15
vn -0.958850269 -0.283351482 -0.0178353352
vn -0.960531116 -0.278030723 -0.00888211565
vn -0.190040754 -0.981713302 -0.0111132219
vn -0.364935751 -0.931032705 8.87130642e-07
vn -0.371574659 -0.928348155 -0.0100983002
vn -0.378186089 -0.92550823 -0.0202434847
vn -0.0878318706 -0.978011014 -0.18915607
vn -0.00200066856 -0.999644582 -0.0265839613
vn -0.00192610821 -0.999944064 -0.010399969
vn -0.00112163413 -0.97155163 -0.236825192
vn -2.87222313e-07 -0.970549428 -0.240902072
vn -0.185697811 -0.982606901 5.78848426e-07
vn -4.56939799e-07 -0.899429178 -0.437066532
vn -0.279306855 0.103341507 0.954624645
vn -0.0604284571 0.223639973 0.972796774
vn -0.0578487252 0.113093876 0.991898836
vn -0.0604284571 0.223639973 0.972796774
vn -0.979090188 -1.32698902e-08 -0.203426654
vn -0.999840862 -6.73678517e-07 -0.0178395828
vn -0.924195448 1.6694247e-08 -0.381919852
vn 0 -7.70799957e-08 -1
vn 0.0140135478 0.0227303669 -0.999643412
vn 0.0768906496 0.121551553 -0.98960247
vn 0.0140887889 0.0829070643 -0.996457688
vn 9.7768307e-09 0.117832344 -0.993033503
vn 0 -1.97871408e-07 -1
vn 0 -1.9787138e-07 -1
vn 1.94465174e-08 0.234023391 -0.972230967
vn -1 9.31187927e-09 4.0703517e-16
vn -0.990478292 -0.137668999 1.02046841e-09
vn -0.962094476 -0.272716371 2.02146625e-09
vn -0.490227625 0.871436211 0.0166073817
vn -0.5413193 0.840163333 0.033151007
vn -0.5413193 0.840163333 0.033151007
vn 0 -1.9787138e-07 -1
vn 1.28531042e-07 -1 2.73046012e-08
vn -0.185696872 -0.982607079 1.42822882e-07
vn -4.04464089e-08 -1 3.66600695e-07
vn -0.364934179 -0.931033321 1.0550021e-07
vn 0.921179707 0.0685321555 -0.383055205
vn 0.97616079 0.0855269467 -0.199487479
vn 0.978628562 0.0337230312 -0.202851902
vn 0.923939752 0.157812579 -0.348468829
vn 1 -4.73279215e-07 -2.06876915e-14
vn 1 -9.73730607e-08 -4.25631167e-15
vn 0.92204115 0.0296824436 -0.385952162
vn 0.976077887 0.150740984 -0.156681571
vn -0.053399093 -0.0913166309 0.994389164
vn -0.25163794 -0.0887071703 0.963747573
vn -0.247743983 0.0047088504 0.968814092
vn -0.0533217453 0.00722420183 0.998551252
vn -0.432830217 0.00263042348 0.901471621
vn -0.439685326 -0.00353709655 0.898144923
vn -0.252182692 -0.0032818759 0.967674077
vn -0.0543378857 -0.00301340608 0.998518059
vn -0.0547957684 -0.641710497 0.764986968
vn -0.257944323 -0.892139953 0.370878728
vn -0.26160288 -0.621484434 0.738458551
vn -0.255008663 -0.313260292 0.914788812
vn -0.0540186196 -0.322082258 0.945169301
vn -0.433799614 -0.0922864301 0.896270667
vn -0.438187929 -0.299741009 0.847435346
vn -0.437460941 -0.82694278 0.353261325
vn -0.442285633 -0.579506793 0.68451099
vn 0.25310584 0.668699986 -0.699126428
vn 0.259049511 0.388542491 -0.884266975
vn 0.128729712 0.403082519 -0.906064647
vn 0.125026911 0.901689842 -0.413912672
vn 0.252263314 0.877689639 -0.407460572
vn 7.6941551e-05 0.405439516 -0.91412187
vn 0.126135479 0.684472987 -0.718043572
vn 0.000133838419 0.172626273 -0.984987387
vn -6.57716211e-05 0.908263321 -0.418399015
vn -0.924195306 1.6694262e-08 -0.381920196
vn -0.979089924 -6.22883323e-07 -0.203427927
vn -0.924194867 -5.50206298e-07 -0.381921259
vn -0.973191569 0.208785153 -0.096472434
vn -0.999838717 0.0120996141 -0.0132717747
vn -0.999836771 0.0165449035 -0.0072593125
vn -0.976872706 0.211989111 -0.027934429
vn -0.922787875 0.381770625 -0.0520934499
vn -0.974796713 0.0877054275 -0.205131974
vn -0.999841141 0.00644541736 -0.0166177428
vn -0.974588204 0.155075615 -0.161645866
vn -0.925015889 0.156587173 -0.346159013
vn -0.922612585 0.264896905 -0.28038482
vn 1 1.86376681e-07 8.14678348e-15
vn 1 1.90084876e-07 8.30887382e-15
vn 1 1.11133645e-07 4.85780589e-15
vn 1 0 0
vn 0.921549421 0.266715474 -0.282151592
vn 0.974463052 0.203604078 -0.0946949861
vn 1 -3.18037564e-07 -1.39018635e-14
vn -0.247139913 -0.965196959 0.0855376735
vn -0.428497481 -0.899585464 0.0844742612
vn -0.0538462102 -0.922287003 0.382736553
vn -0.433612189 -0.901089233 0.00432014755
vn -0.0520029178 -0.994795442 0.0876226285
vn -0.248317257 -0.968671978 0.00362471797
vn -0.0525125812 -0.99861572 0.00301209214
vn -0.440857744 -0.897570563 -0.00339611939
vn -8.30647612e-05 0.999296237 -0.0375103285
vn 0.128261344 0.991043995 -0.0371594856
vn -0.000297451075 0.990846947 -0.134989771
vn 0.253073101 0.958531462 -0.131039848
vn 0.126663597 0.98284437 -0.134064454
vn 0.120532242 0.970572938 -0.208470983
vn 0.254931686 0.966284923 -0.0361010155
vn 0 0.93079458 -0.36554268
vn 0.000151325597 0.690504572 -0.723328012
vn -0.923252345 0.34925548 -0.160080343
vn -0.978596904 0.205653022 -0.00741171061
vn -0.925041026 0.379856261 -0.00288452296
vn -0.999831338 0.01824889 -0.00206727808
vn -0.999836406 0.0180832654 -0.00039554961
vn -0.924285194 0.381441185 -0.0141245671
vn -0.977136431 0.0347383449 -0.209756149
vn -0.923094845 0.0294090427 -0.383446235
vn -0.977909068 0.0148377507 -0.208503465
vn -0.922389973 0.0678294086 -0.380257688
vn -0.924012232 0.00708291712 -0.382297302
vn -0.978630055 0.00352647119 -0.20559859
vn -0.999835426 0.00235776052 -0.0179878378
vn -0.999840864 -5.72233426e-07 -0.0178394915
vn -0.979089968 -3.93312907e-07 -0.203427715
vn -0.924194714 -1.99286244e-07 -0.381921628
vn -0.999840214 0.000199001368 -0.0178747347
vn -0.999836888 0.000752490415 -0.0180452321
vn -4.35889349e-07 -0.899429365 -0.437066149
vn -5.78014869e-16 -0.970549529 -0.240901665
vn -8.56543296e-08 -0.999413328 -0.0342490781
vn -0.715332714 -0.608325012 -0.343860129
vn -0.715332714 -0.608325012 -0.343860129
vn -0.715332714 -0.608325012 -0.343860129
vn -0.715332714 -0.608325012 -0.343860129
vn 0 -0.899429225 -0.437066437
vn 0 -0.899429609 -0.437065645
vn -0.810025758 0.482918788 0.332637513
vn -0.810025758 0.482918788 0.332637513
vn -0.810025758 0.482918788 0.332637513
vn -0.810025758 0.482918788 0.332637513
vn 0 -1.97871437e-07 -1
vn 0 -0.999413321 -0.0342492939
vn 0.00258508317 0.999996573 0.000413325338
vn -1.94537855e-09 0.990295487 -0.138977873
vn 0.00341517623 0.987964473 -0.154643256
vn 0 0.999999914 0.000413906485
vn 7.41125406e-11 0.999999915 0.00041332665
vn -0.00258508317 0.999996573 0.000413325338
vn -0.00341518147 0.987964261 -0.154644607
vn -3.99893449e-09 0.961277849 -0.275581018
vn -0.00398640523 0.961269873 -0.275580008
vn 0.00398639785 0.961270546 -0.275577659
vn 0.00254567669 0.999996674 0.000413905133
vn -0.00254567669 0.999996674 0.000413905133
vn -0.519346418 0.0797391687 0.85083545
vn -0.590969576 0.159283637 0.79081204
vn 0.954827148 0.208447082 -0.211789827
vn 0.9140653 0.092393855 -0.394902523
vn 0.973198864 0.105991235 -0.204082896
vn 0.99363075 0.112677662 0.00129472931
vn 0.974593367 0.223966843 0.00257351281
vn 0.895875728 0.188319547 -0.40242071
vn 1 -5.81241686e-08 -2.5406881e-15
vn 0.923094024 0.00716637491 -0.384507562
vn 0.979430243 0.0145834649 -0.201255363
vn 0.980159833 0.0034668407 -0.198178413
vn 1 -2.78825141e-08 -1.2187834e-15
vn 1 6.522734e-08 2.85117758e-15
vn 1 0 0
vn 1 7.94691459e-08 3.47370669e-15
vn 0.922514101 0.38569803 -0.0143095425
vn 0.923204475 0.384256003 -0.00638911027
vn 0.973912589 0.226892127 -0.00377259107
vn 0.978036618 0.206540149 -0.028027508
vn 0.920773845 0.386556322 -0.0524379394
vn 0.97996865 0.199017253 -0.00731968044
vn 1 1.36944394e-07 5.98602956e-15
vn 1 4.76910103e-08 2.08464027e-15
vn 1 6.46361741e-07 2.8253369e-14
vn 1 2.01390591e-07 8.80306233e-15
vn 1 8.80644251e-08 3.84941828e-15
vn -0.120532227 0.97057294 -0.208470984
vn 0 -4.10472587e-07 -1
vn 0 -6.80116621e-07 -1
vn 0 -6.80116564e-07 -1
vn 0 -4.10472587e-07 -1
vn 0 -6.80116621e-07 -1
vn 0 -4.10472587e-07 -1
vn 0.921524963 0.352976904 -0.161861199
vn 0.973843283 0.227205725 0.00261133298
vn 0.993254868 0.115943912 0.00133257264
vn 1 8.98517499e-07 3.92754473e-14
vn -0.590969576 0.159283637 0.79081204
vn 0 -1.40828597e-07 -1
vn 0 -1.40828597e-07 -1
vn 0 -1.40828597e-07 -1
vn 0 0.555743025 -0.831354131
vn 0 0.555743025 -0.831354131
vn 0 0.555743025 -0.831354131
vn 0 0.555743025 -0.831354131
vn 0 0.555743025 -0.831354131
vn 0.27058629 0.962606814 0.0130836429
vn 0.0447451506 0.998829893 0.0183498084
vn 0.0493448961 0.998739636 0.0091771685
vn 0 0.0185390157 -0.999828138
vn -0.129735899 0.0184116663 -0.991377631
vn -0.128347962 0.0763810254 -0.988783465
vn -5.80862537e-05 0.0769522768 -0.997034776
vn -0.109317245 0.00875191092 -0.993968382
vn -0.255399905 0.0733527568 -0.96404889
vn -0.253497395 0.164711847 -0.953209882
vn -0.127292472 0.171798157 -0.976873595
vn -0.000133853583 0.172626259 -0.984987389
vn -0.257669865 0.0176575736 -0.966071659
vn -0.21513394 0.0183848127 -0.976411484
vn 0.990067668 -0.140303225 -0.00900098743
vn 0.96209353 -0.27271971 8.17480115e-07
vn 0.960530988 -0.278031168 -0.00888208017
vn 0.958850454 -0.283350857 -0.0178353409
vn 0.984573706 -0.0671869584 -0.161556587
vn 0.99992927 3.56427137e-07 -0.0118935269
vn 0.990478056 -0.137670698 4.12666183e-07
vn 0.979090209 -1.08702133e-07 -0.203426554
vn 0.999840862 -1.39554971e-07 -0.0178395753
vn 0.962094476 -0.272716371 -9.54584829e-09
vn 1 -7.25486231e-08 -3.17120103e-15
vn 0.190040812 -0.981713293 -0.0111130626
vn 0.00200066856 -0.999644581 -0.0265840097
vn 0.0878319958 -0.978010998 -0.189156097
vn 0.378186637 -0.925508005 -0.0202435135
vn 0.371574758 -0.928348119 -0.0100979456
vn 0.00192610821 -0.999944063 -0.0104000025
vn 2.87222314e-07 -0.970549431 -0.240902058
vn 0.00112163425 -0.971551634 -0.236825178
vn 4.5693972e-07 -0.89942919 -0.437066508
vn 0 -0.899429225 -0.437066437
vn 0.185697671 -0.982606928 7.65523097e-07
vn 4.04464089e-08 -1 3.66600638e-07
vn 0.0604285462 0.223639972 0.972796769
vn 0.279306854 0.103341558 0.95462464
vn 0.0578487364 0.113093876 0.991898835
vn 0.0604285462 0.223639972 0.972796769
vn 0.590969494 0.159283795 0.79081207
vn 0.519346415 0.0797392575 0.850835444
vn 0.924195448 -3.78389831e-08 -0.381919852
vn 0.924195387 -7.48240454e-07 -0.381920001
vn 0 -7.70799957e-08 -1
vn 0 -1.9787138e-07 -1
vn -0.0140133178 0.0227304191 -0.999643414
vn -0.0573069745 0.0319615774 -0.997844862
vn 0 4.37113883e-08 -1
vn -0.0768899705 0.121551618 -0.989602514
vn 0 -2.46543841e-07 -1
vn -0.0140885552 0.0829071089 -0.996457688
vn 0.962094752 -0.272715398 4.89676794e-08
vn 0.990478284 -0.137669058 -4.81879021e-09
vn 1 -7.25486302e-08 -3.17120134e-15
vn 0.490227464 0.871436302 0.0166073712
vn 0.541319078 0.840163477 0.0331509894
vn 0 -1.97871408e-07 -1
vn 0 -1.9787138e-07 -1
vn -1.28531042e-07 -1 1.21107583e-07
vn 0.185696829 -0.982607087 1.58332582e-07
vn 0.364934153 -0.931033331 6.40750285e-08
vn 0.364935602 -0.931032764 1.25398658e-06
vn -0.921179763 0.0685319242 -0.383055114
vn -0.922041168 0.0296825615 -0.38595211
vn -0.978628573 0.0337228826 -0.202851875
vn -0.976160808 0.0855268983 -0.199487411
vn -0.923939785 0.157812555 -0.348468752
vn -0.976077889 0.150740909 -0.156681631
vn -1 -5.11364476e-07 -2.23524512e-14
vn -0.921549426 0.266715327 -0.282151713
vn -1 -9.73729755e-08 -4.25630794e-15
vn 0.0533215893 0.00722420794 0.99855126
vn 0.247743955 0.00470885742 0.968814099
vn 0.0533990448 -0.0913166238 0.994389167
vn 0.252182538 -0.00328186443 0.967674117
vn 0.439685159 -0.00353708197 0.898145005
vn 0.43283041 0.00263042758 0.901471529
vn 0.251638023 -0.0887071831 0.96374755
vn 0.433799709 -0.0922864536 0.896270619
vn 0.0547957656 -0.641710269 0.76498716
vn 0.255008366 -0.313260352 0.914788875
vn 0.261602782 -0.621484294 0.738458704
vn 0.0540186689 -0.322082204 0.945169317
vn 0.438187374 -0.299741255 0.847435547
vn 0.437461192 -0.826942628 0.353261371
vn 0.257944442 -0.892139832 0.370878935
vn 0.442285385 -0.57950672 0.684511213
vn -0.259049864 0.388542693 -0.884266783
vn -0.253106261 0.668699878 -0.699126379
vn -0.128729911 0.403082652 -0.906064559
vn -0.125027213 0.901689753 -0.413912776
vn -0.12613568 0.684472968 -0.718043555
vn 6.57838883e-05 0.908263321 -0.418399015
vn -0.000151325597 0.690504572 -0.723328012
vn 0.973191537 0.208785295 -0.0964724457
vn 0.999838716 0.0120996979 -0.0132717746
vn 0.97458821 0.155075497 -0.161645941
vn 0.974796687 0.087705373 -0.205132118
vn 0.999836773 0.0165447647 -0.00725931348
vn 0.925015833 0.156587039 -0.346159223
vn 0.922612605 0.264896673 -0.280384975
vn -1 -2.32273308e-07 -1.01529888e-14
vn -1 1.81721475e-07 7.94329796e-15
vn -1 8.81077789e-09 3.85131333e-16
vn -1 0 0
vn -1 0 0
vn 0.0538461993 -0.92228683 0.382736972
vn 0.247139842 -0.965196972 0.0855377343
vn 0.0520029243 -0.994795425 0.0876228207
vn 0.433612116 -0.901089267 0.0043203419
vn 0.248317201 -0.968671992 0.00362485423
vn 0.428497365 -0.899585531 0.0844741426
vn 0.0525125998 -0.998615719 0.00301216571
vn 8.30640482e-05 0.999296237 -0.0375103285
vn 0.000297462338 0.990846947 -0.134989771
vn -0.128261344 0.991043995 -0.0371594819
vn -0.253073182 0.958531433 -0.131039904
vn -0.254931686 0.966284923 -0.0361010044
vn -0.126663626 0.982844362 -0.134064483
vn -0.252263962 0.877689375 -0.407460739
vn -7.69415395e-05 0.405439494 -0.91412188
vn 0.923252206 0.34925583 -0.160080385
vn 0.922787868 0.381770652 -0.0520933824
vn 0.978596976 0.205652682 -0.00741166693
vn 0.999831338 0.0182488751 -0.00206727598
vn 0.976872716 0.211989071 -0.0279343885
vn 0.92428552 0.381440397 -0.0141244865
vn 0.999836404 0.0180833995 -0.000395545506
vn 0.923095047 0.029409172 -0.383445738
vn 0.977136454 0.0347384761 -0.20975602
vn 0.977909114 0.0148379367 -0.208503236
vn 0.999841141 0.00644541689 -0.0166177428
vn 0.922390025 0.0678295497 -0.380257536
vn 0.978630102 0.0035264162 -0.205598364
vn 0.924012406 0.00708284816 -0.382296883
vn 0.999835425 0.00235790674 -0.0179878378
vn 0.999836888 0.000752731278 -0.018045234
vn 0.979089944 -7.26933631e-07 -0.203427827
vn 0.999840864 -6.83549496e-07 -0.0178394878
vn 0.924194949 -1.28751533e-06 -0.38192106
vn 0.924194805 -2.6616456e-07 -0.381921408
vn 0.979089997 -4.84735704e-07 -0.203427573
vn 0.999840214 0.000198952328 -0.0178747347
vn 8.56544007e-08 -0.999413328 -0.0342490855
vn 4.35889292e-07 -0.899429365 -0.437066149
vn 0.715332769 -0.608325724 -0.343858756
vn 0.715332769 -0.608325724 -0.343858756
vn 0.715332769 -0.608325724 -0.343858756
vn 0.715332769 -0.608325724 -0.343858756
vn 0.81002595 0.482918319 0.332637727
vn 0.81002595 0.482918319 0.332637727
vn 0.81002595 0.482918319 0.332637727
vn 0.81002595 0.482918319 0.332637727
vn 0.541319078 0.840163477 0.0331509894
vn 0.0447451506 0.998829893 0.0183498084
vn 0.0543377817 -0.00301339795 0.998518064
vn 0.590969494 0.159283795 0.79081207
vn -0.954827021 0.208447334 -0.211790153
vn -0.993630744 0.11267772 0.00129473
vn -0.97319884 0.105991329 -0.204082963
vn -0.914065295 0.0923939215 -0.39490252
vn -0.980159867 0.00346682477 -0.198178244
vn -1 -1.12769492e-07 -4.92931103e-15
vn -0.895875419 0.188319825 -0.402421269
vn -0.97943025 0.0145834333 -0.201255334
vn -0.923094117 0.00716642918 -0.384507338
vn -1 -1.80684779e-07 -7.89798254e-15
vn -1 -4.17218935e-08 -1.82372189e-15
vn -0.974593344 0.223966942 0.00257351414
vn -1 0 0
vn -0.974463133 0.203603635 -0.0946951
vn -0.921525236 0.352976089 -0.161861419
vn -0.92320465 0.384255584 -0.00638911164
vn -0.922514306 0.385697539 -0.0143095475
vn -0.973912579 0.226892169 -0.00377259173
vn -0.978036716 0.20653968 -0.0280275184
vn -0.979968676 0.199017125 -0.00731968203
vn -1 2.43574334e-07 1.06469723e-14
vn -1 1.68937859e-07 7.38450836e-15
vn -1 2.98748347e-07 1.3058705e-14
vn -1 4.80344625e-07 2.09965304e-14
vn -1 5.97288988e-07 2.61083309e-14
vn -1 6.03691376e-07 2.63881881e-14
vn -0.920774186 0.386555505 -0.0524379568
vn -0.993254864 0.115943949 0.00133257334
vn -1 -3.70840034e-08 -1.62099327e-15
vn -0.973843263 0.22720581 0.00261133385
vn 0 0.555743025 -0.831354131
vn -0.775173318 1.47359071e-07 0.631748626
vn -0.775173318 1.47359071e-07 0.631748626
vn -0.775173318 1.47359071e-07 0.631748626
vn -0.775173318 1.47359071e-07 0.631748626
vn -1 0 0
vn -1 0 0
vn -1 0 0
vn -1 0 0
vn -1 0 0
vn -1 0 0
vn -1 0 0
vn 1 0 0
vn 1 0 0
vn 1 0 0
vn 1 0 0
vn 1 0 0
vn 1 0 0
vn -1 0 0
vn -1 0 0
vn -1 0 0
vn -1 0 0
vn -1 0 0
vn -1 0 0
vn -1 0 0
vn -1 0 0
vn 1 0 0
vn 1 0 0
vn 1 0 0
vn 1 0 0
vn 1 0 0
vn 1 0 0
vn 1 0 0
vn 1 0 0
vn 1 0 0
vn -1 0 0
vn -1 0 0
vn 0 -1.20974342e-07 -1
vn 0 -1.20974342e-07 -1
vn 0 -1.20974342e-07 -1
vn 0 -1.20974342e-07 -1
vn 0 -1.20974342e-07 -1
vn 0 -1.20974342e-07 -1
vn 1 0 0
vn 1 0 0
vn 1 0 0
vn 0 -1.20974342e-07 -1
vn 0 -1.20974342e-07 -1
vn -1 0 0
vn 0 2.03317178e-07 1
vn 0 2.03317263e-07 1
vn 0 2.03317263e-07 1
vn 0 2.03317178e-07 1
vn 0 2.03317349e-07 1
vn 0 2.03317263e-07 1
vn 0 2.03317263e-07 1
vn 0 2.03317349e-07 1
vn 0 -1.20974342e-07 -1
vn 0 -1.20974342e-07 -1
vn 0 2.03317349e-07 1
vn 0.775173318 -8.90345111e-08 -0.631748626
vn 0.775173318 -8.90345111e-08 -0.631748626
vn 0.775173318 -8.90345111e-08 -0.631748626
vn 0.775173318 -8.90345111e-08 -0.631748626
vn 0 2.03317349e-07 1
vn -0.775173236 -8.90345317e-08 -0.631748727
vn -0.775173236 -8.90345317e-08 -0.631748727
vn -0.775173236 -8.90345317e-08 -0.631748727
vn -0.775173236 -8.90345317e-08 -0.631748727
vn 0.775173424 1.47359046e-07 0.631748496
vn 0.775173424 1.47359046e-07 0.631748496
vn 0.775173424 1.47359046e-07 0.631748496
vn 0.775173424 1.47359046e-07 0.631748496
vn 0 -1 9.28645321e-08
vn 0 -1 9.28645321e-08
vn 0 -1 9.28645321e-08
vn 0 -1 9.28645321e-08
vn 0 -1 9.28645321e-08
vn 0 -1 9.28645321e-08
vn 0 -1 9.28645321e-08
vn 0 -1 9.28645321e-08
vn 0 -1 9.28645321e-08
vn 0 -1 9.28645321e-08
vn 0 -1 9.28645321e-08
vn 0 -1 9.28645321e-08
vn 0 -1 9.28645321e-08
vn 0 -1 9.28645321e-08
vn 0 -1 9.28645321e-08
vn 0 -1 9.28645321e-08
vn 0 -1 9.28645321e-08
vn 0 -1 9.28645321e-08
vn 0 -1 9.28645321e-08
vn 0 -1 9.28645321e-08
vn 0 -1 9.28645321e-08
vn 0 -1 9.28645321e-08
vn 0 -1 9.28645321e-08
vn 0 -1 9.28645321e-08
vn 0 -1 9.28645321e-08
vn 0 -1 9.28645321e-08
vn 0 -1 9.28645321e-08
vn 0 -1 9.28645321e-08
f 1/1/1 2/2/2 3/3/3
f 1/1/1 4/4/4 5/5/5
f 2/2/2 1/1/1 6/6/6
f 7/7/7 8/8/8 9/9/9
f 8/8/8 7/7/7 10/10/10
f 11/11/11 12/12/12 13/13/13
f 13/13/13 14/14/14 15/15/15
f 13/13/13 12/12/12 16/16/16
f 17/17/17 18/18/18 19/19/19
f 17/17/17 19/19/19 20/20/20
f 18/18/18 21/21/21 19/19/19
f 4/4/4 1/1/1 3/3/3
f 22/22/22 23/23/23 24/24/24
f 24/24/24 23/23/23 25/25/25
f 14/14/14 13/13/13 16/16/16
f 20/20/20 19/19/19 26/26/26
f 27/27/27 28/28/28 29/29/29
f 28/28/28 30/30/30 29/29/29
f 29/29/29 31/31/31 27/27/27
f 31/31/31 32/32/32 27/27/27
f 33/33/33 34/34/34 35/35/35
f 35/35/35 36/36/36 37/37/37
f 35/35/35 34/34/34 38/38/38
f 38/38/38 39/39/39 40/40/40
f 41/41/41 42/42/42 43/43/43
f 41/41/41 44/44/44 45/45/45
f 46/46/46 45/45/45 44/44/44
f 47/47/47 48/48/48 49/49/49
f 47/47/47 50/50/50 51/51/51
f 51/51/51 52/52/52 47/47/47
f 52/52/52 48/48/48 47/47/47
f 53/53/53 54/54/54 55/55/55
f 54/54/54 56/56/56 57/57/57
f 55/55/55 54/54/54 58/58/58
f 58/58/58 59/59/59 55/55/55
f 60/60/60 61/61/61 62/62/62
f 61/61/61 63/63/63 62/62/62
f 62/62/62 64/64/64 60/60/60
f 64/64/64 65/65/65 60/60/60
f 66/66/66 67/67/67 68/68/68
f 68/68/68 67/67/67 69/69/69
f 70/70/70 71/71/71 72/72/72
f 70/70/70 73/73/73 74/74/74
f 71/71/71 75/75/75 76/76/76
f 71/71/71 70/70/70 77/77/77
f 78/78/78 79/79/79 80/80/80
f 81/81/81 80/80/80 79/79/79
f 82/82/82 83/83/83 84/84/84
f 82/82/82 85/85/85 86/86/86
f 82/82/82 87/87/87 85/85/85
f 83/83/83 82/82/82 86/86/86
f 88/88/88 89/89/89 90/90/90
f 89/89/89 91/91/91 90/90/90
f 89/89/89 92/92/92 93/93/93
f 90/90/90 94/94/94 95/95/95
f 90/90/90 91/91/91 94/94/94
f 96/96/96 97/97/97 98/98/98
f 96/96/96 99/99/99 100/100/100
f 100/100/100 101/101/101 96/96/96
f 101/101/101 97/97/97 96/96/96
f 102/102/102 103/103/103 104/104/104
f 105/105/105 104/104/104 103/103/103
f 106/106/106 107/107/107 108/108/108
f 107/107/107 109/109/109 108/108/108
f 110/110/110 111/111/111 112/112/112
f 111/111/111 63/63/63 113/113/113
f 111/111/111 114/114/114 63/63/63
f 111/111/111 110/110/110 114/114/114
f 112/112/112 57/57/57 56/56/56
f 115/115/115 116/116/116 117/117/117
f 115/115/115 118/118/118 116/116/116
f 115/115/115 119/119/119 120/120/120
f 119/119/119 115/115/115 117/117/117
f 120/120/120 121/121/121 122/122/122
f 123/123/123 124/124/124 125/125/125
f 123/123/123 126/126/126 127/127/127
f 127/127/127 128/128/128 123/123/123
f 127/127/127 40/40/40 39/39/39
f 128/128/128 124/124/124 123/123/123
f 129/129/129 43/43/43 42/42/42
f 129/129/129 130/130/130 131/131/131
f 130/130/130 95/95/95 94/94/94
f 130/130/130 132/132/132 131/131/131
f 133/133/133 134/134/134 135/135/135
f 134/134/134 133/133/133 136/136/136
f 134/134/134 137/137/137 135/135/135
f 135/135/135 137/137/137 138/138/138
f 139/139/139 140/140/140 141/141/141
f 139/139/139 142/142/142 143/143/143
f 143/143/143 144/144/144 139/139/139
f 144/144/144 140/140/140 139/139/139
f 145/145/145 74/74/74 73/73/73
f 145/145/145 146/146/146 147/147/147
f 146/146/146 148/148/148 147/147/147
f 147/147/147 148/148/148 93/93/93
f 147/147/147 93/93/93 92/92/92
f 149/149/149 150/150/150 151/151/151
f 149/149/149 152/152/152 153/153/153
f 152/152/152 149/149/149 151/151/151
f 153/153/153 154/154/154 149/149/149
f 155/155/155 156/156/156 157/157/157
f 155/155/155 158/158/158 156/156/156
f 156/156/156 122/122/122 121/121/121
f 157/157/157 159/159/159 160/160/160
f 157/157/157 156/156/156 159/159/159
f 161/161/161 162/162/162 163/163/163
f 161/161/161 164/164/164 165/165/165
f 161/161/161 165/165/165 166/166/166
f 162/162/162 161/161/161 166/166/166
f 167/167/167 168/168/168 169/169/169
f 167/167/167 170/170/170 168/168/168
f 169/169/169 168/168/168 171/171/171
f 170/170/170 172/172/172 168/168/168
f 172/172/172 173/173/173 174/174/174
f 164/164/164 175/175/175 165/165/165
f 176/176/176 177/177/177 178/178/178
f 177/177/177 176/176/176 179/179/179
f 180/180/180 181/181/181 182/182/182
f 181/181/181 183/183/183 182/182/182
f 184/184/184 185/185/185 186/186/186
f 185/185/185 184/184/184 187/187/187
f 188/188/188 189/189/189 190/190/190
f 189/189/189 188/188/188 191/191/191
f 192/192/192 193/193/193 194/194/194
f 193/193/193 192/192/192 195/195/195
f 196/196/196 197/197/197 198/198/198
f 198/198/198 199/199/199 196/196/196
f 200/200/200 201/201/201 202/202/202
f 201/201/201 200/200/200 203/203/203
f 204/204/204 205/205/205 206/206/206
f 205/205/205 204/204/204 207/207/207
f 208/208/208 209/209/209 210/210/210
f 208/208/208 211/211/211 212/212/212
f 208/208/208 213/213/213 211/211/211
f 213/213/213 214/214/214 211/211/211
f 213/213/213 215/215/215 214/214/214
f 209/209/209 208/208/208 212/212/212
f 210/210/210 216/216/216 217/217/217
f 218/218/218 219/219/219 220/220/220
f 218/218/218 221/221/221 222/222/222
f 218/218/218 223/223/223 221/221/221
f 219/219/219 218/218/218 222/222/222
f 219/219/219 224/224/224 220/220/220
f 224/224/224 219/219/219 225/225/225
f 225/225/225 226/226/226 224/224/224
f 227/227/227 228/228/228 229/229/229
f 228/228/228 230/230/230 229/229/229
f 228/228/228 231/231/231 232/232/232
f 230/230/230 233/233/233 229/229/229
f 233/233/233 230/230/230 234/234/234
f 233/233/233 235/235/235 236/236/236
f 237/237/237 238/238/238 239/239/239
f 238/238/238 240/240/240 241/241/241
f 238/238/238 237/237/237 242/242/242
f 242/242/242 243/243/243 244/244/244
f 243/243/243 242/242/242 237/237/237
f 244/244/244 245/245/245 246/246/246
f 247/247/247 248/248/248 249/249/249
f 248/248/248 247/247/247 250/250/250
f 251/251/251 252/252/252 253/253/253
f 253/253/253 254/254/254 251/251/251
f 255/255/255 256/256/256 257/257/257
f 256/256/256 255/255/255 258/258/258
f 259/259/259 260/260/260 261/261/261
f 261/261/261 262/262/262 259/259/259
f 261/261/261 260/260/260 263/263/263
f 263/263/263 264/264/264 265/265/265
f 266/266/266 267/267/267 268/268/268
f 266/266/266 268/268/268 269/269/269
f 268/268/268 270/270/270 269/269/269
f 270/270/270 271/271/271 269/269/269
f 271/271/271 270/270/270 272/272/272
f 272/272/272 273/273/273 271/271/271
f 264/264/264 263/263/263 260/260/260
f 265/265/265 274/274/274 275/275/275
f 276/276/276 277/277/277 278/278/278
f 277/277/277 276/276/276 279/279/279
f 280/280/280 281/281/281 282/282/282
f 281/281/281 280/280/280 283/283/283
f 284/284/284 285/285/285 286/286/286
f 286/286/286 287/287/287 284/284/284
f 288/288/288 289/289/289 290/290/290
f 288/288/288 291/291/291 292/292/292
f 288/288/288 293/293/293 291/291/291
f 289/289/289 288/288/288 292/292/292
f 290/290/290 294/294/294 295/295/295
f 296/296/296 297/297/297 298/298/298
f 296/296/296 299/299/299 300/300/300
f 297/297/297 296/296/296 301/301/301
f 301/301/301 302/302/302 297/297/297
f 299/299/299 303/303/303 300/300/300
f 299/299/299 296/296/296 298/298/298
f 293/293/293 304/304/304 291/291/291
f 305/305/305 306/306/306 307/307/307
f 306/306/306 305/305/305 308/308/308
f 309/309/309 310/310/310 311/311/311
f 310/310/310 309/309/309 312/312/312
f 313/313/313 314/314/314 315/315/315
f 314/314/314 313/313/313 316/316/316
f 317/317/317 318/318/318 319/319/319
f 318/318/318 317/317/317 320/320/320
f 321/321/321 322/322/322 323/323/323
f 322/322/322 321/321/321 324/324/324
f 325/325/325 326/326/326 327/327/327
f 326/326/326 325/325/325 328/328/328
f 329/329/329 330/330/330 331/331/331
f 330/330/330 329/329/329 332/332/332
f 333/333/333 334/334/334 335/335/335
f 334/334/334 333/333/333 336/336/336
f 337/337/337 338/338/338 339/339/339
f 338/338/338 337/337/337 340/340/340
f 341/341/341 342/342/342 343/343/343
f 342/342/342 341/341/341 344/344/344
f 345/345/345 346/346/346 347/347/347
f 347/347/347 346/346/346 348/348/348
f 349/349/349 350/350/350 351/351/351
f 350/350/350 349/349/349 352/352/352
f 353/353/353 354/354/354 355/355/355
f 354/354/354 353/353/353 356/356/356
f 357/357/357 358/358/358 359/359/359
f 358/358/358 357/357/357 360/360/360
f 361/361/361 362/362/362 363/363/363
f 362/362/362 361/361/361 364/364/364
f 365/365/365 366/366/366 367/367/367
f 365/365/365 368/368/368 366/366/366
f 369/369/369 370/370/370 371/371/371
f 370/370/370 369/369/369 372/372/372
f 373/373/373 374/374/374 375/375/375
f 374/374/374 376/376/376 375/375/375
f 377/377/377 378/378/378 379/379/379
f 378/378/378 377/377/377 380/380/380
f 381/381/381 382/382/382 383/383/383
f 382/382/382 381/381/381 384/384/384
f 385/385/385 386/386/386 387/387/387
f 386/386/386 385/385/385 388/388/388
f 389/389/389 390/390/390 391/391/391
f 390/390/390 389/389/389 392/392/392
f 393/393/393 394/394/394 395/395/395
f 394/394/394 393/393/393 396/396/396
f 397/397/397 398/398/398 399/399/399
f 398/398/398 397/397/397 400/400/400
f 401/401/401 402/402/402 403/403/403
f 402/402/402 401/401/401 404/404/404
f 405/405/405 406/406/406 407/407/407
f 406/406/406 405/405/405 408/408/408
f 409/409/409 410/410/410 411/411/411
f 410/410/410 409/409/409 412/412/412
f 413/413/413 414/414/414 415/415/415
f 414/414/414 413/413/413 416/416/416
f 417/417/417 418/418/418 419/419/419
f 418/418/418 417/417/417 420/420/420
f 421/421/421 422/422/422 423/423/423
f 422/422/422 421/421/421 424/424/424
f 425/425/425 426/426/426 427/427/427
f 425/425/425 428/428/428 429/429/429
f 426/426/426 303/303/303 430/430/430
f 426/426/426 425/425/425 431/431/431
f 432/432/432 304/304/304 433/433/433
f 432/432/432 434/434/434 435/435/435
f 432/432/432 436/436/436 434/434/434
f 436/436/436 437/437/437 434/434/434
f 304/304/304 432/432/432 435/435/435
f 304/304/304 293/293/293 433/433/433
f 303/303/303 299/299/299 430/430/430
f 303/303/303 426/426/426 431/431/431
f 37/37/37 438/438/438 439/439/439
f 438/438/438 440/440/440 439/439/439
f 438/438/438 37/37/37 36/36/36
f 36/36/36 35/35/35 38/38/38
f 122/122/122 156/156/156 158/158/158
f 121/121/121 120/120/120 119/119/119
f 42/42/42 41/41/41 45/45/45
f 43/43/43 129/129/129 131/131/131
f 302/302/302 301/301/301 441/441/441
f 294/294/294 290/290/290 289/289/289
f 245/245/245 244/244/244 243/243/243
f 231/231/231 228/228/228 227/227/227
f 262/262/262 261/261/261 442/442/442
f 267/267/267 266/266/266 443/443/443
f 95/95/95 130/130/130 129/129/129
f 173/173/173 172/172/172 170/170/170
f 175/175/175 164/164/164 444/444/444
f 216/216/216 210/210/210 209/209/209
f 39/39/39 38/38/38 34/34/34
f 40/40/40 127/127/127 126/126/126
f 160/160/160 159/159/159 100/100/100
f 160/160/160 100/100/100 99/99/99
f 73/73/73 70/70/70 72/72/72
f 74/74/74 145/145/145 147/147/147
f 445/445/445 446/446/446 447/447/447
f 446/446/446 445/445/445 448/448/448
f 449/449/449 450/450/450 451/451/451
f 449/449/449 451/451/451 452/452/452
f 453/453/453 454/454/454 455/455/455
f 453/453/453 455/455/455 456/456/456
f 457/457/457 458/458/458 459/459/459
f 458/458/458 457/457/457 460/460/460
f 30/30/30 28/28/28 150/150/150
f 150/150/150 149/149/149 30/30/30
f 461/461/461 462/462/462 463/463/463
f 461/461/461 464/464/464 462/462/462
f 465/465/465 466/466/466 467/467/467
f 466/466/466 465/465/465 468/468/468
f 469/469/469 470/470/470 471/471/471
f 471/471/471 472/472/472 469/469/469
f 473/473/473 474/474/474 475/475/475
f 475/475/475 476/476/476 473/473/473
f 154/154/154 153/153/153 59/59/59
f 59/59/59 58/58/58 154/154/154
f 477/477/477 478/478/478 479/479/479
f 478/478/478 477/477/477 480/480/480
f 481/481/481 482/482/482 483/483/483
f 481/481/481 483/483/483 484/484/484
f 428/428/428 425/425/425 427/427/427
f 437/437/437 436/436/436 485/485/485
f 486/486/486 487/487/487 488/488/488
f 487/487/487 486/486/486 489/489/489
f 489/489/489 490/490/490 487/487/487
f 491/491/491 492/492/492 493/493/493
f 492/492/492 494/494/494 493/493/493
f 492/492/492 491/491/491 495/495/495
f 493/493/493 494/494/494 496/496/496
f 497/497/497 498/498/498 499/499/499
f 498/498/498 497/497/497 500/500/500
f 499/499/499 501/501/501 502/502/502
f 503/503/503 504/504/504 505/505/505
f 504/504/504 503/503/503 506/506/506
f 506/506/506 507/507/507 504/504/504
f 508/508/508 509/509/509 510/510/510
f 509/509/509 508/508/508 511/511/511
f 512/512/512 513/513/513 514/514/514
f 513/513/513 512/512/512 515/515/515
f 63/63/63 61/61/61 113/113/113
f 56/56/56 54/54/54 53/53/53
f 57/57/57 112/112/112 111/111/111
f 92/92/92 89/89/89 88/88/88
f 516/516/516 517/517/517 518/518/518
f 518/518/518 519/519/519 516/516/516
f 520/520/520 521/521/521 522/522/522
f 521/521/521 520/520/520 523/523/523
f 524/524/524 525/525/525 526/526/526
f 525/525/525 524/524/524 527/527/527
f 528/528/528 529/529/529 530/530/530
f 529/529/529 528/528/528 531/531/531
f 532/532/532 533/533/533 534/534/534
f 533/533/533 535/535/535 534/534/534
f 533/533/533 532/532/532 536/536/536
f 534/534/534 535/535/535 537/537/537
f 538/538/538 539/539/539 540/540/540
f 539/539/539 538/538/538 541/541/541
f 541/541/541 542/542/542 539/539/539
f 543/543/543 544/544/544 545/545/545
f 544/544/544 543/543/543 546/546/546
f 545/545/545 547/547/547 548/548/548
f 274/274/274 265/265/265 264/264/264
f 275/275/275 549/549/549 550/550/550
f 273/273/273 272/272/272 551/551/551
f 551/551/551 552/552/552 273/273/273
f 553/553/553 554/554/554 555/555/555
f 554/554/554 553/553/553 556/556/556
f 556/556/556 557/557/557 554/554/554
f 558/558/558 559/559/559 560/560/560
f 560/560/560 561/561/561 558/558/558
f 561/561/561 562/562/562 558/558/558
f 563/563/563 564/564/564 565/565/565
f 564/564/564 566/566/566 565/565/565
f 564/564/564 563/563/563 567/567/567
f 565/565/565 566/566/566 568/568/568
f 235/235/235 233/233/233 234/234/234
f 235/235/235 569/569/569 236/236/236
f 236/236/236 569/569/569 570/570/570
f 241/241/241 239/239/239 238/238/238
f 240/240/240 571/571/571 241/241/241
f 572/572/572 573/573/573 574/574/574
f 572/572/572 574/574/574 575/575/575
f 572/572/572 576/576/576 577/577/577
f 578/578/578 579/579/579 580/580/580
f 579/579/579 578/578/578 581/581/581
f 580/580/580 582/582/582 578/578/578
f 583/583/583 584/584/584 585/585/585
f 583/583/583 585/585/585 586/586/586
f 586/586/586 587/587/587 583/583/583
f 588/588/588 589/589/589 590/590/590
f 588/588/588 591/591/591 589/589/589
f 589/589/589 592/592/592 593/593/593
f 594/594/594 162/162/162 595/595/595
f 594/594/594 163/163/163 162/162/162
f 594/594/594 596/596/596 597/597/597
f 598/598/598 169/169/169 171/171/171
f 598/598/598 171/171/171 599/599/599
f 598/598/598 600/600/600 601/601/601
f 602/602/602 603/603/603 604/604/604
f 602/602/602 604/604/604 605/605/605
f 602/602/602 606/606/606 607/607/607
f 608/608/608 609/609/609 610/610/610
f 608/608/608 611/611/611 612/612/612
f 608/608/608 613/613/613 611/611/611
f 614/614/614 615/615/615 616/616/616
f 614/614/614 617/617/617 618/618/618
f 614/614/614 619/619/619 617/617/617
f 620/620/620 621/621/621 622/622/622
f 620/620/620 623/623/623 621/621/621
f 622/622/622 624/624/624 620/620/620
f 625/625/625 626/626/626 627/627/627
f 626/626/626 625/625/625 628/628/628
f 628/628/628 629/629/629 626/626/626
f 630/630/630 631/631/631 632/632/632
f 630/630/630 633/633/633 634/634/634
f 631/631/631 630/630/630 634/634/634
f 214/214/214 635/635/635 636/636/636
f 226/226/226 225/225/225 637/637/637
f 637/637/637 638/638/638 226/226/226
f 639/639/639 439/439/439 440/440/440
f 640/640/640 641/641/641 642/642/642
f 640/640/640 643/643/643 644/644/644
f 642/642/642 641/641/641 645/645/645
f 645/645/645 646/646/646 647/647/647
f 648/648/648 649/649/649 650/650/650
f 649/649/649 651/651/651 652/652/652
f 649/649/649 652/652/652 650/650/650
f 650/650/650 652/652/652 653/653/653
f 654/654/654 655/655/655 656/656/656
f 654/654/654 46/46/46 44/44/44
f 654/654/654 44/44/44 655/655/655
f 657/657/657 658/658/658 659/659/659
f 657/657/657 660/660/660 661/661/661
f 660/660/660 657/657/657 659/659/659
f 662/662/662 663/663/663 664/664/664
f 662/662/662 664/664/664 665/665/665
f 663/663/663 666/666/666 664/664/664
f 666/666/666 667/667/667 668/668/668
f 669/669/669 670/670/670 671/671/671
f 669/669/669 672/672/672 673/673/673
f 673/673/673 672/672/672 674/674/674
f 674/674/674 675/675/675 676/676/676
f 677/677/677 678/678/678 679/679/679
f 678/678/678 680/680/680 679/679/679
f 75/75/75 71/71/71 77/77/77
f 76/76/76 75/75/75 681/681/681
f 682/682/682 81/81/81 79/79/79
f 682/682/682 79/79/79 683/683/683
f 684/684/684 685/685/685 686/686/686
f 685/685/685 684/684/684 687/687/687
f 686/686/686 685/685/685 688/688/688
f 687/687/687 684/684/684 689/689/689
f 690/690/690 691/691/691 692/692/692
f 690/690/690 693/693/693 694/694/694
f 691/691/691 695/695/695 692/692/692
f 691/691/691 690/690/690 694/694/694
f 696/696/696 105/105/105 103/103/103
f 696/696/696 103/103/103 697/697/697
f 698/698/698 699/699/699 700/700/700
f 700/700/700 699/699/699 701/701/701
f 702/702/702 703/703/703 704/704/704
f 703/703/703 670/670/670 704/704/704
f 703/703/703 702/702/702 705/705/705
f 705/705/705 706/706/706 703/703/703
f 118/118/118 707/707/707 116/116/116
f 708/708/708 709/709/709 710/710/710
f 708/708/708 711/711/711 709/709/709
f 711/711/711 712/712/712 713/713/713
f 709/709/709 711/711/711 713/713/713
f 714/714/714 715/715/715 716/716/716
f 714/714/714 716/716/716 717/717/717
f 714/714/714 718/718/718 715/715/715
f 716/716/716 715/715/715 719/719/719
f 720/720/720 721/721/721 722/722/722
f 721/721/721 720/720/720 723/723/723
f 723/723/723 724/724/724 721/721/721
f 725/725/725 726/726/726 727/727/727
f 725/725/725 728/728/728 729/729/729
f 728/728/728 725/725/725 727/727/727
f 730/730/730 731/731/731 732/732/732
f 730/730/730 733/733/733 731/731/731
f 732/732/732 731/731/731 734/734/734
f 734/734/734 731/731/731 735/735/735
f 736/736/736 737/737/737 738/738/738
f 736/736/736 668/668/668 667/667/667
f 737/737/737 739/739/739 738/738/738
f 738/738/738 644/644/644 643/643/643
f 740/740/740 741/741/741 742/742/742
f 741/741/741 740/740/740 743/743/743
f 742/742/742 741/741/741 744/744/744
f 743/743/743 745/745/745 741/741/741
f 746/746/746 596/596/596 747/747/747
f 746/746/746 748/748/748 749/749/749
f 746/746/746 597/597/597 596/596/596
f 596/596/596 594/594/594 595/595/595
f 750/750/750 751/751/751 752/752/752
f 750/750/750 601/601/601 751/751/751
f 601/601/601 600/600/600 751/751/751
f 600/600/600 598/598/598 599/599/599
f 752/752/752 751/751/751 753/753/753
f 753/753/753 754/754/754 752/752/752
f 748/748/748 746/746/746 747/747/747
f 748/748/748 755/755/755 749/749/749
f 756/756/756 757/757/757 758/758/758
f 757/757/757 756/756/756 759/759/759
f 760/760/760 761/761/761 762/762/762
f 762/762/762 761/761/761 763/763/763
f 764/764/764 765/765/765 766/766/766
f 765/765/765 764/764/764 767/767/767
f 768/768/768 769/769/769 770/770/770
f 769/769/769 768/768/768 771/771/771
f 772/772/772 773/773/773 774/774/774
f 773/773/773 772/772/772 775/775/775
f 776/776/776 777/777/777 778/778/778
f 778/778/778 777/777/777 779/779/779
f 780/780/780 781/781/781 782/782/782
f 780/780/780 782/782/782 783/783/783
f 784/784/784 785/785/785 786/786/786
f 785/785/785 784/784/784 787/787/787
f 788/788/788 636/636/636 635/635/635
f 788/788/788 789/789/789 790/790/790
f 788/788/788 790/790/790 791/791/791
f 636/636/636 788/788/788 791/791/791
f 635/635/635 214/214/214 215/215/215
f 789/789/789 792/792/792 790/790/790
f 793/793/793 794/794/794 795/795/795
f 793/793/793 796/796/796 797/797/797
f 796/796/796 793/793/793 798/798/798
f 796/796/796 799/799/799 638/638/638
f 799/799/799 796/796/796 798/798/798
f 799/799/799 226/226/226 638/638/638
f 800/800/800 801/801/801 802/802/802
f 801/801/801 800/800/800 803/803/803
f 801/801/801 804/804/804 802/802/802
f 803/803/803 805/805/805 806/806/806
f 805/805/805 803/803/803 800/800/800
f 805/805/805 807/807/807 806/806/806
f 808/808/808 809/809/809 810/810/810
f 809/809/809 811/811/811 812/812/812
f 809/809/809 808/808/808 813/813/813
f 813/813/813 811/811/811 809/809/809
f 814/814/814 815/815/815 816/816/816
f 814/814/814 816/816/816 810/810/810
f 816/816/816 808/808/808 810/810/810
f 817/817/817 818/818/818 819/819/819
f 818/818/818 820/820/820 819/819/819
f 821/821/821 822/822/822 823/823/823
f 822/822/822 821/821/821 824/824/824
f 825/825/825 826/826/826 827/827/827
f 827/827/827 828/828/828 825/825/825
f 829/829/829 830/830/830 831/831/831
f 830/830/830 832/832/832 831/831/831
f 832/832/832 833/833/833 831/831/831
f 834/834/834 835/835/835 836/836/836
f 835/835/835 834/834/834 837/837/837
f 837/837/837 838/838/838 839/839/839
f 838/838/838 837/837/837 834/834/834
f 838/838/838 840/840/840 839/839/839
f 839/839/839 840/840/840 841/841/841
f 833/833/833 832/832/832 842/842/842
f 842/842/842 843/843/843 833/833/833
f 844/844/844 845/845/845 846/846/846
f 846/846/846 847/847/847 844/844/844
f 848/848/848 849/849/849 850/850/850
f 850/850/850 851/851/851 848/848/848
f 852/852/852 853/853/853 854/854/854
f 853/853/853 852/852/852 855/855/855
f 856/856/856 857/857/857 858/858/858
f 856/856/856 859/859/859 857/857/857
f 856/856/856 860/860/860 861/861/861
f 859/859/859 862/862/862 857/857/857
f 863/863/863 864/864/864 865/865/865
f 863/863/863 865/865/865 866/866/866
f 865/865/865 867/867/867 866/866/866
f 866/866/866 867/867/867 868/868/868
f 869/869/869 870/870/870 863/863/863
f 870/870/870 864/864/864 863/863/863
f 860/860/860 871/871/871 861/861/861
f 860/860/860 856/856/856 858/858/858
f 872/872/872 873/873/873 874/874/874
f 873/873/873 872/872/872 875/875/875
f 876/876/876 877/877/877 878/878/878
f 877/877/877 876/876/876 879/879/879
f 880/880/880 881/881/881 882/882/882
f 881/881/881 880/880/880 883/883/883
f 884/884/884 885/885/885 886/886/886
f 885/885/885 884/884/884 887/887/887
f 888/888/888 889/889/889 890/890/890
f 889/889/889 888/888/888 891/891/891
f 892/892/892 893/893/893 894/894/894
f 893/893/893 892/892/892 895/895/895
f 896/896/896 897/897/897 898/898/898
f 897/897/897 896/896/896 899/899/899
f 900/900/900 901/901/901 902/902/902
f 901/901/901 900/900/900 903/903/903
f 904/904/904 905/905/905 906/906/906
f 905/905/905 904/904/904 907/907/907
f 908/908/908 909/909/909 910/910/910
f 909/909/909 908/908/908 911/911/911
f 912/912/912 913/913/913 914/914/914
f 913/913/913 915/915/915 914/914/914
f 916/916/916 917/917/917 918/918/918
f 917/917/917 916/916/916 919/919/919
f 920/920/920 921/921/921 922/922/922
f 921/921/921 920/920/920 923/923/923
f 924/924/924 925/925/925 926/926/926
f 925/925/925 924/924/924 927/927/927
f 928/928/928 929/929/929 930/930/930
f 929/929/929 928/928/928 931/931/931
f 932/932/932 933/933/933 934/934/934
f 933/933/933 932/932/932 935/935/935
f 936/936/936 937/937/937 938/938/938
f 937/937/937 936/936/936 939/939/939
f 940/940/940 941/941/941 942/942/942
f 941/941/941 940/940/940 943/943/943
f 944/944/944 945/945/945 946/946/946
f 945/945/945 944/944/944 947/947/947
f 948/948/948 949/949/949 950/950/950
f 949/949/949 948/948/948 951/951/951
f 952/952/952 953/953/953 954/954/954
f 953/953/953 952/952/952 955/955/955
f 956/956/956 957/957/957 958/958/958
f 957/957/957 956/956/956 959/959/959
f 960/960/960 961/961/961 962/962/962
f 961/961/961 960/960/960 963/963/963
f 964/964/964 965/965/965 966/966/966
f 965/965/965 964/964/964 967/967/967
f 968/968/968 969/969/969 970/970/970
f 969/969/969 968/968/968 971/971/971
f 972/972/972 973/973/973 974/974/974
f 973/973/973 972/972/972 975/975/975
f 976/976/976 977/977/977 978/978/978
f 977/977/977 976/976/976 979/979/979
f 980/980/980 981/981/981 982/982/982
f 981/981/981 980/980/980 983/983/983
f 984/984/984 985/985/985 986/986/986
f 985/985/985 984/984/984 987/987/987
f 988/988/988 989/989/989 990/990/990
f 989/989/989 988/988/988 991/991/991
f 992/992/992 993/993/993 994/994/994
f 992/992/992 995/995/995 996/996/996
f 995/995/995 992/992/992 994/994/994
f 995/995/995 997/997/997 996/996/996
f 998/998/998 999/999/999 871/871/871
f 998/998/998 871/871/871 1000/1000/1000
f 998/998/998 1001/1001/1001 1002/1002/1002
f 1001/1001/1001 998/998/998 1000/1000/1000
f 1001/1001/1001 1003/1003/1003 1002/1002/1002
f 999/999/999 861/861/861 871/871/871
f 997/997/997 995/995/995 1004/1004/1004
f 997/997/997 870/870/870 869/869/869
f 1004/1004/1004 870/870/870 997/997/997
f 1005/1005/1005 1006/1006/1006 1007/1007/1007
f 1005/1005/1005 440/440/440 1006/1006/1006
f 1005/1005/1005 639/639/639 440/440/440
f 1007/1007/1007 651/651/651 649/649/649
f 1007/1007/1007 1006/1006/1006 651/651/651
f 744/744/744 707/707/707 118/118/118
f 744/744/744 741/741/741 707/707/707
f 656/656/656 718/718/718 714/714/714
f 656/656/656 655/655/655 718/718/718
f 862/862/862 859/859/859 1008/1008/1008
f 815/815/815 814/814/814 1009/1009/1009
f 804/804/804 801/801/801 1010/1010/1010
f 1011/1011/1011 830/830/830 1012/1012/1012
f 1012/1012/1012 830/830/830 829/829/829
f 1013/1013/1013 836/836/836 1014/1014/1014
f 1014/1014/1014 836/836/836 835/835/835
f 717/717/717 689/689/689 684/684/684
f 689/689/689 717/717/717 716/716/716
f 754/754/754 753/753/753 1015/1015/1015
f 1016/1016/1016 749/749/749 755/755/755
f 794/794/794 793/793/793 797/797/797
f 792/792/792 789/789/789 1017/1017/1017
f 710/710/710 653/653/653 652/652/652
f 653/653/653 710/710/710 709/709/709
f 695/695/695 691/691/691 745/745/745
f 745/745/745 743/743/743 695/695/695
f 681/681/681 733/733/733 730/730/730
f 681/681/681 75/75/75 733/733/733
f 1018/1018/1018 1019/1019/1019 1020/1020/1020
f 1020/1020/1020 1019/1019/1019 1021/1021/1021
f 1022/1022/1022 1023/1023/1023 1024/1024/1024
f 1023/1023/1023 1022/1022/1022 1025/1025/1025
f 1026/1026/1026 1027/1027/1027 1028/1028/1028
f 1029/1029/1029 1028/1028/1028 1027/1027/1027
f 1030/1030/1030 1031/1031/1031 1032/1032/1032
f 1031/1031/1031 1030/1030/1030 1033/1033/1033
f 643/643/643 640/640/640 642/642/642
f 644/644/644 738/738/738 739/739/739
f 1034/1034/1034 1035/1035/1035 1036/1036/1036
f 1035/1035/1035 1034/1034/1034 1037/1037/1037
f 1038/1038/1038 1039/1039/1039 1040/1040/1040
f 1041/1041/1041 1040/1040/1040 1039/1039/1039
f 1042/1042/1042 1043/1043/1043 1044/1044/1044
f 1044/1044/1044 1043/1043/1043 1045/1045/1045
f 1046/1046/1046 1047/1047/1047 1048/1048/1048
f 1048/1048/1048 1047/1047/1047 1049/1049/1049
f 668/668/668 736/736/736 738/738/738
f 667/667/667 666/666/666 663/663/663
f 1050/1050/1050 1051/1051/1051 1052/1052/1052
f 1052/1052/1052 1051/1051/1051 1053/1053/1053
f 1054/1054/1054 1055/1055/1055 1056/1056/1056
f 1057/1057/1057 1056/1056/1056 1055/1055/1055
f 993/993/993 992/992/992 1058/1058/1058
f 1059/1059/1059 1002/1002/1002 1003/1003/1003
f 1060/1060/1060 1061/1061/1061 1062/1062/1062
f 1062/1062/1062 1061/1061/1061 1063/1063/1063
f 1063/1063/1063 1064/1064/1064 1065/1065/1065
f 1066/1066/1066 1067/1067/1067 1068/1068/1068
f 1067/1067/1067 1066/1066/1066 1069/1069/1069
f 1069/1069/1069 1070/1070/1070 1071/1071/1071
f 1072/1072/1072 1073/1073/1073 1074/1074/1074
f 1073/1073/1073 1072/1072/1072 1075/1075/1075
f 1075/1075/1075 1076/1076/1076 1077/1077/1077
f 1078/1078/1078 1079/1079/1079 1080/1080/1080
f 1080/1080/1080 1079/1079/1079 1081/1081/1081
f 1081/1081/1081 1082/1082/1082 1083/1083/1083
f 1084/1084/1084 1085/1085/1085 1086/1086/1086
f 1085/1085/1085 1084/1084/1084 1087/1087/1087
f 1088/1088/1088 1089/1089/1089 1090/1090/1090
f 1090/1090/1090 1089/1089/1089 1091/1091/1091
f 670/670/670 703/703/703 671/671/671
f 670/670/670 669/669/669 673/673/673
f 665/665/665 664/664/664 706/706/706
f 665/665/665 706/706/706 705/705/705
f 688/688/688 735/735/735 731/731/731
f 735/735/735 688/688/688 685/685/685
f 1092/1092/1092 1093/1093/1093 1094/1094/1094
f 1094/1094/1094 1093/1093/1093 1095/1095/1095
f 1096/1096/1096 1097/1097/1097 1098/1098/1098
f 1097/1097/1097 1096/1096/1096 1099/1099/1099
f 1100/1100/1100 1101/1101/1101 1102/1102/1102
f 1103/1103/1103 1102/1102/1102 1101/1101/1101
f 1104/1104/1104 1105/1105/1105 1106/1106/1106
f 1107/1107/1107 1106/1106/1106 1105/1105/1105
f 1108/1108/1108 1109/1109/1109 1110/1110/1110
f 1109/1109/1109 1108/1108/1108 1111/1111/1111
f 1111/1111/1111 1112/1112/1112 1109/1109/1109
f 1113/1113/1113 1114/1114/1114 1115/1115/1115
f 1115/1115/1115 1114/1114/1114 1116/1116/1116
f 1116/1116/1116 1117/1117/1117 1118/1118/1118
f 1119/1119/1119 1120/1120/1120 1121/1121/1121
f 1120/1120/1120 1119/1119/1119 1122/1122/1122
f 1122/1122/1122 1123/1123/1123 1124/1124/1124
f 843/843/843 842/842/842 1125/1125/1125
f 1125/1125/1125 1126/1126/1126 1127/1127/1127
f 841/841/841 1128/1128/1128 1129/1129/1129
f 1130/1130/1130 1131/1131/1131 1132/1132/1132
f 1131/1131/1131 1133/1133/1133 1134/1134/1134
f 1132/1132/1132 1131/1131/1131 1135/1135/1135
f 1136/1136/1136 1137/1137/1137 1138/1138/1138
f 1138/1138/1138 1137/1137/1137 1139/1139/1139
f 1139/1139/1139 1140/1140/1140 1141/1141/1141
f 1142/1142/1142 1143/1143/1143 1144/1144/1144
f 1143/1143/1143 1142/1142/1142 1145/1145/1145
f 1145/1145/1145 1146/1146/1146 1143/1143/1143
f 807/807/807 805/805/805 1147/1147/1147
f 1147/1147/1147 1148/1148/1148 807/807/807
f 812/812/812 1149/1149/1149 1150/1150/1150
f 576/576/576 572/572/572 575/575/575
f 1151/1151/1151 578/578/578 582/582/582
f 1152/1152/1152 583/583/583 587/587/587
f 592/592/592 589/589/589 591/591/591
f 606/606/606 602/602/602 605/605/605
f 609/609/609 608/608/608 612/612/612
f 615/615/615 614/614/614 618/618/618
f 1153/1153/1153 620/620/620 624/624/624
f 1154/1154/1154 626/626/626 629/629/629
f 633/633/633 630/630/630 1155/1155/1155
f 32/32/32 1156/1156/1156 1157/1157/1157
f 32/32/32 31/31/31 1156/1156/1156
f 1158/1158/1158 1159/1159/1159 1160/1160/1160
f 1159/1159/1159 1158/1158/1158 1161/1161/1161
f 1160/1160/1160 1159/1159/1159 1162/1162/1162
f 1160/1160/1160 1163/1163/1163 1158/1158/1158
f 1164/1164/1164 1165/1165/1165 1166/1166/1166
f 1164/1164/1164 1167/1167/1167 1165/1165/1165
f 1164/1164/1164 1168/1168/1168 1169/1169/1169
f 1167/1167/1167 1170/1170/1170 1165/1165/1165
f 1171/1171/1171 1172/1172/1172 1173/1173/1173
f 1172/1172/1172 1171/1171/1171 1174/1174/1174
f 1173/1173/1173 1175/1175/1175 1176/1176/1176
f 1174/1174/1174 1177/1177/1177 1178/1178/1178
f 65/65/65 64/64/64 1179/1179/1179
f 65/65/65 1179/1179/1179 1180/1180/1180
f 1181/1181/1181 1182/1182/1182 1183/1183/1183
f 1182/1182/1182 1181/1181/1181 1184/1184/1184
f 1185/1185/1185 1186/1186/1186 1187/1187/1187
f 1185/1185/1185 1188/1188/1188 1189/1189/1189
f 1186/1186/1186 1190/1190/1190 1187/1187/1187
f 1186/1186/1186 1185/1185/1185 1189/1189/1189
f 1191/1191/1191 1192/1192/1192 1193/1193/1193
f 1191/1191/1191 1194/1194/1194 1195/1195/1195
f 1191/1191/1191 1196/1196/1196 1192/1192/1192
f 1197/1197/1197 1198/1198/1198 1199/1199/1199
f 1197/1197/1197 1199/1199/1199 1200/1200/1200
f 1198/1198/1198 1201/1201/1201 1199/1199/1199
f 1202/1202/1202 1203/1203/1203 1204/1204/1204
f 1202/1202/1202 1204/1204/1204 1205/1205/1205
f 1202/1202/1202 1206/1206/1206 1203/1203/1203
f 1204/1204/1204 1207/1207/1207 1205/1205/1205
f 98/98/98 97/97/97 1208/1208/1208
f 1209/1209/1209 1210/1210/1210 1211/1211/1211
f 1209/1209/1209 1212/1212/1212 1213/1213/1213
f 1209/1209/1209 1214/1214/1214 1212/1212/1212
f 1215/1215/1215 1216/1216/1216 1217/1217/1217
f 1215/1215/1215 1218/1218/1218 1216/1216/1216
f 1219/1219/1219 1220/1220/1220 1221/1221/1221
f 1219/1219/1219 1180/1180/1180 1222/1222/1222
f 1220/1220/1220 1219/1219/1219 1223/1223/1223
f 1221/1221/1221 1220/1220/1220 1177/1177/1177
f 1224/1224/1224 1225/1225/1225 1226/1226/1226
f 1224/1224/1224 1226/1226/1226 1227/1227/1227
f 1225/1225/1225 1228/1228/1228 1226/1226/1226
f 1227/1227/1227 1229/1229/1229 1224/1224/1224
f 124/124/124 1230/1230/1230 125/125/125
f 1231/1231/1231 1232/1232/1232 1233/1233/1233
f 1231/1231/1231 1234/1234/1234 1235/1235/1235
f 1231/1231/1231 1235/1235/1235 1232/1232/1232
f 1235/1235/1235 1236/1236/1236 1232/1232/1232
f 1237/1237/1237 1238/1238/1238 1239/1239/1239
f 1237/1237/1237 1240/1240/1240 1241/1241/1241
f 1237/1237/1237 1239/1239/1239 1240/1240/1240
f 1237/1237/1237 1241/1241/1241 1242/1242/1242
f 1243/1243/1243 1244/1244/1244 1245/1245/1245
f 1243/1243/1243 1245/1245/1245 1246/1246/1246
f 1244/1244/1244 1243/1243/1243 1247/1247/1247
f 1247/1247/1247 1176/1176/1176 1175/1175/1175
f 1248/1248/1248 1249/1249/1249 1250/1250/1250
f 1249/1249/1249 1248/1248/1248 1251/1251/1251
f 1249/1249/1249 1252/1252/1252 1250/1250/1250
f 1249/1249/1249 1253/1253/1253 1252/1252/1252
f 1254/1254/1254 1255/1255/1255 1256/1256/1256
f 1254/1254/1254 1256/1256/1256 1257/1257/1257
f 1257/1257/1257 1256/1256/1256 1258/1258/1258
f 1258/1258/1258 1259/1259/1259 1257/1257/1257
f 1260/1260/1260 1261/1261/1261 1262/1262/1262
f 1260/1260/1260 1263/1263/1263 1264/1264/1264
f 1260/1260/1260 1265/1265/1265 1261/1261/1261
f 1263/1263/1263 1266/1266/1266 1264/1264/1264
f 1263/1263/1263 1260/1260/1260 1262/1262/1262
f 1265/1265/1265 1267/1267/1267 1261/1261/1261
f 1255/1255/1255 1268/1268/1268 1256/1256/1256
f 1268/1268/1268 1269/1269/1269 1270/1270/1270
f 1271/1271/1271 1272/1272/1272 1273/1273/1273
f 1272/1272/1272 1271/1271/1271 1274/1274/1274
f 1275/1275/1275 1276/1276/1276 1277/1277/1277
f 1275/1275/1275 1277/1277/1277 1278/1278/1278
f 1279/1279/1279 1280/1280/1280 1281/1281/1281
f 1280/1280/1280 1279/1279/1279 1282/1282/1282
f 1283/1283/1283 1284/1284/1284 1285/1285/1285
f 1284/1284/1284 1283/1283/1283 1286/1286/1286
f 1287/1287/1287 1288/1288/1288 1289/1289/1289
f 1288/1288/1288 1287/1287/1287 1290/1290/1290
f 1291/1291/1291 1292/1292/1292 1293/1293/1293
f 1292/1292/1292 1294/1294/1294 1293/1293/1293
f 1295/1295/1295 1296/1296/1296 1297/1297/1297
f 1295/1295/1295 1297/1297/1297 1298/1298/1298
f 1299/1299/1299 1300/1300/1300 1301/1301/1301
f 1300/1300/1300 1299/1299/1299 1302/1302/1302
f 1303/1303/1303 1304/1304/1304 1305/1305/1305
f 1303/1303/1303 1306/1306/1306 1304/1304/1304
f 1306/1306/1306 1307/1307/1307 1308/1308/1308
f 1306/1306/1306 1308/1308/1308 1304/1304/1304
f 1305/1305/1305 1304/1304/1304 1309/1309/1309
f 1309/1309/1309 1310/1310/1310 1305/1305/1305
f 1311/1311/1311 1312/1312/1312 1313/1313/1313
f 1311/1311/1311 1314/1314/1314 1315/1315/1315
f 1314/1314/1314 1311/1311/1311 1316/1316/1316
f 1316/1316/1316 1317/1317/1317 1314/1314/1314
f 1312/1312/1312 1311/1311/1311 1315/1315/1315
f 1313/1313/1313 1318/1318/1318 1319/1319/1319
f 1320/1320/1320 1321/1321/1321 1322/1322/1322
f 1320/1320/1320 1322/1322/1322 1323/1323/1323
f 1321/1321/1321 570/570/570 569/569/569
f 1322/1322/1322 1324/1324/1324 1323/1323/1323
f 1323/1323/1323 1324/1324/1324 1325/1325/1325
f 570/570/570 1321/1321/1321 1320/1320/1320
f 1326/1326/1326 1327/1327/1327 571/571/571
f 1327/1327/1327 1326/1326/1326 1328/1328/1328
f 571/571/571 240/240/240 1326/1326/1326
f 1328/1328/1328 1329/1329/1329 1327/1327/1327
f 1329/1329/1329 1328/1328/1328 1330/1330/1330
f 1330/1330/1330 1331/1331/1331 1329/1329/1329
f 1332/1332/1332 1333/1333/1333 1334/1334/1334
f 1333/1333/1333 1332/1332/1332 1335/1335/1335
f 1336/1336/1336 1337/1337/1337 1338/1338/1338
f 1337/1337/1337 1339/1339/1339 1338/1338/1338
f 1340/1340/1340 1341/1341/1341 1342/1342/1342
f 1342/1342/1342 1341/1341/1341 1343/1343/1343
f 1344/1344/1344 549/549/549 1345/1345/1345
f 1344/1344/1344 1346/1346/1346 1347/1347/1347
f 1346/1346/1346 1348/1348/1348 1347/1347/1347
f 1346/1346/1346 1344/1344/1344 1345/1345/1345
f 1347/1347/1347 1348/1348/1348 1349/1349/1349
f 1350/1350/1350 1351/1351/1351 1352/1352/1352
f 1350/1350/1350 1352/1352/1352 1353/1353/1353
f 1351/1351/1351 552/552/552 1354/1354/1354
f 1352/1352/1352 1355/1355/1355 1353/1353/1353
f 1353/1353/1353 1355/1355/1355 1356/1356/1356
f 552/552/552 551/551/551 1354/1354/1354
f 552/552/552 1351/1351/1351 1350/1350/1350
f 549/549/549 1344/1344/1344 550/550/550
f 549/549/549 275/275/275 274/274/274
f 1357/1357/1357 1358/1358/1358 1359/1359/1359
f 1358/1358/1358 1357/1357/1357 1360/1360/1360
f 1361/1361/1361 1362/1362/1362 1363/1363/1363
f 1362/1362/1362 1361/1361/1361 1364/1364/1364
f 1365/1365/1365 1366/1366/1366 1367/1367/1367
f 1366/1366/1366 1368/1368/1368 1367/1367/1367
f 1369/1369/1369 1370/1370/1370 1371/1371/1371
f 1369/1369/1369 1372/1372/1372 1370/1370/1370
f 1371/1371/1371 1370/1370/1370 1373/1373/1373
f 1373/1373/1373 1374/1374/1374 1371/1371/1371
f 1375/1375/1375 1376/1376/1376 1377/1377/1377
f 1375/1375/1375 1378/1378/1378 1379/1379/1379
f 1378/1378/1378 1375/1375/1375 1377/1377/1377
f 1376/1376/1376 1375/1375/1375 1380/1380/1380
f 1376/1376/1376 1381/1381/1381 1382/1382/1382
f 1380/1380/1380 1381/1381/1381 1376/1376/1376
f 1372/1372/1372 1383/1383/1383 1384/1384/1384
f 1372/1372/1372 1384/1384/1384 1370/1370/1370
f 1385/1385/1385 1386/1386/1386 1387/1387/1387
f 1386/1386/1386 1385/1385/1385 1388/1388/1388
f 1389/1389/1389 1390/1390/1390 1391/1391/1391
f 1390/1390/1390 1389/1389/1389 1392/1392/1392
f 1393/1393/1393 1394/1394/1394 1395/1395/1395
f 1394/1394/1394 1393/1393/1393 1396/1396/1396
f 1397/1397/1397 1398/1398/1398 1399/1399/1399
f 1398/1398/1398 1397/1397/1397 1400/1400/1400
f 1401/1401/1401 1402/1402/1402 1403/1403/1403
f 1402/1402/1402 1401/1401/1401 1404/1404/1404
f 1405/1405/1405 1406/1406/1406 1407/1407/1407
f 1406/1406/1406 1405/1405/1405 1408/1408/1408
f 1409/1409/1409 1410/1410/1410 1411/1411/1411
f 1410/1410/1410 1409/1409/1409 1412/1412/1412
f 1413/1413/1413 1414/1414/1414 1415/1415/1415
f 1414/1414/1414 1413/1413/1413 1416/1416/1416
f 1417/1417/1417 1418/1418/1418 1419/1419/1419
f 1418/1418/1418 1417/1417/1417 1420/1420/1420
f 1421/1421/1421 1422/1422/1422 1423/1423/1423
f 1422/1422/1422 1421/1421/1421 1424/1424/1424
f 1425/1425/1425 1426/1426/1426 1427/1427/1427
f 1426/1426/1426 1425/1425/1425 1428/1428/1428
f 1429/1429/1429 1430/1430/1430 1431/1431/1431
f 1430/1430/1430 1429/1429/1429 1432/1432/1432
f 1433/1433/1433 1434/1434/1434 1435/1435/1435
f 1434/1434/1434 1433/1433/1433 1436/1436/1436
f 1437/1437/1437 1438/1438/1438 1439/1439/1439
f 1438/1438/1438 1437/1437/1437 1440/1440/1440
f 1441/1441/1441 1442/1442/1442 1443/1443/1443
f 1442/1442/1442 1441/1441/1441 1444/1444/1444
f 1445/1445/1445 1446/1446/1446 1447/1447/1447
f 1446/1446/1446 1448/1448/1448 1447/1447/1447
f 1449/1449/1449 1450/1450/1450 1451/1451/1451
f 1450/1450/1450 1449/1449/1449 1452/1452/1452
f 1453/1453/1453 1454/1454/1454 1455/1455/1455
f 1453/1453/1453 1455/1455/1455 1456/1456/1456
f 1457/1457/1457 1458/1458/1458 1459/1459/1459
f 1458/1458/1458 1457/1457/1457 1460/1460/1460
f 1461/1461/1461 1462/1462/1462 1463/1463/1463
f 1462/1462/1462 1461/1461/1461 1464/1464/1464
f 1465/1465/1465 1466/1466/1466 1467/1467/1467
f 1466/1466/1466 1465/1465/1465 1468/1468/1468
f 1469/1469/1469 1470/1470/1470 1471/1471/1471
f 1470/1470/1470 1469/1469/1469 1472/1472/1472
f 1473/1473/1473 1474/1474/1474 1475/1475/1475
f 1474/1474/1474 1473/1473/1473 1476/1476/1476
f 1477/1477/1477 1478/1478/1478 1479/1479/1479
f 1477/1477/1477 1479/1479/1479 1480/1480/1480
f 1481/1481/1481 1482/1482/1482 1483/1483/1483
f 1482/1482/1482 1481/1481/1481 1484/1484/1484
f 1485/1485/1485 1486/1486/1486 1487/1487/1487
f 1486/1486/1486 1485/1485/1485 1488/1488/1488
f 1489/1489/1489 1490/1490/1490 1491/1491/1491
f 1490/1490/1490 1489/1489/1489 1492/1492/1492
f 1493/1493/1493 1494/1494/1494 1495/1495/1495
f 1494/1494/1494 1493/1493/1493 1496/1496/1496
f 1497/1497/1497 1498/1498/1498 1499/1499/1499
f 1498/1498/1498 1497/1497/1497 1500/1500/1500
f 1501/1501/1501 1502/1502/1502 1503/1503/1503
f 1502/1502/1502 1501/1501/1501 1504/1504/1504
f 1505/1505/1505 1506/1506/1506 1507/1507/1507
f 1505/1505/1505 1381/1381/1381 1508/1508/1508
f 1506/1506/1506 1509/1509/1509 1507/1507/1507
f 1506/1506/1506 1505/1505/1505 1508/1508/1508
f 1510/1510/1510 1511/1511/1511 1512/1512/1512
f 1511/1511/1511 1510/1510/1510 1513/1513/1513
f 1512/1512/1512 1514/1514/1514 1510/1510/1510
f 1513/1513/1513 1515/1515/1515 1511/1511/1511
f 1514/1514/1514 1512/1512/1512 1383/1383/1383
f 1383/1383/1383 1372/1372/1372 1514/1514/1514
f 1381/1381/1381 1505/1505/1505 1382/1382/1382
f 1162/1162/1162 1159/1159/1159 1516/1516/1516
f 1162/1162/1162 1516/1516/1516 1517/1517/1517
f 1517/1517/1517 1516/1516/1516 1518/1518/1518
f 1253/1253/1253 1249/1249/1249 1229/1229/1229
f 1229/1229/1229 1227/1227/1227 1253/1253/1253
f 1233/1233/1233 1232/1232/1232 1170/1170/1170
f 1233/1233/1233 1170/1170/1170 1167/1167/1167
f 1519/1519/1519 1379/1379/1379 1520/1520/1520
f 1520/1520/1520 1379/1379/1379 1378/1378/1378
f 1374/1374/1374 1373/1373/1373 1521/1521/1521
f 1331/1331/1331 1330/1330/1330 1522/1522/1522
f 1206/1206/1206 1202/1202/1202 1236/1236/1236
f 1236/1236/1236 1235/1235/1235 1206/1206/1206
f 1267/1267/1267 1265/1265/1265 1523/1523/1523
f 1269/1269/1269 1268/1268/1268 1255/1255/1255
f 1524/1524/1524 1314/1314/1314 1317/1317/1317
f 1310/1310/1310 1309/1309/1309 1525/1525/1525
f 1163/1163/1163 1160/1160/1160 1230/1230/1230
f 1230/1230/1230 124/124/124 1163/1163/1163
f 1251/1251/1251 1208/1208/1208 97/97/97
f 1208/1208/1208 1251/1251/1251 1248/1248/1248
f 1188/1188/1188 1185/1185/1185 1242/1242/1242
f 1242/1242/1242 1241/1241/1241 1188/1188/1188
f 1526/1526/1526 1527/1527/1527 1528/1528/1528
f 1527/1527/1527 1526/1526/1526 1529/1529/1529
f 1530/1530/1530 1531/1531/1531 1532/1532/1532
f 1533/1533/1533 1532/1532/1532 1531/1531/1531
f 1534/1534/1534 1535/1535/1535 1536/1536/1536
f 1535/1535/1535 1534/1534/1534 1537/1537/1537
f 1538/1538/1538 1539/1539/1539 1540/1540/1540
f 1540/1540/1540 1539/1539/1539 1541/1541/1541
f 1246/1246/1246 1157/1157/1157 1156/1156/1156
f 1157/1157/1157 1246/1246/1246 1245/1245/1245
f 1542/1542/1542 1543/1543/1543 1544/1544/1544
f 1545/1545/1545 1544/1544/1544 1543/1543/1543
f 1546/1546/1546 1547/1547/1547 1548/1548/1548
f 1547/1547/1547 1546/1546/1546 1549/1549/1549
f 1550/1550/1550 1551/1551/1551 1552/1552/1552
f 1552/1552/1552 1551/1551/1551 1553/1553/1553
f 1554/1554/1554 1555/1555/1555 1556/1556/1556
f 1556/1556/1556 1555/1555/1555 1557/1557/1557
f 1176/1176/1176 1247/1247/1247 1243/1243/1243
f 1175/1175/1175 1173/1173/1173 1172/1172/1172
f 1558/1558/1558 1559/1559/1559 1560/1560/1560
f 1559/1559/1559 1558/1558/1558 1561/1561/1561
f 1562/1562/1562 1563/1563/1563 1564/1564/1564
f 1563/1563/1563 1562/1562/1562 1565/1565/1565
f 1509/1509/1509 1506/1506/1506 1566/1566/1566
f 1515/1515/1515 1513/1513/1513 1567/1567/1567
f 490/490/490 489/489/489 1568/1568/1568
f 501/501/501 499/499/499 498/498/498
f 507/507/507 506/506/506 1569/1569/1569
f 1570/1570/1570 1571/1571/1571 1572/1572/1572
f 1573/1573/1573 1572/1572/1572 1571/1571/1571
f 1574/1574/1574 1575/1575/1575 1576/1576/1576
f 1575/1575/1575 1574/1574/1574 1577/1577/1577
f 1222/1222/1222 1180/1180/1180 1179/1179/1179
f 1180/1180/1180 1219/1219/1219 1221/1221/1221
f 1177/1177/1177 1220/1220/1220 1178/1178/1178
f 1177/1177/1177 1174/1174/1174 1171/1171/1171
f 1238/1238/1238 1237/1237/1237 1207/1207/1207
f 1207/1207/1207 1204/1204/1204 1238/1238/1238
f 1578/1578/1578 1579/1579/1579 1580/1580/1580
f 1580/1580/1580 1579/1579/1579 1581/1581/1581
f 1582/1582/1582 1583/1583/1583 1584/1584/1584
f 1584/1584/1584 1583/1583/1583 1585/1585/1585
f 1586/1586/1586 1587/1587/1587 1588/1588/1588
f 1587/1587/1587 1586/1586/1586 1589/1589/1589
f 1590/1590/1590 1591/1591/1591 1592/1592/1592
f 1591/1591/1591 1590/1590/1590 1593/1593/1593
f 542/542/542 541/541/541 1594/1594/1594
f 547/547/547 545/545/545 544/544/544
f 1595/1595/1595 554/554/554 557/557/557
f 562/562/562 561/561/561 1596/1596/1596
f 1597/1597/1597 1598/1598/1598 1599/1599/1599
f 1600/1600/1600 1599/1599/1599 1598/1598/1598
f 1601/1601/1601 1602/1602/1602 1603/1603/1603
f 1601/1601/1601 1604/1604/1604 1605/1605/1605
f 1601/1601/1601 1605/1605/1605 1606/1606/1606
f 1602/1602/1602 1601/1601/1601 1606/1606/1606
f 1607/1607/1607 1608/1608/1608 1609/1609/1609
f 1608/1608/1608 1607/1607/1607 1610/1610/1610
f 1611/1611/1611 1612/1612/1612 1613/1613/1613
f 1613/1613/1613 1614/1614/1614 1615/1615/1615
f 1613/1613/1613 1615/1615/1615 1611/1611/1611
f 1616/1616/1616 1613/1613/1613 1612/1612/1612
f 1259/1259/1259 1617/1617/1617 1618/1618/1618
f 1618/1618/1618 1257/1257/1257 1259/1259/1259
f 1619/1619/1619 1264/1264/1264 1266/1266/1266
f 1620/1620/1620 1621/1621/1621 1622/1622/1622
f 1621/1621/1621 1623/1623/1623 1624/1624/1624
f 1624/1624/1624 1622/1622/1622 1621/1621/1621
f 1625/1625/1625 1626/1626/1626 1627/1627/1627
f 1628/1628/1628 1627/1627/1627 1626/1626/1626
f 1629/1629/1629 1630/1630/1630 1631/1631/1631
f 1632/1632/1632 1631/1631/1631 1630/1630/1630
f 1633/1633/1633 1634/1634/1634 1635/1635/1635
f 1634/1634/1634 1633/1633/1633 1636/1636/1636
f 1637/1637/1637 1638/1638/1638 1639/1639/1639
f 1638/1638/1638 1637/1637/1637 1640/1640/1640
f 1641/1641/1641 1642/1642/1642 1643/1643/1643
f 1641/1641/1641 1644/1644/1644 1645/1645/1645
f 1642/1642/1642 1641/1641/1641 1646/1646/1646
f 1647/1647/1647 1308/1308/1308 1307/1307/1307
f 1307/1307/1307 1648/1648/1648 1647/1647/1647
f 1318/1318/1318 1313/1313/1313 1312/1312/1312
f 1649/1649/1649 1650/1650/1650 1651/1651/1651
f 1649/1649/1649 1518/1518/1518 1652/1652/1652
f 1649/1649/1649 1517/1517/1517 1518/1518/1518
f 646/646/646 645/645/645 641/641/641
f 647/647/647 1653/1653/1653 1654/1654/1654
f 647/647/647 646/646/646 1653/1653/1653
f 1655/1655/1655 1656/1656/1656 1657/1657/1657
f 1655/1655/1655 1657/1657/1657 1658/1658/1658
f 1657/1657/1657 1656/1656/1656 1659/1659/1659
f 1168/1168/1168 1164/1164/1164 1166/1166/1166
f 1169/1169/1169 1168/1168/1168 1660/1660/1660
f 658/658/658 657/657/657 1661/1661/1661
f 1662/1662/1662 1663/1663/1663 1664/1664/1664
f 1662/1662/1662 1664/1664/1664 1665/1665/1665
f 1663/1663/1663 1666/1666/1666 1664/1664/1664
f 1665/1665/1665 1667/1667/1667 1662/1662/1662
f 675/675/675 674/674/674 672/672/672
f 676/676/676 1668/1668/1668 1669/1669/1669
f 676/676/676 675/675/675 1668/1668/1668
f 1670/1670/1670 1671/1671/1671 1672/1672/1672
f 1670/1670/1670 1672/1672/1672 1673/1673/1673
f 1190/1190/1190 1674/1674/1674 1675/1675/1675
f 1190/1190/1190 1186/1186/1186 1674/1674/1674
f 1194/1194/1194 1191/1191/1191 1193/1193/1193
f 1676/1676/1676 1199/1199/1199 1201/1201/1201
f 1677/1677/1677 1678/1678/1678 1679/1679/1679
f 1678/1678/1678 1680/1680/1680 1681/1681/1681
f 1678/1678/1678 1681/1681/1681 1682/1682/1682
f 1678/1678/1678 1677/1677/1677 1680/1680/1680
f 693/693/693 1683/1683/1683 1684/1684/1684
f 693/693/693 690/690/690 1685/1685/1685
f 1210/1210/1210 1209/1209/1209 1213/1213/1213
f 1686/1686/1686 1687/1687/1687 1688/1688/1688
f 1687/1687/1687 1686/1686/1686 1689/1689/1689
f 1690/1690/1690 1668/1668/1668 1691/1691/1691
f 1690/1690/1690 1691/1691/1691 1692/1692/1692
f 1690/1690/1690 1692/1692/1692 1693/1693/1693
f 1692/1692/1692 1691/1691/1691 1667/1667/1667
f 1694/1694/1694 1228/1228/1228 1695/1695/1695
f 1694/1694/1694 1226/1226/1226 1228/1228/1228
f 712/712/712 711/711/711 1696/1696/1696
f 712/712/712 1696/1696/1696 1697/1697/1697
f 712/712/712 1697/1697/1697 1698/1698/1698
f 1699/1699/1699 1700/1700/1700 1701/1701/1701
f 1700/1700/1700 1699/1699/1699 1702/1702/1702
f 1700/1700/1700 1702/1702/1702 1703/1703/1703
f 1700/1700/1700 1703/1703/1703 1704/1704/1704
f 1702/1702/1702 1699/1699/1699 1705/1705/1705
f 724/724/724 723/723/723 1706/1706/1706
f 726/726/726 725/725/725 1707/1707/1707
f 1708/1708/1708 1709/1709/1709 1710/1710/1710
f 1709/1709/1709 1708/1708/1708 1711/1711/1711
f 1711/1711/1711 1708/1708/1708 1712/1712/1712
f 1713/1713/1713 1714/1714/1714 1715/1715/1715
f 1713/1713/1713 1716/1716/1716 1714/1714/1714
f 1715/1715/1715 1717/1717/1717 1713/1713/1713
f 1718/1718/1718 1719/1719/1719 1720/1720/1720
f 1718/1718/1718 1684/1684/1684 1683/1683/1683
f 1720/1720/1720 1721/1721/1721 1722/1722/1722
f 1720/1720/1720 1719/1719/1719 1721/1721/1721
f 1723/1723/1723 1724/1724/1724 1725/1725/1725
f 1723/1723/1723 1617/1617/1617 1724/1724/1724
f 1617/1617/1617 1259/1259/1259 1726/1726/1726
f 1617/1617/1617 1726/1726/1726 1724/1724/1724
f 1727/1727/1727 1728/1728/1728 1729/1729/1729
f 1727/1727/1727 1730/1730/1730 1731/1731/1731
f 1727/1727/1727 1732/1732/1732 1730/1730/1730
f 1732/1732/1732 1266/1266/1266 1730/1730/1730
f 1732/1732/1732 1619/1619/1619 1266/1266/1266
f 1728/1728/1728 1727/1727/1727 1731/1731/1731
f 1729/1729/1729 1733/1733/1733 1734/1734/1734
f 1725/1725/1725 1724/1724/1724 1735/1735/1735
f 1736/1736/1736 1737/1737/1737 1738/1738/1738
f 1737/1737/1737 1736/1736/1736 1739/1739/1739
f 1740/1740/1740 1741/1741/1741 1742/1742/1742
f 1741/1741/1741 1740/1740/1740 1743/1743/1743
f 1744/1744/1744 1745/1745/1745 1746/1746/1746
f 1745/1745/1745 1744/1744/1744 1747/1747/1747
f 1748/1748/1748 1749/1749/1749 1750/1750/1750
f 1749/1749/1749 1748/1748/1748 1751/1751/1751
f 1752/1752/1752 1753/1753/1753 1754/1754/1754
f 1753/1753/1753 1752/1752/1752 1755/1755/1755
f 1756/1756/1756 1757/1757/1757 1758/1758/1758
f 1757/1757/1757 1756/1756/1756 1759/1759/1759
f 1760/1760/1760 1761/1761/1761 1762/1762/1762
f 1762/1762/1762 1761/1761/1761 1763/1763/1763
f 1764/1764/1764 1765/1765/1765 1766/1766/1766
f 1765/1765/1765 1764/1764/1764 1767/1767/1767
f 1768/1768/1768 1769/1769/1769 1770/1770/1770
f 1768/1768/1768 1770/1770/1770 1771/1771/1771
f 1771/1771/1771 1770/1770/1770 1648/1648/1648
f 1648/1648/1648 1307/1307/1307 1771/1771/1771
f 1769/1769/1769 1772/1772/1772 1770/1770/1770
f 1772/1772/1772 1773/1773/1773 1774/1774/1774
f 1775/1775/1775 1776/1776/1776 1777/1777/1777
f 1775/1775/1775 1778/1778/1778 1779/1779/1779
f 1776/1776/1776 1775/1775/1775 1779/1779/1779
f 1778/1778/1778 1775/1775/1775 1780/1780/1780
f 1780/1780/1780 1319/1319/1319 1318/1318/1318
f 1780/1780/1780 1318/1318/1318 1778/1778/1778
f 1781/1781/1781 1782/1782/1782 1783/1783/1783
f 1782/1782/1782 1781/1781/1781 1784/1784/1784
f 1783/1783/1783 1785/1785/1785 1781/1781/1781
f 1784/1784/1784 1786/1786/1786 1787/1787/1787
f 1785/1785/1785 1783/1783/1783 1148/1148/1148
f 1148/1148/1148 1147/1147/1147 1785/1785/1785
f 1150/1150/1150 1788/1788/1788 1789/1789/1789
f 1788/1788/1788 1150/1150/1150 1149/1149/1149
f 1789/1789/1789 1788/1788/1788 1790/1790/1790
f 1789/1789/1789 1790/1790/1790 1791/1791/1791
f 1149/1149/1149 812/812/812 811/811/811
f 1791/1791/1791 1792/1792/1792 1793/1793/1793
f 1794/1794/1794 1795/1795/1795 1796/1796/1796
f 1796/1796/1796 1797/1797/1797 1794/1794/1794
f 1798/1798/1798 1799/1799/1799 1800/1800/1800
f 1800/1800/1800 1799/1799/1799 1801/1801/1801
f 1802/1802/1802 1803/1803/1803 1804/1804/1804
f 1803/1803/1803 1805/1805/1805 1804/1804/1804
f 1806/1806/1806 1807/1807/1807 1808/1808/1808
f 1806/1806/1806 1127/1127/1127 1126/1126/1126
f 1807/1807/1807 1806/1806/1806 1809/1809/1809
f 1809/1809/1809 1810/1810/1810 1811/1811/1811
f 1812/1812/1812 1813/1813/1813 1814/1814/1814
f 1813/1813/1813 1812/1812/1812 1815/1815/1815
f 1814/1814/1814 1128/1128/1128 1812/1812/1812
f 1815/1815/1815 1816/1816/1816 1817/1817/1817
f 1128/1128/1128 841/841/841 840/840/840
f 1128/1128/1128 1814/1814/1814 1129/1129/1129
f 1127/1127/1127 1806/1806/1806 1808/1808/1808
f 1127/1127/1127 843/843/843 1125/1125/1125
f 1818/1818/1818 1819/1819/1819 1820/1820/1820
f 1819/1819/1819 1821/1821/1821 1820/1820/1820
f 1822/1822/1822 1823/1823/1823 1824/1824/1824
f 1823/1823/1823 1825/1825/1825 1824/1824/1824
f 1826/1826/1826 1827/1827/1827 1828/1828/1828
f 1828/1828/1828 1827/1827/1827 1829/1829/1829
f 1830/1830/1830 1831/1831/1831 1832/1832/1832
f 1830/1830/1830 1833/1833/1833 1831/1831/1831
f 1833/1833/1833 1834/1834/1834 1831/1831/1831
f 1834/1834/1834 1835/1835/1835 1836/1836/1836
f 1837/1837/1837 1838/1838/1838 1839/1839/1839
f 1837/1837/1837 1840/1840/1840 1841/1841/1841
f 1838/1838/1838 1842/1842/1842 1839/1839/1839
f 1839/1839/1839 1842/1842/1842 1843/1843/1843
f 1839/1839/1839 1843/1843/1843 1844/1844/1844
f 1843/1843/1843 1845/1845/1845 1846/1846/1846
f 1832/1832/1832 1847/1847/1847 1848/1848/1848
f 1832/1832/1832 1831/1831/1831 1849/1849/1849
f 1850/1850/1850 1851/1851/1851 1852/1852/1852
f 1851/1851/1851 1850/1850/1850 1853/1853/1853
f 1854/1854/1854 1855/1855/1855 1856/1856/1856
f 1855/1855/1855 1854/1854/1854 1857/1857/1857
f 1858/1858/1858 1859/1859/1859 1860/1860/1860
f 1859/1859/1859 1858/1858/1858 1861/1861/1861
f 1862/1862/1862 1863/1863/1863 1864/1864/1864
f 1863/1863/1863 1862/1862/1862 1865/1865/1865
f 1866/1866/1866 1867/1867/1867 1868/1868/1868
f 1867/1867/1867 1866/1866/1866 1869/1869/1869
f 1870/1870/1870 1871/1871/1871 1872/1872/1872
f 1871/1871/1871 1870/1870/1870 1873/1873/1873
f 1874/1874/1874 1875/1875/1875 1876/1876/1876
f 1875/1875/1875 1874/1874/1874 1877/1877/1877
f 1878/1878/1878 1879/1879/1879 1880/1880/1880
f 1879/1879/1879 1878/1878/1878 1881/1881/1881
f 1882/1882/1882 1883/1883/1883 1884/1884/1884
f 1883/1883/1883 1882/1882/1882 1885/1885/1885
f 1886/1886/1886 1887/1887/1887 1888/1888/1888
f 1887/1887/1887 1886/1886/1886 1889/1889/1889
f 1890/1890/1890 1891/1891/1891 1892/1892/1892
f 1890/1890/1890 1892/1892/1892 1893/1893/1893
f 1894/1894/1894 1895/1895/1895 1896/1896/1896
f 1895/1895/1895 1894/1894/1894 1897/1897/1897
f 1898/1898/1898 1899/1899/1899 1900/1900/1900
f 1899/1899/1899 1898/1898/1898 1901/1901/1901
f 1902/1902/1902 1903/1903/1903 1904/1904/1904
f 1903/1903/1903 1902/1902/1902 1905/1905/1905
f 1906/1906/1906 1907/1907/1907 1908/1908/1908
f 1907/1907/1907 1906/1906/1906 1909/1909/1909
f 1910/1910/1910 1911/1911/1911 1912/1912/1912
f 1912/1912/1912 1911/1911/1911 1913/1913/1913
f 1914/1914/1914 1915/1915/1915 1916/1916/1916
f 1915/1915/1915 1914/1914/1914 1917/1917/1917
f 1918/1918/1918 1919/1919/1919 1920/1920/1920
f 1919/1919/1919 1918/1918/1918 1921/1921/1921
f 1922/1922/1922 1923/1923/1923 1924/1924/1924
f 1923/1923/1923 1922/1922/1922 1925/1925/1925
f 1926/1926/1926 1927/1927/1927 1928/1928/1928
f 1927/1927/1927 1926/1926/1926 1929/1929/1929
f 1930/1930/1930 1931/1931/1931 1932/1932/1932
f 1931/1931/1931 1930/1930/1930 1933/1933/1933
f 1934/1934/1934 1935/1935/1935 1936/1936/1936
f 1935/1935/1935 1934/1934/1934 1937/1937/1937
f 1938/1938/1938 1939/1939/1939 1940/1940/1940
f 1939/1939/1939 1938/1938/1938 1941/1941/1941
f 1942/1942/1942 1943/1943/1943 1944/1944/1944
f 1943/1943/1943 1942/1942/1942 1945/1945/1945
f 1946/1946/1946 1947/1947/1947 1948/1948/1948
f 1947/1947/1947 1946/1946/1946 1949/1949/1949
f 1950/1950/1950 1951/1951/1951 1952/1952/1952
f 1951/1951/1951 1950/1950/1950 1953/1953/1953
f 1954/1954/1954 1955/1955/1955 1956/1956/1956
f 1955/1955/1955 1954/1954/1954 1957/1957/1957
f 1958/1958/1958 1959/1959/1959 1960/1960/1960
f 1959/1959/1959 1958/1958/1958 1961/1961/1961
f 1962/1962/1962 1963/1963/1963 1964/1964/1964
f 1963/1963/1963 1962/1962/1962 1965/1965/1965
f 1966/1966/1966 1967/1967/1967 1968/1968/1968
f 1967/1967/1967 1966/1966/1966 1969/1969/1969
f 1970/1970/1970 1846/1846/1846 1845/1845/1845
f 1970/1970/1970 1971/1971/1971 1972/1972/1972
f 1971/1971/1971 1973/1973/1973 1974/1974/1974
f 1971/1971/1971 1970/1970/1970 1975/1975/1975
f 1976/1976/1976 1848/1848/1848 1977/1977/1977
f 1976/1976/1976 1978/1978/1978 1979/1979/1979
f 1978/1978/1978 1976/1976/1976 1977/1977/1977
f 1979/1979/1979 1980/1980/1980 1981/1981/1981
f 1848/1848/1848 1847/1847/1847 1977/1977/1977
f 1847/1847/1847 1832/1832/1832 1849/1849/1849
f 1846/1846/1846 1970/1970/1970 1972/1972/1972
f 1846/1846/1846 1844/1844/1844 1843/1843/1843
f 1982/1982/1982 1659/1659/1659 1651/1651/1651
f 1659/1659/1659 1982/1982/1982 1657/1657/1657
f 1651/1651/1651 1650/1650/1650 1982/1982/1982
f 1650/1650/1650 1649/1649/1649 1652/1652/1652
f 1722/1722/1722 1695/1695/1695 1720/1720/1720
f 1695/1695/1695 1722/1722/1722 1694/1694/1694
f 1660/1660/1660 1705/1705/1705 1169/1169/1169
f 1705/1705/1705 1660/1660/1660 1702/1702/1702
f 1841/1841/1841 1838/1838/1838 1837/1837/1837
f 1835/1835/1835 1834/1834/1834 1833/1833/1833
f 1792/1792/1792 1791/1791/1791 1790/1790/1790
f 1787/1787/1787 1782/1782/1782 1784/1784/1784
f 1811/1811/1811 1807/1807/1807 1809/1809/1809
f 1817/1817/1817 1813/1813/1813 1815/1815/1815
f 1704/1704/1704 1703/1703/1703 1677/1677/1677
f 1704/1704/1704 1677/1677/1677 1679/1679/1679
f 1733/1733/1733 1729/1729/1729 1728/1728/1728
f 1983/1983/1983 1735/1735/1735 1984/1984/1984
f 1983/1983/1983 1725/1725/1725 1735/1735/1735
f 1985/1985/1985 1776/1776/1776 1986/1986/1986
f 1985/1985/1985 1777/1777/1777 1776/1776/1776
f 1773/1773/1773 1772/1772/1772 1769/1769/1769
f 1698/1698/1698 1656/1656/1656 1655/1655/1655
f 1698/1698/1698 1697/1697/1697 1656/1656/1656
f 1683/1683/1683 693/693/693 1685/1685/1685
f 1684/1684/1684 1718/1718/1718 1720/1720/1720
f 1675/1675/1675 1712/1712/1712 1190/1190/1190
f 1712/1712/1712 1675/1675/1675 1711/1711/1711
f 1987/1987/1987 1988/1988/1988 1989/1989/1989
f 1988/1988/1988 1987/1987/1987 1990/1990/1990
f 1991/1991/1991 1992/1992/1992 1993/1993/1993
f 1991/1991/1991 1993/1993/1993 1994/1994/1994
f 1995/1995/1995 1996/1996/1996 1997/1997/1997
f 1995/1995/1995 1997/1997/1997 1998/1998/1998
f 1999/1999/1999 2000/2000/2000 2001/2001/2001
f 2001/2001/2001 2002/2002/2002 1999/1999/1999
f 1654/1654/1654 1716/1716/1716 1713/1713/1713
f 1654/1654/1654 1653/1653/1653 1716/1716/1716
f 2003/2003/2003 2004/2004/2004 2005/2005/2005
f 2004/2004/2004 2003/2003/2003 2006/2006/2006
f 2007/2007/2007 2008/2008/2008 2009/2009/2009
f 2007/2007/2007 2010/2010/2010 2008/2008/2008
f 2011/2011/2011 2012/2012/2012 2013/2013/2013
f 2012/2012/2012 2011/2011/2011 2014/2014/2014
f 2015/2015/2015 2016/2016/2016 2017/2017/2017
f 2016/2016/2016 2015/2015/2015 2018/2018/2018
f 1717/1717/1717 1715/1715/1715 1666/1666/1666
f 1666/1666/1666 1663/1663/1663 1717/1717/1717
f 2019/2019/2019 2020/2020/2020 2021/2021/2021
f 2021/2021/2021 2022/2022/2022 2019/2019/2019
f 2023/2023/2023 2024/2024/2024 2025/2025/2025
f 2024/2024/2024 2023/2023/2023 2026/2026/2026
f 1973/1973/1973 1971/1971/1971 1975/1975/1975
f 1980/1980/1980 1979/1979/1979 1978/1978/1978
f 1064/1064/1064 1063/1063/1063 1061/1061/1061
f 1071/1071/1071 1067/1067/1067 1069/1069/1069
f 1077/1077/1077 1073/1073/1073 1075/1075/1075
f 1082/1082/1082 1081/1081/1081 1079/1079/1079
f 2027/2027/2027 2028/2028/2028 2029/2029/2029
f 2028/2028/2028 2027/2027/2027 2030/2030/2030
f 2031/2031/2031 2032/2032/2032 2033/2033/2033
f 2033/2033/2033 2034/2034/2034 2031/2031/2031
f 1668/1668/1668 1690/1690/1690 1669/1669/1669
f 1667/1667/1667 1665/1665/1665 2035/2035/2035
f 1667/1667/1667 2035/2035/2035 1692/1692/1692
f 1682/1682/1682 1681/1681/1681 1708/1708/1708
f 1682/1682/1682 1708/1708/1708 1710/1710/1710
f 2036/2036/2036 2037/2037/2037 2038/2038/2038
f 2037/2037/2037 2036/2036/2036 2039/2039/2039
f 2040/2040/2040 2041/2041/2041 2042/2042/2042
f 2041/2041/2041 2040/2040/2040 2043/2043/2043
f 2044/2044/2044 2045/2045/2045 2046/2046/2046
f 2044/2044/2044 2046/2046/2046 2047/2047/2047
f 2048/2048/2048 2049/2049/2049 2050/2050/2050
f 2048/2048/2048 2050/2050/2050 2051/2051/2051
f 1112/1112/1112 1111/1111/1111 2052/2052/2052
f 1117/1117/1117 1116/1116/1116 1114/1114/1114
f 1124/1124/1124 1120/1120/1120 1122/1122/1122
f 1134/1134/1134 1135/1135/1135 1131/1131/1131
f 1140/1140/1140 1139/1139/1139 1137/1137/1137
f 1146/1146/1146 1145/1145/1145 2053/2053/2053
f 2054/2054/2054 1598/1598/1598 2055/2055/2055
f 2054/2054/2054 1600/1600/1600 1598/1598/1598
f 2056/2056/2056 1608/1608/1608 2057/2057/2057
f 2056/2056/2056 1609/1609/1609 1608/1608/1608
f 1623/1623/1623 1621/1621/1621 2058/2058/2058
f 2059/2059/2059 1626/1626/1626 2060/2060/2060
f 2059/2059/2059 1628/1628/1628 1626/1626/1626
f 2061/2061/2061 1630/1630/1630 2062/2062/2062
f 2061/2061/2061 1632/1632/1632 1630/1630/1630
f 2063/2063/2063 1634/1634/1634 2064/2064/2064
f 2063/2063/2063 1635/1635/1635 1634/1634/1634
f 2065/2065/2065 1638/1638/1638 2066/2066/2066
f 2065/2065/2065 1639/1639/1639 1638/1638/1638
f 1644/1644/1644 1641/1641/1641 1643/1643/1643
f 2067/2067/2067 2068/2068/2068 2069/2069/2069
f 2068/2068/2068 2067/2067/2067 2070/2070/2070
f 2068/2068/2068 2071/2071/2071 2072/2072/2072
f 2069/2069/2069 2068/2068/2068 2072/2072/2072
f 2073/2073/2073 2074/2074/2074 2075/2075/2075
f 2074/2074/2074 2073/2073/2073 2076/2076/2076
f 2077/2077/2077 2078/2078/2078 2079/2079/2079
f 2078/2078/2078 2077/2077/2077 2080/2080/2080
f 2081/2081/2081 2082/2082/2082 2083/2083/2083
f 2082/2082/2082 2081/2081/2081 2084/2084/2084
f 2082/2082/2082 2085/2085/2085 2086/2086/2086
f 2087/2087/2087 2088/2088/2088 2089/2089/2089
f 2089/2089/2089 2088/2088/2088 2090/2090/2090
f 2091/2091/2091 2092/2092/2092 2093/2093/2093
f 2092/2092/2092 2091/2091/2091 2094/2094/2094
f 2095/2095/2095 2096/2096/2096 2097/2097/2097
f 2096/2096/2096 2095/2095/2095 2098/2098/2098
f 2099/2099/2099 2100/2100/2100 2101/2101/2101
f 2100/2100/2100 2099/2099/2099 2102/2102/2102
f 2103/2103/2103 2104/2104/2104 2105/2105/2105
f 2104/2104/2104 2103/2103/2103 2106/2106/2106
f 2104/2104/2104 2107/2107/2107 2108/2108/2108
f 2109/2109/2109 2110/2110/2110 2111/2111/2111
f 2110/2110/2110 2109/2109/2109 2112/2112/2112
f 2113/2113/2113 2114/2114/2114 2115/2115/2115
f 2114/2114/2114 2116/2116/2116 2115/2115/2115
f 2107/2107/2107 2104/2104/2104 2106/2106/2106
f 2117/2117/2117 2118/2118/2118 2119/2119/2119
f 2120/2120/2120 2119/2119/2119 2118/2118/2118
f 2085/2085/2085 2082/2082/2082 2084/2084/2084
f 2121/2121/2121 2078/2078/2078 2122/2122/2122
f 2121/2121/2121 2079/2079/2079 2078/2078/2078
f 2123/2123/2123 2124/2124/2124 2125/2125/2125
f 2123/2123/2123 2125/2125/2125 2126/2126/2126
f 2124/2124/2124 2123/2123/2123 2127/2127/2127
f 2125/2125/2125 2128/2128/2128 2129/2129/2129
f 2130/2130/2130 2131/2131/2131 2132/2132/2132
f 2131/2131/2131 2127/2127/2127 2123/2123/2123
f 2126/2126/2126 2133/2133/2133 2134/2134/2134
f 2126/2126/2126 2125/2125/2125 2133/2133/2133
f 2127/2127/2127 2131/2131/2131 2130/2130/2130
f 2127/2127/2127 2135/2135/2135 2124/2124/2124
f 2135/2135/2135 2136/2136/2136 2137/2137/2137
f 2135/2135/2135 2127/2127/2127 2136/2136/2136
f 2128/2128/2128 2125/2125/2125 2124/2124/2124
f 2129/2129/2129 2128/2128/2128 2138/2138/2138
f 2139/2139/2139 2140/2140/2140 2141/2141/2141
f 2140/2140/2140 2139/2139/2139 2142/2142/2142
f 2142/2142/2142 2143/2143/2143 2144/2144/2144
f 2145/2145/2145 2146/2146/2146 2147/2147/2147
f 2145/2145/2145 2148/2148/2148 2149/2149/2149
f 2145/2145/2145 2150/2150/2150 2148/2148/2148
f 2146/2146/2146 2145/2145/2145 2149/2149/2149
f 2151/2151/2151 2152/2152/2152 2153/2153/2153
f 2151/2151/2151 2153/2153/2153 2154/2154/2154
f 2153/2153/2153 2155/2155/2155 2156/2156/2156
f 2157/2157/2157 2158/2158/2158 2159/2159/2159
f 2158/2158/2158 2160/2160/2160 2159/2159/2159
f 2161/2161/2161 2162/2162/2162 2163/2163/2163
f 2162/2162/2162 2161/2161/2161 2164/2164/2164
f 2163/2163/2163 2165/2165/2165 2161/2161/2161
f 2166/2166/2166 2167/2167/2167 2168/2168/2168
f 2166/2166/2166 2168/2168/2168 2169/2169/2169
f 2170/2170/2170 2171/2171/2171 2172/2172/2172
f 2171/2171/2171 2170/2170/2170 2173/2173/2173
f 2165/2165/2165 2163/2163/2163 2174/2174/2174
f 2175/2175/2175 2176/2176/2176 2177/2177/2177
f 2176/2176/2176 2175/2175/2175 2178/2178/2178
f 2179/2179/2179 2180/2180/2180 2181/2181/2181
f 2180/2180/2180 2179/2179/2179 2182/2182/2182
f 2183/2183/2183 2184/2184/2184 2185/2185/2185
f 2184/2184/2184 2183/2183/2183 2186/2186/2186
f 2187/2187/2187 2188/2188/2188 2189/2189/2189
f 2189/2189/2189 2188/2188/2188 2190/2190/2190
f 2155/2155/2155 2153/2153/2153 2152/2152/2152
f 2191/2191/2191 2192/2192/2192 2193/2193/2193
f 2192/2192/2192 2191/2191/2191 2194/2194/2194
f 2143/2143/2143 2142/2142/2142 2139/2139/2139
f 2195/2195/2195 2196/2196/2196 2197/2197/2197
f 2196/2196/2196 2198/2198/2198 2197/2197/2197
f 2199/2199/2199 2200/2200/2200 2201/2201/2201
f 2200/2200/2200 2202/2202/2202 2201/2201/2201
f 2203/2203/2203 2204/2204/2204 2205/2205/2205
f 2204/2204/2204 2203/2203/2203 2206/2206/2206
f 2207/2207/2207 2208/2208/2208 2209/2209/2209
f 2208/2208/2208 2210/2210/2210 2209/2209/2209
f 2211/2211/2211 2212/2212/2212 2213/2213/2213
f 2212/2212/2212 2214/2214/2214 2213/2213/2213
f 2215/2215/2215 2216/2216/2216 2217/2217/2217
f 2216/2216/2216 2215/2215/2215 2218/2218/2218
f 2219/2219/2219 2220/2220/2220 2221/2221/2221
f 2220/2220/2220 2222/2222/2222 2221/2221/2221
f 2223/2223/2223 2224/2224/2224 2225/2225/2225
f 2224/2224/2224 2226/2226/2226 2225/2225/2225
f 2227/2227/2227 2228/2228/2228 2229/2229/2229
f 2228/2228/2228 2230/2230/2230 2229/2229/2229
f 2231/2231/2231 2232/2232/2232 2233/2233/2233
f 2232/2232/2232 2234/2234/2234 2233/2233/2233
f 2235/2235/2235 2236/2236/2236 2237/2237/2237
f 2235/2235/2235 2238/2238/2238 2239/2239/2239
f 2235/2235/2235 2240/2240/2240 2241/2241/2241
f 2236/2236/2236 2235/2235/2235 2242/2242/2242
f 2243/2243/2243 2235/2235/2235 2244/2244/2244
f 2244/2244/2244 2235/2235/2235 2241/2241/2241
f 2238/2238/2238 2235/2235/2235 2237/2237/2237
f 2239/2239/2239 2245/2245/2245 2235/2235/2235
f 2240/2240/2240 2235/2235/2235 2246/2246/2246
f 2246/2246/2246 2235/2235/2235 2247/2247/2247
f 2242/2242/2242 2235/2235/2235 2243/2243/2243
f 2248/2248/2248 2249/2249/2249 2250/2250/2250
f 2249/2249/2249 2251/2251/2251 2250/2250/2250
f 2252/2252/2252 2253/2253/2253 2254/2254/2254
f 2253/2253/2253 2252/2252/2252 2255/2255/2255
f 2256/2256/2256 2257/2257/2257 2258/2258/2258
f 2257/2257/2257 2259/2259/2259 2258/2258/2258
f 2260/2260/2260 2261/2261/2261 2262/2262/2262
f 2261/2261/2261 2260/2260/2260 2263/2263/2263
f 2245/2245/2245 2239/2239/2239 2264/2264/2264
f 2245/2245/2245 2265/2265/2265 2247/2247/2247
f 2245/2245/2245 2247/2247/2247 2235/2235/2235
f 2266/2266/2266 2267/2267/2267 2268/2268/2268
f 2268/2268/2268 2267/2267/2267 2269/2269/2269
f 2270/2270/2270 2271/2271/2271 2272/2272/2272
f 2270/2270/2270 2273/2273/2273 2274/2274/2274
f 2270/2270/2270 2275/2275/2275 2273/2273/2273
f 2276/2276/2276 2277/2277/2277 2275/2275/2275
f 2277/2277/2277 2273/2273/2273 2275/2275/2275
f 2277/2277/2277 2276/2276/2276 2278/2278/2278
f 2278/2278/2278 2276/2276/2276 2279/2279/2279
f 2279/2279/2279 2280/2280/2280 2278/2278/2278
f 2280/2280/2280 2279/2279/2279 2281/2281/2281
f 2281/2281/2281 2282/2282/2282 2283/2283/2283
f 2281/2281/2281 2283/2283/2283 2280/2280/2280
f 2283/2283/2283 2284/2284/2284 2285/2285/2285
f 2284/2284/2284 2283/2283/2283 2282/2282/2282
f 2285/2285/2285 2286/2286/2286 2287/2287/2287
f 2286/2286/2286 2285/2285/2285 2284/2284/2284
f 2287/2287/2287 2288/2288/2288 2289/2289/2289
f 2288/2288/2288 2287/2287/2287 2286/2286/2286
f 2289/2289/2289 2290/2290/2290 2291/2291/2291
f 2290/2290/2290 2289/2289/2289 2288/2288/2288
f 2291/2291/2291 2292/2292/2292 2293/2293/2293
f 2292/2292/2292 2291/2291/2291 2290/2290/2290
f 2292/2292/2292 2294/2294/2294 2295/2295/2295
f 2292/2292/2292 2295/2295/2295 2293/2293/2293
f 2296/2296/2296 2271/2271/2271 2297/2297/2297
f 2296/2296/2296 2295/2295/2295 2294/2294/2294
f 2271/2271/2271 2270/2270/2270 2274/2274/2274
f 2271/2271/2271 2296/2296/2296 2272/2272/2272
f 2295/2295/2295 2296/2296/2296 2297/2297/2297
f 2298/2298/2298 2299/2299/2299 2300/2300/2300
f 2298/2298/2298 2301/2301/2301 2299/2299/2299
f 2298/2298/2298 2300/2300/2300 2302/2302/2302
f 2303/2303/2303 2304/2304/2304 2305/2305/2305
f 2304/2304/2304 2303/2303/2303 2306/2306/2306
f 2305/2305/2305 2307/2307/2307 2303/2303/2303
f 2301/2301/2301 2307/2307/2307 2299/2299/2299
f 2301/2301/2301 2298/2298/2298 2308/2308/2308
f 2307/2307/2307 2301/2301/2301 2309/2309/2309
f 2307/2307/2307 2305/2305/2305 2299/2299/2299
f 2310/2310/2310 2305/2305/2305 2304/2304/2304
f 2309/2309/2309 2301/2301/2301 2311/2311/2311
f 2312/2312/2312 2313/2313/2313 2314/2314/2314
f 2313/2313/2313 2312/2312/2312 2315/2315/2315
f 2316/2316/2316 2317/2317/2317 2318/2318/2318
f 2316/2316/2316 2318/2318/2318 2319/2319/2319
f 2320/2320/2320 2321/2321/2321 2322/2322/2322
f 2322/2322/2322 2321/2321/2321 2323/2323/2323
f 2324/2324/2324 2325/2325/2325 2326/2326/2326
f 2324/2324/2324 2326/2326/2326 2327/2327/2327
f 2328/2328/2328 2329/2329/2329 2330/2330/2330
f 2329/2329/2329 2328/2328/2328 2331/2331/2331
f 2332/2332/2332 2333/2333/2333 2334/2334/2334
f 2332/2332/2332 2334/2334/2334 2335/2335/2335
f 2336/2336/2336 2337/2337/2337 2338/2338/2338
f 2337/2337/2337 2336/2336/2336 2339/2339/2339
f 2340/2340/2340 2341/2341/2341 2342/2342/2342
f 2340/2340/2340 2342/2342/2342 2343/2343/2343
f 2344/2344/2344 2345/2345/2345 2346/2346/2346
f 2346/2346/2346 2345/2345/2345 2347/2347/2347
f 2348/2348/2348 2349/2349/2349 2350/2350/2350
f 2350/2350/2350 2349/2349/2349 2351/2351/2351
f 2352/2352/2352 2353/2353/2353 2354/2354/2354
f 2354/2354/2354 2353/2353/2353 2355/2355/2355
f 2356/2356/2356 2357/2357/2357 2358/2358/2358
f 2357/2357/2357 2356/2356/2356 2359/2359/2359
f 2360/2360/2360 2361/2361/2361 2362/2362/2362
f 2362/2362/2362 2361/2361/2361 2363/2363/2363
f 2364/2364/2364 2365/2365/2365 2366/2366/2366
f 2364/2364/2364 2366/2366/2366 2367/2367/2367
f 2365/2365/2365 2364/2364/2364 2368/2368/2368
f 2365/2365/2365 2368/2368/2368 2369/2369/2369
f 2367/2367/2367 2370/2370/2370 2371/2371/2371
f 2367/2367/2367 2372/2372/2372 2364/2364/2364
f 2367/2367/2367 2366/2366/2366 2370/2370/2370
f 2371/2371/2371 2373/2373/2373 2374/2374/2374
f 2371/2371/2371 2374/2374/2374 2367/2367/2367
f 2371/2371/2371 2375/2375/2375 2376/2376/2376
f 2371/2371/2371 2370/2370/2370 2375/2375/2375
f 2377/2377/2377 2378/2378/2378 2379/2379/2379
f 2377/2377/2377 2379/2379/2379 2380/2380/2380
f 2378/2378/2378 2381/2381/2381 2382/2382/2382
f 2379/2379/2379 2383/2383/2383 2384/2384/2384
f 2379/2379/2379 2382/2382/2382 2383/2383/2383
f 2380/2380/2380 2379/2379/2379 2384/2384/2384
f 2380/2380/2380 2384/2384/2384 2385/2385/2385
f 2368/2368/2368 2386/2386/2386 2381/2381/2381
f 2369/2369/2369 2378/2378/2378 2377/2377/2377
f 2369/2369/2369 2368/2368/2368 2378/2378/2378
f 2387/2387/2387 2388/2388/2388 2389/2389/2389
f 2388/2388/2388 2390/2390/2390 2391/2391/2391
f 2388/2388/2388 2392/2392/2392 2389/2389/2389
f 2388/2388/2388 2393/2393/2393 2394/2394/2394
f 2388/2388/2388 2387/2387/2387 2395/2395/2395
f 2388/2388/2388 2395/2395/2395 2390/2390/2390
f 2396/2396/2396 2397/2397/2397 2398/2398/2398
f 2396/2396/2396 2398/2398/2398 2399/2399/2399
f 2398/2398/2398 2400/2400/2400 2399/2399/2399
f 2397/2397/2397 2401/2401/2401 2402/2402/2402
f 2400/2400/2400 2398/2398/2398 2403/2403/2403
f 2404/2404/2404 2398/2398/2398 2405/2405/2405
f 2403/2403/2403 2398/2398/2398 2404/2404/2404
f 2406/2406/2406 2397/2397/2397 2396/2396/2396
f 2401/2401/2401 2397/2397/2397 2406/2406/2406
f 2402/2402/2402 2401/2401/2401 2407/2407/2407
f 2384/2384/2384 2408/2408/2408 2409/2409/2409
f 2385/2385/2385 2409/2409/2409 2410/2410/2410
f 2409/2409/2409 2385/2385/2385 2384/2384/2384
f 2391/2391/2391 2410/2410/2410 2409/2409/2409
f 2391/2391/2391 2411/2411/2411 2393/2393/2393
f 2391/2391/2391 2390/2390/2390 2410/2410/2410
f 2372/2372/2372 2367/2367/2367 2374/2374/2374
f 2386/2386/2386 2368/2368/2368 2364/2364/2364
f 2386/2386/2386 2364/2364/2364 2372/2372/2372
f 2382/2382/2382 2379/2379/2379 2378/2378/2378
f 2381/2381/2381 2378/2378/2378 2368/2368/2368
f 2392/2392/2392 2388/2388/2388 2394/2394/2394
f 2412/2412/2412 2413/2413/2413 2414/2414/2414
f 2412/2412/2412 2414/2414/2414 2415/2415/2415
f 2413/2413/2413 2412/2412/2412 2416/2416/2416
f 2417/2417/2417 2412/2412/2412 2418/2418/2418
f 2418/2418/2418 2419/2419/2419 2420/2420/2420
f 2419/2419/2419 2418/2418/2418 2412/2412/2412
f 2419/2419/2419 2421/2421/2421 2420/2420/2420
f 2421/2421/2421 2422/2422/2422 2423/2423/2423
f 2422/2422/2422 2421/2421/2421 2419/2419/2419
f 2416/2416/2416 2412/2412/2412 2417/2417/2417
f 2373/2373/2373 2371/2371/2371 2376/2376/2376
f 2408/2408/2408 2384/2384/2384 2383/2383/2383
f 2411/2411/2411 2409/2409/2409 2408/2408/2408
f 2411/2411/2411 2391/2391/2391 2409/2409/2409
f 2393/2393/2393 2388/2388/2388 2391/2391/2391
f 2424/2424/2424 2425/2425/2425 2426/2426/2426
f 2425/2425/2425 2427/2427/2427 2428/2428/2428
f 2426/2426/2426 2425/2425/2425 2429/2429/2429
f 2426/2426/2426 2430/2430/2430 2431/2431/2431
f 2429/2429/2429 2432/2432/2432 2430/2430/2430
f 2428/2428/2428 2429/2429/2429 2425/2425/2425
f 2428/2428/2428 2433/2433/2433 2432/2432/2432
f 2427/2427/2427 2434/2434/2434 2428/2428/2428
f 2435/2435/2435 2436/2436/2436 2437/2437/2437
f 2435/2435/2435 2438/2438/2438 2439/2439/2439
f 2435/2435/2435 2440/2440/2440 2438/2438/2438
f 2435/2435/2435 2439/2439/2439 2441/2441/2441
f 2440/2440/2440 2437/2437/2437 2442/2442/2442
f 2438/2438/2438 2443/2443/2443 2439/2439/2439
f 2444/2444/2444 2443/2443/2443 2445/2445/2445
f 2443/2443/2443 2444/2444/2444 2439/2439/2439
f 2443/2443/2443 2438/2438/2438 2446/2446/2446
f 2443/2443/2443 2447/2447/2447 2448/2448/2448
f 2443/2443/2443 2448/2448/2448 2445/2445/2445
f 2445/2445/2445 2448/2448/2448 2449/2449/2449
f 2441/2441/2441 2439/2439/2439 2444/2444/2444
f 2450/2450/2450 2451/2451/2451 2452/2452/2452
f 2450/2450/2450 2453/2453/2453 2454/2454/2454
f 2450/2450/2450 2455/2455/2455 2456/2456/2456
f 2450/2450/2450 2457/2457/2457 2455/2455/2455
f 2457/2457/2457 2458/2458/2458 2455/2455/2455
f 2457/2457/2457 2450/2450/2450 2452/2452/2452
f 2455/2455/2455 2458/2458/2458 2459/2459/2459
f 2456/2456/2456 2460/2460/2460 2450/2450/2450
f 2461/2461/2461 2462/2462/2462 2463/2463/2463
f 2462/2462/2462 2464/2464/2464 2465/2465/2465
f 2462/2462/2462 2466/2466/2466 2467/2467/2467
f 2462/2462/2462 2461/2461/2461 2468/2468/2468
f 2463/2463/2463 2465/2465/2465 2469/2469/2469
f 2468/2468/2468 2461/2461/2461 2470/2470/2470
f 2470/2470/2470 2461/2461/2461 2471/2471/2471
f 2472/2472/2472 2473/2473/2473 2474/2474/2474
f 2472/2472/2472 2475/2475/2475 2476/2476/2476
f 2475/2475/2475 2472/2472/2472 2474/2474/2474
f 2451/2451/2451 2477/2477/2477 2452/2452/2452
f 2451/2451/2451 2450/2450/2450 2454/2454/2454
f 2454/2454/2454 2478/2478/2478 2451/2451/2451
f 2479/2479/2479 2448/2448/2448 2447/2447/2447
f 2479/2479/2479 2480/2480/2480 2481/2481/2481
f 2448/2448/2448 2479/2479/2479 2482/2482/2482
f 2447/2447/2447 2443/2443/2443 2446/2446/2446
f 2482/2482/2482 2479/2479/2479 2481/2481/2481
f 2482/2482/2482 2481/2481/2481 2483/2483/2483
f 2449/2449/2449 2448/2448/2448 2482/2482/2482
f 2449/2449/2449 2482/2482/2482 2483/2483/2483
f 2483/2483/2483 2481/2481/2481 2484/2484/2484
f 2485/2485/2485 2486/2486/2486 2487/2487/2487
f 2485/2485/2485 2458/2458/2458 2488/2488/2488
f 2486/2486/2486 2489/2489/2489 2487/2487/2487
f 2486/2486/2486 2490/2490/2490 2491/2491/2491
f 2486/2486/2486 2485/2485/2485 2492/2492/2492
f 2492/2492/2492 2490/2490/2490 2486/2486/2486
f 2430/2430/2430 2426/2426/2426 2429/2429/2429
f 2431/2431/2431 2493/2493/2493 2426/2426/2426
f 2432/2432/2432 2429/2429/2429 2428/2428/2428
f 2494/2494/2494 2495/2495/2495 2496/2496/2496
f 2494/2494/2494 2497/2497/2497 2498/2498/2498
f 2495/2495/2495 2499/2499/2499 2500/2500/2500
f 2495/2495/2495 2501/2501/2501 2502/2502/2502
f 2495/2495/2495 2503/2503/2503 2504/2504/2504
f 2496/2496/2496 2495/2495/2495 2502/2502/2502
f 2498/2498/2498 2469/2469/2469 2465/2465/2465
f 2498/2498/2498 2503/2503/2503 2494/2494/2494
f 2498/2498/2498 2464/2464/2464 2505/2505/2505
f 2503/2503/2503 2495/2495/2495 2494/2494/2494
f 2503/2503/2503 2498/2498/2498 2505/2505/2505
f 2506/2506/2506 2507/2507/2507 2508/2508/2508
f 2507/2507/2507 2509/2509/2509 2510/2510/2510
f 2507/2507/2507 2506/2506/2506 2509/2509/2509
f 2507/2507/2507 2511/2511/2511 2512/2512/2512
f 2509/2509/2509 2513/2513/2513 2514/2514/2514
f 2509/2509/2509 2515/2515/2515 2510/2510/2510
f 2516/2516/2516 2517/2517/2517 2518/2518/2518
f 2516/2516/2516 2519/2519/2519 2520/2520/2520
f 2517/2517/2517 2516/2516/2516 2521/2521/2521
f 2518/2518/2518 2519/2519/2519 2516/2516/2516
f 2521/2521/2521 2522/2522/2522 2523/2523/2523
f 2521/2521/2521 2524/2524/2524 2517/2517/2517
f 2525/2525/2525 2526/2526/2526 2524/2524/2524
f 2525/2525/2525 2521/2521/2521 2523/2523/2523
f 2526/2526/2526 2527/2527/2527 2528/2528/2528
f 2526/2526/2526 2525/2525/2525 2527/2527/2527
f 2526/2526/2526 2528/2528/2528 2529/2529/2529
f 2524/2524/2524 2521/2521/2521 2525/2525/2525
f 2527/2527/2527 2530/2530/2530 2528/2528/2528
f 2527/2527/2527 2531/2531/2531 2532/2532/2532
f 2533/2533/2533 2534/2534/2534 2535/2535/2535
f 2533/2533/2533 2536/2536/2536 2537/2537/2537
f 2533/2533/2533 2535/2535/2535 2538/2538/2538
f 2533/2533/2533 2537/2537/2537 2534/2534/2534
f 2535/2535/2535 2442/2442/2442 2437/2437/2437
f 2538/2538/2538 2535/2535/2535 2539/2539/2539
f 2538/2538/2538 2540/2540/2540 2533/2533/2533
f 2539/2539/2539 2437/2437/2437 2436/2436/2436
f 2436/2436/2436 2435/2435/2435 2441/2441/2441
f 2437/2437/2437 2440/2440/2440 2435/2435/2435
f 2437/2437/2437 2539/2539/2539 2535/2535/2535
f 2478/2478/2478 2541/2541/2541 2451/2451/2451
f 2478/2478/2478 2454/2454/2454 2542/2542/2542
f 2543/2543/2543 2544/2544/2544 2545/2545/2545
f 2543/2543/2543 2546/2546/2546 2547/2547/2547
f 2546/2546/2546 2548/2548/2548 2549/2549/2549
f 2546/2546/2546 2550/2550/2550 2551/2551/2551
f 2546/2546/2546 2543/2543/2543 2545/2545/2545
f 2547/2547/2547 2549/2549/2549 2552/2552/2552
f 2547/2547/2547 2546/2546/2546 2549/2549/2549
f 2545/2545/2545 2553/2553/2553 2550/2550/2550
f 2511/2511/2511 2507/2507/2507 2510/2510/2510
f 2511/2511/2511 2510/2510/2510 2554/2554/2554
f 2511/2511/2511 2555/2555/2555 2556/2556/2556
f 2512/2512/2512 2508/2508/2508 2507/2507/2507
f 2512/2512/2512 2556/2556/2556 2557/2557/2557
f 2528/2528/2528 2558/2558/2558 2559/2559/2559
f 2529/2529/2529 2559/2559/2559 2560/2560/2560
f 2559/2559/2559 2561/2561/2561 2560/2560/2560
f 2559/2559/2559 2562/2562/2562 2561/2561/2561
f 2559/2559/2559 2529/2529/2529 2528/2528/2528
f 2560/2560/2560 2561/2561/2561 2563/2563/2563
f 2561/2561/2561 2564/2564/2564 2565/2565/2565
f 2563/2563/2563 2565/2565/2565 2566/2566/2566
f 2567/2567/2567 2568/2568/2568 2569/2569/2569
f 2567/2567/2567 2569/2569/2569 2570/2570/2570
f 2568/2568/2568 2571/2571/2571 2572/2572/2572
f 2568/2568/2568 2536/2536/2536 2540/2540/2540
f 2569/2569/2569 2572/2572/2572 2573/2573/2573
f 2569/2569/2569 2574/2574/2574 2575/2575/2575
f 2569/2569/2569 2576/2576/2576 2574/2574/2574
f 2570/2570/2570 2569/2569/2569 2575/2575/2575
f 2571/2571/2571 2568/2568/2568 2540/2540/2540
f 2540/2540/2540 2538/2538/2538 2571/2571/2571
f 2572/2572/2572 2569/2569/2569 2568/2568/2568
f 2442/2442/2442 2535/2535/2535 2534/2534/2534
f 2565/2565/2565 2563/2563/2563 2561/2561/2561
f 2565/2565/2565 2577/2577/2577 2566/2566/2566
f 2577/2577/2577 2565/2565/2565 2578/2578/2578
f 2578/2578/2578 2565/2565/2565 2564/2564/2564
f 2578/2578/2578 2579/2579/2579 2577/2577/2577
f 2575/2575/2575 2580/2580/2580 2581/2581/2581
f 2575/2575/2575 2574/2574/2574 2580/2580/2580
f 2580/2580/2580 2582/2582/2582 2583/2583/2583
f 2580/2580/2580 2584/2584/2584 2585/2585/2585
f 2580/2580/2580 2586/2586/2586 2584/2584/2584
f 2581/2581/2581 2580/2580/2580 2585/2585/2585
f 2576/2576/2576 2582/2582/2582 2574/2574/2574
f 2576/2576/2576 2569/2569/2569 2573/2573/2573
f 2587/2587/2587 2588/2588/2588 2589/2589/2589
f 2588/2588/2588 2587/2587/2587 2590/2590/2590
f 2588/2588/2588 2590/2590/2590 2591/2591/2591
f 2588/2588/2588 2592/2592/2592 2593/2593/2593
f 2594/2594/2594 2589/2589/2589 2588/2588/2588
f 2536/2536/2536 2568/2568/2568 2567/2567/2567
f 2536/2536/2536 2533/2533/2533 2540/2540/2540
f 2523/2523/2523 2531/2531/2531 2525/2525/2525
f 2531/2531/2531 2527/2527/2527 2525/2525/2525
f 2550/2550/2550 2546/2546/2546 2545/2545/2545
f 2551/2551/2551 2548/2548/2548 2546/2546/2546
f 2595/2595/2595 2549/2549/2549 2548/2548/2548
f 2595/2595/2595 2596/2596/2596 2597/2597/2597
f 2596/2596/2596 2598/2598/2598 2599/2599/2599
f 2597/2597/2597 2552/2552/2552 2549/2549/2549
f 2597/2597/2597 2596/2596/2596 2600/2600/2600
f 2597/2597/2597 2600/2600/2600 2601/2601/2601
f 2599/2599/2599 2602/2602/2602 2600/2600/2600
f 2599/2599/2599 2600/2600/2600 2596/2596/2596
f 2599/2599/2599 2603/2603/2603 2604/2604/2604
f 2598/2598/2598 2605/2605/2605 2599/2599/2599
f 2549/2549/2549 2595/2595/2595 2597/2597/2597
f 2606/2606/2606 2607/2607/2607 2608/2608/2608
f 2606/2606/2606 2609/2609/2609 2610/2610/2610
f 2609/2609/2609 2606/2606/2606 2611/2611/2611
f 2610/2610/2610 2544/2544/2544 2606/2606/2606
f 2611/2611/2611 2612/2612/2612 2609/2609/2609
f 2611/2611/2611 2608/2608/2608 2613/2613/2613
f 2611/2611/2611 2613/2613/2613 2614/2614/2614
f 2497/2497/2497 2494/2494/2494 2496/2496/2496
f 2458/2458/2458 2485/2485/2485 2487/2487/2487
f 2458/2458/2458 2457/2457/2457 2488/2488/2488
f 2458/2458/2458 2487/2487/2487 2459/2459/2459
f 2615/2615/2615 2541/2541/2541 2478/2478/2478
f 2615/2615/2615 2616/2616/2616 2541/2541/2541
f 2541/2541/2541 2617/2617/2617 2477/2477/2477
f 2541/2541/2541 2477/2477/2477 2451/2451/2451
f 2614/2614/2614 2613/2613/2613 2618/2618/2618
f 2614/2614/2614 2619/2619/2619 2612/2612/2612
f 2619/2619/2619 2614/2614/2614 2616/2616/2616
f 2619/2619/2619 2616/2616/2616 2615/2615/2615
f 2612/2612/2612 2611/2611/2611 2614/2614/2614
f 2616/2616/2616 2618/2618/2618 2617/2617/2617
f 2466/2466/2466 2462/2462/2462 2468/2468/2468
f 2467/2467/2467 2464/2464/2464 2462/2462/2462
f 2620/2620/2620 2471/2471/2471 2461/2461/2461
f 2544/2544/2544 2610/2610/2610 2553/2553/2553
f 2544/2544/2544 2543/2543/2543 2607/2607/2607
f 2553/2553/2553 2545/2545/2545 2544/2544/2544
f 2621/2621/2621 2622/2622/2622 2623/2623/2623
f 2622/2622/2622 2621/2621/2621 2624/2624/2624
f 2625/2625/2625 2468/2468/2468 2470/2470/2470
f 2625/2625/2625 2626/2626/2626 2468/2468/2468
f 2625/2625/2625 2470/2470/2470 2471/2471/2471
f 2459/2459/2459 2456/2456/2456 2455/2455/2455
f 2459/2459/2459 2487/2487/2487 2489/2489/2489
f 2489/2489/2489 2486/2486/2486 2491/2491/2491
f 2491/2491/2491 2490/2490/2490 2627/2627/2627
f 2628/2628/2628 2625/2625/2625 2471/2471/2471
f 2601/2601/2601 2600/2600/2600 2602/2602/2602
f 2602/2602/2602 2599/2599/2599 2604/2604/2604
f 2629/2629/2629 2630/2630/2630 2631/2631/2631
f 2630/2630/2630 2629/2629/2629 2632/2632/2632
f 2453/2453/2453 2450/2450/2450 2460/2460/2460
f 2493/2493/2493 2431/2431/2431 2633/2633/2633
f 2464/2464/2464 2498/2498/2498 2465/2465/2465
f 2465/2465/2465 2463/2463/2463 2462/2462/2462
f 2469/2469/2469 2498/2498/2498 2497/2497/2497
f 2634/2634/2634 2635/2635/2635 2426/2426/2426
f 2635/2635/2635 2424/2424/2424 2426/2426/2426
f 2636/2636/2636 2484/2484/2484 2637/2637/2637
f 2636/2636/2636 2483/2483/2483 2484/2484/2484
f 2636/2636/2636 2638/2638/2638 2639/2639/2639
f 2640/2640/2640 2620/2620/2620 2641/2641/2641
f 2640/2640/2640 2642/2642/2642 2643/2643/2643
f 2640/2640/2640 2471/2471/2471 2620/2620/2620
f 2644/2644/2644 2645/2645/2645 2646/2646/2646
f 2644/2644/2644 2647/2647/2647 2648/2648/2648
f 2644/2644/2644 2649/2649/2649 2645/2645/2645
f 2649/2649/2649 2648/2648/2648 2650/2650/2650
f 2649/2649/2649 2650/2650/2650 2651/2651/2651
f 2649/2649/2649 2644/2644/2644 2648/2648/2648
f 2648/2648/2648 2647/2647/2647 2650/2650/2650
f 2646/2646/2646 2652/2652/2652 2644/2644/2644
f 2646/2646/2646 2653/2653/2653 2652/2652/2652
f 2654/2654/2654 2646/2646/2646 2645/2645/2645
f 2655/2655/2655 2628/2628/2628 2471/2471/2471
f 2655/2655/2655 2471/2471/2471 2640/2640/2640
f 2655/2655/2655 2643/2643/2643 2656/2656/2656
f 2607/2607/2607 2606/2606/2606 2544/2544/2544
f 2562/2562/2562 2564/2564/2564 2561/2561/2561
f 2562/2562/2562 2559/2559/2559 2558/2558/2558
f 2564/2564/2564 2657/2657/2657 2578/2578/2578
f 2552/2552/2552 2597/2597/2597 2601/2601/2601
f 2657/2657/2657 2658/2658/2658 2578/2578/2578
f 2530/2530/2530 2527/2527/2527 2532/2532/2532
f 2530/2530/2530 2558/2558/2558 2528/2528/2528
f 2608/2608/2608 2611/2611/2611 2606/2606/2606
f 2522/2522/2522 2521/2521/2521 2516/2516/2516
f 2617/2617/2617 2541/2541/2541 2616/2616/2616
f 2618/2618/2618 2616/2616/2616 2614/2614/2614
f 2473/2473/2473 2472/2472/2472 2519/2519/2519
f 2519/2519/2519 2659/2659/2659 2520/2520/2520
f 2519/2519/2519 2518/2518/2518 2473/2473/2473
f 2520/2520/2520 2522/2522/2522 2516/2516/2516
f 2659/2659/2659 2519/2519/2519 2472/2472/2472
f 2660/2660/2660 2661/2661/2661 2662/2662/2662
f 2660/2660/2660 2663/2663/2663 2664/2664/2664
f 2660/2660/2660 2665/2665/2665 2661/2661/2661
f 2661/2661/2661 2666/2666/2666 2662/2662/2662
f 2662/2662/2662 2667/2667/2667 2663/2663/2663
f 2664/2664/2664 2514/2514/2514 2513/2513/2513
f 2514/2514/2514 2664/2664/2664 2663/2663/2663
f 2514/2514/2514 2515/2515/2515 2509/2509/2509
f 2514/2514/2514 2663/2663/2663 2668/2668/2668
f 2513/2513/2513 2509/2509/2509 2506/2506/2506
f 2663/2663/2663 2660/2660/2660 2662/2662/2662
f 2667/2667/2667 2669/2669/2669 2668/2668/2668
f 2667/2667/2667 2662/2662/2662 2666/2666/2666
f 2667/2667/2667 2668/2668/2668 2663/2663/2663
f 2666/2666/2666 2661/2661/2661 2670/2670/2670
f 2666/2666/2666 2671/2671/2671 2667/2667/2667
f 2668/2668/2668 2672/2672/2672 2515/2515/2515
f 2673/2673/2673 2639/2639/2639 2674/2674/2674
f 2673/2673/2673 2483/2483/2483 2636/2636/2636
f 2673/2673/2673 2449/2449/2449 2483/2483/2483
f 2515/2515/2515 2675/2675/2675 2510/2510/2510
f 2515/2515/2515 2514/2514/2514 2668/2668/2668
f 2554/2554/2554 2510/2510/2510 2675/2675/2675
f 2675/2675/2675 2515/2515/2515 2672/2672/2672
f 2676/2676/2676 2557/2557/2557 2677/2677/2677
f 2676/2676/2676 2508/2508/2508 2512/2512/2512
f 2678/2678/2678 2679/2679/2679 2680/2680/2680
f 2678/2678/2678 2681/2681/2681 2682/2682/2682
f 2681/2681/2681 2680/2680/2680 2683/2683/2683
f 2682/2682/2682 2684/2684/2684 2685/2685/2685
f 2682/2682/2682 2681/2681/2681 2686/2686/2686
f 2680/2680/2680 2679/2679/2679 2687/2687/2687
f 2680/2680/2680 2681/2681/2681 2678/2678/2678
f 2683/2683/2683 2688/2688/2688 2689/2689/2689
f 2582/2582/2582 2690/2690/2690 2583/2583/2583
f 2582/2582/2582 2580/2580/2580 2574/2574/2574
f 2582/2582/2582 2691/2691/2691 2692/2692/2692
f 2582/2582/2582 2576/2576/2576 2693/2693/2693
f 2582/2582/2582 2692/2692/2692 2690/2690/2690
f 2583/2583/2583 2690/2690/2690 2586/2586/2586
f 2694/2694/2694 2695/2695/2695 2696/2696/2696
f 2695/2695/2695 2694/2694/2694 2697/2697/2697
f 2698/2698/2698 2696/2696/2696 2695/2695/2695
f 2684/2684/2684 2557/2557/2557 2685/2685/2685
f 2557/2557/2557 2684/2684/2684 2677/2677/2677
f 2557/2557/2557 2676/2676/2676 2512/2512/2512
f 2685/2685/2685 2556/2556/2556 2679/2679/2679
f 2685/2685/2685 2678/2678/2678 2682/2682/2682
f 2556/2556/2556 2512/2512/2512 2511/2511/2511
f 2556/2556/2556 2685/2685/2685 2557/2557/2557
f 2679/2679/2679 2678/2678/2678 2685/2685/2685
f 2679/2679/2679 2555/2555/2555 2687/2687/2687
f 2670/2670/2670 2699/2699/2699 2700/2700/2700
f 2700/2700/2700 2666/2666/2666 2670/2670/2670
f 2669/2669/2669 2667/2667/2667 2671/2671/2671
f 2671/2671/2671 2666/2666/2666 2700/2700/2700
f 2672/2672/2672 2668/2668/2668 2669/2669/2669
f 2688/2688/2688 2683/2683/2683 2680/2680/2680
f 2555/2555/2555 2511/2511/2511 2554/2554/2554
f 2555/2555/2555 2679/2679/2679 2556/2556/2556
f 2687/2687/2687 2688/2688/2688 2680/2680/2680
f 2701/2701/2701 2659/2659/2659 2702/2702/2702
f 2702/2702/2702 2659/2659/2659 2472/2472/2472
f 2703/2703/2703 2697/2697/2697 2694/2694/2694
f 2704/2704/2704 2705/2705/2705 2706/2706/2706
f 2705/2705/2705 2704/2704/2704 2707/2707/2707
f 2705/2705/2705 2708/2708/2708 2709/2709/2709
f 2710/2710/2710 2711/2711/2711 2712/2712/2712
f 2710/2710/2710 2713/2713/2713 2714/2714/2714
f 2713/2713/2713 2710/2710/2710 2712/2712/2712
f 2713/2713/2713 2715/2715/2715 2716/2716/2716
f 2712/2712/2712 2717/2717/2717 2715/2715/2715
f 2715/2715/2715 2718/2718/2718 2719/2719/2719
f 2715/2715/2715 2713/2713/2713 2712/2712/2712
f 2716/2716/2716 2719/2719/2719 2720/2720/2720
f 2721/2721/2721 2722/2722/2722 2723/2723/2723
f 2721/2721/2721 2724/2724/2724 2725/2725/2725
f 2722/2722/2722 2726/2726/2726 2727/2727/2727
f 2722/2722/2722 2721/2721/2721 2726/2726/2726
f 2723/2723/2723 2728/2728/2728 2724/2724/2724
f 2729/2729/2729 2723/2723/2723 2722/2722/2722
f 2729/2729/2729 2730/2730/2730 2723/2723/2723
f 2725/2725/2725 2726/2726/2726 2721/2721/2721
f 2726/2726/2726 2725/2725/2725 2731/2731/2731
f 2731/2731/2731 2674/2674/2674 2732/2732/2732
f 2724/2724/2724 2721/2721/2721 2723/2723/2723
f 2733/2733/2733 2734/2734/2734 2735/2735/2735
f 2733/2733/2733 2736/2736/2736 2737/2737/2737
f 2733/2733/2733 2738/2738/2738 2739/2739/2739
f 2736/2736/2736 2740/2740/2740 2741/2741/2741
f 2736/2736/2736 2733/2733/2733 2739/2739/2739
f 2739/2739/2739 2742/2742/2742 2740/2740/2740
f 2738/2738/2738 2742/2742/2742 2739/2739/2739
f 2738/2738/2738 2733/2733/2733 2735/2735/2735
f 2743/2743/2743 2643/2643/2643 2642/2642/2642
f 2743/2743/2743 2744/2744/2744 2745/2745/2745
f 2743/2743/2743 2745/2745/2745 2746/2746/2746
f 2745/2745/2745 2747/2747/2747 2746/2746/2746
f 2744/2744/2744 2743/2743/2743 2748/2748/2748
f 2744/2744/2744 2749/2749/2749 2745/2745/2745
f 2744/2744/2744 2750/2750/2750 2751/2751/2751
f 2748/2748/2748 2750/2750/2750 2744/2744/2744
f 2752/2752/2752 2753/2753/2753 2754/2754/2754
f 2753/2753/2753 2752/2752/2752 2755/2755/2755
f 2753/2753/2753 2756/2756/2756 2757/2757/2757
f 2753/2753/2753 2755/2755/2755 2756/2756/2756
f 2758/2758/2758 2733/2733/2733 2737/2737/2737
f 2758/2758/2758 2759/2759/2759 2760/2760/2760
f 2758/2758/2758 2761/2761/2761 2733/2733/2733
f 2761/2761/2761 2762/2762/2762 2763/2763/2763
f 2764/2764/2764 2765/2765/2765 2732/2732/2732
f 2764/2764/2764 2674/2674/2674 2639/2639/2639
f 2765/2765/2765 2766/2766/2766 2767/2767/2767
f 2732/2732/2732 2768/2768/2768 2726/2726/2726
f 2732/2732/2732 2726/2726/2726 2731/2731/2731
f 2768/2768/2768 2732/2732/2732 2765/2765/2765
f 2674/2674/2674 2764/2764/2764 2732/2732/2732
f 2639/2639/2639 2673/2673/2673 2636/2636/2636
f 2639/2639/2639 2638/2638/2638 2766/2766/2766
f 2727/2727/2727 2726/2726/2726 2768/2768/2768
f 2769/2769/2769 2740/2740/2740 2770/2770/2770
f 2769/2769/2769 2770/2770/2770 2771/2771/2771
f 2769/2769/2769 2771/2771/2771 2772/2772/2772
f 2770/2770/2770 2742/2742/2742 2773/2773/2773
f 2771/2771/2771 2773/2773/2773 2774/2774/2774
f 2772/2772/2772 2775/2775/2775 2776/2776/2776
f 2777/2777/2777 2778/2778/2778 2779/2779/2779
f 2777/2777/2777 2711/2711/2711 2710/2710/2710
f 2717/2717/2717 2718/2718/2718 2715/2715/2715
f 2717/2717/2717 2712/2712/2712 2711/2711/2711
f 2766/2766/2766 2765/2765/2765 2764/2764/2764
f 2766/2766/2766 2764/2764/2764 2639/2639/2639
f 2638/2638/2638 2636/2636/2636 2637/2637/2637
f 2780/2780/2780 2781/2781/2781 2782/2782/2782
f 2780/2780/2780 2783/2783/2783 2781/2781/2781
f 2780/2780/2780 2784/2784/2784 2785/2785/2785
f 2780/2780/2780 2786/2786/2786 2787/2787/2787
f 2780/2780/2780 2788/2788/2788 2786/2786/2786
f 2781/2781/2781 2789/2789/2789 2782/2782/2782
f 2782/2782/2782 2788/2788/2788 2780/2780/2780
f 2790/2790/2790 2791/2791/2791 2789/2789/2789
f 2790/2790/2790 2751/2751/2751 2750/2750/2750
f 2790/2790/2790 2783/2783/2783 2792/2792/2792
f 2783/2783/2783 2790/2790/2790 2781/2781/2781
f 2783/2783/2783 2780/2780/2780 2785/2785/2785
f 2793/2793/2793 2794/2794/2794 2795/2795/2795
f 2793/2793/2793 2796/2796/2796 2797/2797/2797
f 2794/2794/2794 2793/2793/2793 2798/2798/2798
f 2795/2795/2795 2799/2799/2799 2800/2800/2800
f 2798/2798/2798 2797/2797/2797 2801/2801/2801
f 2802/2802/2802 2803/2803/2803 2804/2804/2804
f 2802/2802/2802 2804/2804/2804 2805/2805/2805
f 2803/2803/2803 2757/2757/2757 2756/2756/2756
f 2805/2805/2805 2806/2806/2806 2807/2807/2807
f 2805/2805/2805 2808/2808/2808 2802/2802/2802
f 2805/2805/2805 2804/2804/2804 2809/2809/2809
f 2805/2805/2805 2809/2809/2809 2806/2806/2806
f 2806/2806/2806 2810/2810/2810 2811/2811/2811
f 2810/2810/2810 2806/2806/2806 2809/2809/2809
f 2811/2811/2811 2812/2812/2812 2806/2806/2806
f 2811/2811/2811 2813/2813/2813 2814/2814/2814
f 2811/2811/2811 2810/2810/2810 2815/2815/2815
f 2816/2816/2816 2817/2817/2817 2818/2818/2818
f 2816/2816/2816 2819/2819/2819 2820/2820/2820
f 2819/2819/2819 2821/2821/2821 2822/2822/2822
f 2819/2819/2819 2816/2816/2816 2823/2823/2823
f 2820/2820/2820 2822/2822/2822 2824/2824/2824
f 2820/2820/2820 2825/2825/2825 2817/2817/2817
f 2823/2823/2823 2730/2730/2730 2819/2819/2819
f 2728/2728/2728 2723/2723/2723 2730/2730/2730
f 2730/2730/2730 2729/2729/2729 2821/2821/2821
f 2730/2730/2730 2823/2823/2823 2728/2728/2728
f 2762/2762/2762 2761/2761/2761 2758/2758/2758
f 2762/2762/2762 2758/2758/2758 2760/2760/2760
f 2826/2826/2826 2827/2827/2827 2828/2828/2828
f 2826/2826/2826 2829/2829/2829 2830/2830/2830
f 2826/2826/2826 2831/2831/2831 2832/2832/2832
f 2827/2827/2827 2833/2833/2833 2834/2834/2834
f 2827/2827/2827 2826/2826/2826 2832/2832/2832
f 2828/2828/2828 2835/2835/2835 2826/2826/2826
f 2832/2832/2832 2836/2836/2836 2833/2833/2833
f 2796/2796/2796 2793/2793/2793 2800/2800/2800
f 2796/2796/2796 2837/2837/2837 2838/2838/2838
f 2796/2796/2796 2838/2838/2838 2797/2797/2797
f 2800/2800/2800 2839/2839/2839 2796/2796/2796
f 2800/2800/2800 2793/2793/2793 2795/2795/2795
f 2797/2797/2797 2798/2798/2798 2793/2793/2793
f 2840/2840/2840 2841/2841/2841 2815/2815/2815
f 2840/2840/2840 2815/2815/2815 2810/2810/2810
f 2815/2815/2815 2842/2842/2842 2813/2813/2813
f 2841/2841/2841 2840/2840/2840 2843/2843/2843
f 2841/2841/2841 2843/2843/2843 2844/2844/2844
f 2841/2841/2841 2845/2845/2845 2842/2842/2842
f 2843/2843/2843 2846/2846/2846 2844/2844/2844
f 2844/2844/2844 2847/2847/2847 2845/2845/2845
f 2846/2846/2846 2848/2848/2848 2844/2844/2844
f 2849/2849/2849 2850/2850/2850 2851/2851/2851
f 2850/2850/2850 2691/2691/2691 2852/2852/2852
f 2850/2850/2850 2853/2853/2853 2692/2692/2692
f 2850/2850/2850 2854/2854/2854 2851/2851/2851
f 2850/2850/2850 2849/2849/2849 2855/2855/2855
f 2851/2851/2851 2825/2825/2825 2849/2849/2849
f 2817/2817/2817 2816/2816/2816 2820/2820/2820
f 2817/2817/2817 2851/2851/2851 2818/2818/2818
f 2818/2818/2818 2851/2851/2851 2854/2854/2854
f 2854/2854/2854 2850/2850/2850 2852/2852/2852
f 2821/2821/2821 2819/2819/2819 2730/2730/2730
f 2848/2848/2848 2856/2856/2856 2857/2857/2857
f 2848/2848/2848 2846/2846/2846 2858/2858/2858
f 2856/2856/2856 2848/2848/2848 2858/2858/2858
f 2857/2857/2857 2856/2856/2856 2859/2859/2859
f 2857/2857/2857 2859/2859/2859 2860/2860/2860
f 2857/2857/2857 2847/2847/2847 2848/2848/2848
f 2853/2853/2853 2850/2850/2850 2855/2855/2855
f 2853/2853/2853 2690/2690/2690 2692/2692/2692
f 2690/2690/2690 2853/2853/2853 2861/2861/2861
f 2690/2690/2690 2862/2862/2862 2863/2863/2863
f 2861/2861/2861 2862/2862/2862 2690/2690/2690
f 2691/2691/2691 2582/2582/2582 2693/2693/2693
f 2691/2691/2691 2850/2850/2850 2692/2692/2692
f 2864/2864/2864 2588/2588/2588 2593/2593/2593
f 2864/2864/2864 2594/2594/2594 2588/2588/2588
f 2825/2825/2825 2820/2820/2820 2824/2824/2824
f 2825/2825/2825 2851/2851/2851 2817/2817/2817
f 2822/2822/2822 2820/2820/2820 2819/2819/2819
f 2807/2807/2807 2806/2806/2806 2812/2812/2812
f 2812/2812/2812 2811/2811/2811 2814/2814/2814
f 2831/2831/2831 2826/2826/2826 2830/2830/2830
f 2865/2865/2865 2866/2866/2866 2867/2867/2867
f 2865/2865/2865 2868/2868/2868 2869/2869/2869
f 2865/2865/2865 2870/2870/2870 2866/2866/2866
f 2868/2868/2868 2871/2871/2871 2872/2872/2872
f 2868/2868/2868 2865/2865/2865 2867/2867/2867
f 2869/2869/2869 2835/2835/2835 2865/2865/2865
f 2867/2867/2867 2871/2871/2871 2868/2868/2868
f 2871/2871/2871 2873/2873/2873 2874/2874/2874
f 2871/2871/2871 2875/2875/2875 2876/2876/2876
f 2872/2872/2872 2876/2876/2876 2877/2877/2877
f 2829/2829/2829 2826/2826/2826 2835/2835/2835
f 2835/2835/2835 2869/2869/2869 2829/2829/2829
f 2878/2878/2878 2879/2879/2879 2880/2880/2880
f 2878/2878/2878 2881/2881/2881 2882/2882/2882
f 2881/2881/2881 2878/2878/2878 2880/2880/2880
f 2881/2881/2881 2883/2883/2883 2834/2834/2834
f 2881/2881/2881 2833/2833/2833 2882/2882/2882
f 2880/2880/2880 2883/2883/2883 2881/2881/2881
f 2789/2789/2789 2781/2781/2781 2790/2790/2790
f 2740/2740/2740 2769/2769/2769 2741/2741/2741
f 2740/2740/2740 2736/2736/2736 2739/2739/2739
f 2884/2884/2884 2760/2760/2760 2885/2885/2885
f 2884/2884/2884 2762/2762/2762 2760/2760/2760
f 2760/2760/2760 2886/2886/2886 2885/2885/2885
f 2887/2887/2887 2884/2884/2884 2885/2885/2885
f 2887/2887/2887 2888/2888/2888 2879/2879/2879
f 2888/2888/2888 2889/2889/2889 2880/2880/2880
f 2888/2888/2888 2887/2887/2887 2885/2885/2885
f 2888/2888/2888 2880/2880/2880 2879/2879/2879
f 2885/2885/2885 2890/2890/2890 2888/2888/2888
f 2749/2749/2749 2744/2744/2744 2891/2891/2891
f 2643/2643/2643 2655/2655/2655 2640/2640/2640
f 2643/2643/2643 2743/2743/2743 2746/2746/2746
f 2642/2642/2642 2640/2640/2640 2641/2641/2641
f 2833/2833/2833 2827/2827/2827 2832/2832/2832
f 2836/2836/2836 2882/2882/2882 2833/2833/2833
f 2836/2836/2836 2832/2832/2832 2831/2831/2831
f 2892/2892/2892 2893/2893/2893 2894/2894/2894
f 2893/2893/2893 2892/2892/2892 2895/2895/2895
f 2747/2747/2747 2643/2643/2643 2746/2746/2746
f 2747/2747/2747 2745/2745/2745 2896/2896/2896
f 2742/2742/2742 2770/2770/2770 2740/2740/2740
f 2773/2773/2773 2771/2771/2771 2770/2770/2770
f 2774/2774/2774 2775/2775/2775 2771/2771/2771
f 2656/2656/2656 2643/2643/2643 2747/2747/2747
f 2866/2866/2866 2873/2873/2873 2867/2867/2867
f 2873/2873/2873 2871/2871/2871 2867/2867/2867
f 2897/2897/2897 2898/2898/2898 2899/2899/2899
f 2898/2898/2898 2900/2900/2900 2899/2899/2899
f 2734/2734/2734 2733/2733/2733 2761/2761/2761
f 2778/2778/2778 2777/2777/2777 2710/2710/2710
f 2751/2751/2751 2891/2891/2891 2744/2744/2744
f 2751/2751/2751 2790/2790/2790 2792/2792/2792
f 2750/2750/2750 2748/2748/2748 2791/2791/2791
f 2791/2791/2791 2790/2790/2790 2750/2750/2750
f 2901/2901/2901 2710/2710/2710 2902/2902/2902
f 2902/2902/2902 2710/2710/2710 2714/2714/2714
f 2647/2647/2647 2644/2644/2644 2652/2652/2652
f 2903/2903/2903 2650/2650/2650 2647/2647/2647
f 2834/2834/2834 2833/2833/2833 2881/2881/2881
f 2847/2847/2847 2844/2844/2844 2848/2848/2848
f 2847/2847/2847 2857/2857/2857 2904/2904/2904
f 2845/2845/2845 2841/2841/2841 2844/2844/2844
f 2870/2870/2870 2865/2865/2865 2835/2835/2835
f 2870/2870/2870 2835/2835/2835 2828/2828/2828
f 2904/2904/2904 2860/2860/2860 2905/2905/2905
f 2842/2842/2842 2815/2815/2815 2841/2841/2841
f 2813/2813/2813 2811/2811/2811 2815/2815/2815
f 2883/2883/2883 2880/2880/2880 2889/2889/2889
f 2889/2889/2889 2888/2888/2888 2890/2890/2890
f 2808/2808/2808 2805/2805/2805 2807/2807/2807
f 2886/2886/2886 2760/2760/2760 2759/2759/2759
f 2759/2759/2759 2758/2758/2758 2737/2737/2737
f 2890/2890/2890 2885/2885/2885 2886/2886/2886
f 2757/2757/2757 2803/2803/2803 2802/2802/2802
f 2757/2757/2757 2906/2906/2906 2753/2753/2753
f 2757/2757/2757 2802/2802/2802 2907/2907/2907
f 2907/2907/2907 2802/2802/2802 2808/2808/2808
f 2906/2906/2906 2908/2908/2908 2909/2909/2909
f 2906/2906/2906 2757/2757/2757 2907/2907/2907
f 2910/2910/2910 2911/2911/2911 2912/2912/2912
f 2910/2910/2910 2913/2913/2913 2914/2914/2914
f 2913/2913/2913 2912/2912/2912 2915/2915/2915
f 2914/2914/2914 2916/2916/2916 2917/2917/2917
f 2914/2914/2914 2917/2917/2917 2910/2910/2910
f 2918/2918/2918 2914/2914/2914 2913/2913/2913
f 2916/2916/2916 2919/2919/2919 2917/2917/2917
f 2919/2919/2919 2916/2916/2916 2920/2920/2920
f 2919/2919/2919 2801/2801/2801 2921/2921/2921
f 2917/2917/2917 2921/2921/2921 2911/2911/2911
f 2920/2920/2920 2798/2798/2798 2919/2919/2919
f 2920/2920/2920 2794/2794/2794 2798/2798/2798
f 2911/2911/2911 2922/2922/2922 2923/2923/2923
f 2911/2911/2911 2910/2910/2910 2917/2917/2917
f 2912/2912/2912 2911/2911/2911 2923/2923/2923
f 2912/2912/2912 2923/2923/2923 2924/2924/2924
f 2912/2912/2912 2924/2924/2924 2915/2915/2915
f 2912/2912/2912 2913/2913/2913 2910/2910/2910
f 2921/2921/2921 2801/2801/2801 2925/2925/2925
f 2921/2921/2921 2917/2917/2917 2919/2919/2919
f 2801/2801/2801 2926/2926/2926 2925/2925/2925
f 2801/2801/2801 2919/2919/2919 2798/2798/2798
f 2838/2838/2838 2926/2926/2926 2797/2797/2797
f 2926/2926/2926 2801/2801/2801 2797/2797/2797
f 2799/2799/2799 2927/2927/2927 2800/2800/2800
f 2928/2928/2928 2929/2929/2929 2930/2930/2930
f 2928/2928/2928 2931/2931/2931 2929/2929/2929
f 2930/2930/2930 2929/2929/2929 2932/2932/2932
f 2930/2930/2930 2933/2933/2933 2934/2934/2934
f 2932/2932/2932 2929/2929/2929 2935/2935/2935
f 2935/2935/2935 2936/2936/2936 2932/2932/2932
f 2937/2937/2937 2695/2695/2695 2938/2938/2938
f 2937/2937/2937 2698/2698/2698 2695/2695/2695
f 2938/2938/2938 2695/2695/2695 2697/2697/2697
f 2938/2938/2938 2697/2697/2697 2939/2939/2939
f 2927/2927/2927 2940/2940/2940 2934/2934/2934
f 2927/2927/2927 2934/2934/2934 2839/2839/2839
f 2927/2927/2927 2799/2799/2799 2941/2941/2941
f 2940/2940/2940 2927/2927/2927 2941/2941/2941
f 2940/2940/2940 2928/2928/2928 2934/2934/2934
f 2934/2934/2934 2928/2928/2928 2930/2930/2930
f 2839/2839/2839 2800/2800/2800 2927/2927/2927
f 2839/2839/2839 2934/2934/2934 2933/2933/2933
f 2933/2933/2933 2837/2837/2837 2839/2839/2839
f 2933/2933/2933 2930/2930/2930 2932/2932/2932
f 2933/2933/2933 2932/2932/2932 2942/2942/2942
f 2915/2915/2915 2924/2924/2924 2943/2943/2943
f 2922/2922/2922 2911/2911/2911 2921/2921/2921
f 2925/2925/2925 2922/2922/2922 2921/2921/2921
f 2936/2936/2936 2935/2935/2935 2944/2944/2944
f 2837/2837/2837 2796/2796/2796 2839/2839/2839
f 2837/2837/2837 2933/2933/2933 2942/2942/2942
f 2942/2942/2942 2932/2932/2932 2936/2936/2936
f 2909/2909/2909 2753/2753/2753 2906/2906/2906
f 2708/2708/2708 2705/2705/2705 2707/2707/2707
f 2945/2945/2945 2433/2433/2433 2434/2434/2434
f 2945/2945/2945 2434/2434/2434 2946/2946/2946
f 2945/2945/2945 2947/2947/2947 2948/2948/2948
f 2945/2945/2945 2948/2948/2948 2949/2949/2949
f 2434/2434/2434 2427/2427/2427 2946/2946/2946
f 2946/2946/2946 2947/2947/2947 2945/2945/2945
f 2950/2950/2950 2951/2951/2951 2952/2952/2952
f 2950/2950/2950 2953/2953/2953 2954/2954/2954
f 2951/2951/2951 2955/2955/2955 2956/2956/2956
f 2951/2951/2951 2950/2950/2950 2957/2957/2957
f 2952/2952/2952 2951/2951/2951 2956/2956/2956
f 2957/2957/2957 2958/2958/2958 2951/2951/2951
f 2953/2953/2953 2950/2950/2950 2952/2952/2952
f 2953/2953/2953 2959/2959/2959 2954/2954/2954
f 2953/2953/2953 2960/2960/2960 2961/2961/2961
f 2960/2960/2960 2953/2953/2953 2952/2952/2952
f 2961/2961/2961 2962/2962/2962 2953/2953/2953
f 2956/2956/2956 2960/2960/2960 2952/2952/2952
f 2963/2963/2963 2964/2964/2964 2965/2965/2965
f 2963/2963/2963 2966/2966/2966 2967/2967/2967
f 2964/2964/2964 2963/2963/2963 2967/2967/2967
f 2964/2964/2964 2967/2967/2967 2968/2968/2968
f 2965/2965/2965 2964/2964/2964 2969/2969/2969
f 2967/2967/2967 2970/2970/2970 2971/2971/2971
f 2968/2968/2968 2967/2967/2967 2971/2971/2971
f 2972/2972/2972 2973/2973/2973 2974/2974/2974
f 2972/2972/2972 2975/2975/2975 2976/2976/2976
f 2972/2972/2972 2977/2977/2977 2978/2978/2978
f 2977/2977/2977 2972/2972/2972 2976/2976/2976
f 2977/2977/2977 2976/2976/2976 2979/2979/2979
f 2977/2977/2977 2979/2979/2979 2980/2980/2980
f 2978/2978/2978 2981/2981/2981 2972/2972/2972
f 2979/2979/2979 2976/2976/2976 2982/2982/2982
f 2983/2983/2983 2984/2984/2984 2985/2985/2985
f 2984/2984/2984 2983/2983/2983 2986/2986/2986
f 2966/2966/2966 2963/2963/2963 2987/2987/2987
f 2987/2987/2987 2963/2963/2963 2988/2988/2988
f 2987/2987/2987 2989/2989/2989 2966/2966/2966
f 2990/2990/2990 2962/2962/2962 2991/2991/2991
f 2962/2962/2962 2990/2990/2990 2959/2959/2959
f 2962/2962/2962 2961/2961/2961 2992/2992/2992
f 2991/2991/2991 2962/2962/2962 2992/2992/2992
f 2959/2959/2959 2953/2953/2953 2962/2962/2962
f 2993/2993/2993 2991/2991/2991 2992/2992/2992
f 2993/2993/2993 2994/2994/2994 2995/2995/2995
f 2993/2993/2993 2996/2996/2996 2991/2991/2991
f 2992/2992/2992 2997/2997/2997 2993/2993/2993
f 2490/2490/2490 2998/2998/2998 2969/2969/2969
f 2490/2490/2490 2969/2969/2969 2999/2999/2999
f 2490/2490/2490 2492/2492/2492 2998/2998/2998
f 2490/2490/2490 2999/2999/2999 3000/3000/3000
f 2433/2433/2433 2945/2945/2945 3001/3001/3001
f 2433/2433/2433 2428/2428/2428 2434/2434/2434
f 3001/3001/3001 3002/3002/3002 3003/3003/3003
f 2996/2996/2996 2990/2990/2990 2991/2991/2991
f 2996/2996/2996 3004/3004/3004 2990/2990/2990
f 2996/2996/2996 2993/2993/2993 2995/2995/2995
f 2501/2501/2501 2495/2495/2495 2500/2500/2500
f 2500/2500/2500 3005/3005/3005 2501/2501/2501
f 2499/2499/2499 3006/3006/3006 2500/2500/2500
f 2499/2499/2499 2495/2495/2495 2504/2504/2504
f 3006/3006/3006 2973/2973/2973 2981/2981/2981
f 3006/3006/3006 3007/3007/3007 3005/3005/3005
f 3006/3006/3006 2499/2499/2499 3008/3008/3008
f 3009/3009/3009 3010/3010/3010 3011/3011/3011
f 3010/3010/3010 3009/3009/3009 3012/3012/3012
f 3010/3010/3010 3013/3013/3013 3014/3014/3014
f 3011/3011/3011 3010/3010/3010 3014/3014/3014
f 3011/3011/3011 3015/3015/3015 3009/3009/3009
f 3012/3012/3012 3016/3016/3016 3010/3010/3010
f 3017/3017/3017 3018/3018/3018 3019/3019/3019
f 3017/3017/3017 3019/3019/3019 3020/3020/3020
f 3018/3018/3018 3021/3021/3021 3019/3019/3019
f 3019/3019/3019 3022/3022/3022 3023/3023/3023
f 3020/3020/3020 3023/3023/3023 3024/3024/3024
f 3025/3025/3025 3026/3026/3026 3027/3027/3027
f 3025/3025/3025 3028/3028/3028 3029/3029/3029
f 3028/3028/3028 3030/3030/3030 3018/3018/3018
f 3028/3028/3028 3025/3025/3025 3027/3027/3027
f 3028/3028/3028 3018/3018/3018 3029/3029/3029
f 3029/3029/3029 3018/3018/3018 3017/3017/3017
f 3027/3027/3027 3031/3031/3031 3028/3028/3028
f 3027/3027/3027 3032/3032/3032 3033/3033/3033
f 3034/3034/3034 3035/3035/3035 3036/3036/3036
f 3034/3034/3034 3037/3037/3037 3038/3038/3038
f 3035/3035/3035 2958/2958/2958 3036/3036/3036
f 3036/3036/3036 3039/3039/3039 3040/3040/3040
f 3036/3036/3036 3041/3041/3041 3039/3039/3039
f 3036/3036/3036 3040/3040/3040 3034/3034/3034
f 3040/3040/3040 3042/3042/3042 3037/3037/3037
f 2955/2955/2955 2951/2951/2951 2958/2958/2958
f 2958/2958/2958 3035/3035/3035 2955/2955/2955
f 2958/2958/2958 2957/2957/2957 3041/3041/3041
f 2989/2989/2989 2987/2987/2987 3043/3043/3043
f 3043/3043/3043 3044/3044/3044 3045/3045/3045
f 3046/3046/3046 3047/3047/3047 3048/3048/3048
f 3046/3046/3046 3049/3049/3049 3050/3050/3050
f 3047/3047/3047 3051/3051/3051 3052/3052/3052
f 3047/3047/3047 3046/3046/3046 3053/3053/3053
f 3048/3048/3048 3049/3049/3049 3046/3046/3046
f 3053/3053/3053 3054/3054/3054 3051/3051/3051
f 3053/3053/3053 3046/3046/3046 3055/3055/3055
f 3013/3013/3013 3056/3056/3056 3057/3057/3057
f 3013/3013/3013 3010/3010/3010 3016/3016/3016
f 3014/3014/3014 3058/3058/3058 3011/3011/3011
f 3014/3014/3014 3057/3057/3057 3059/3059/3059
f 3016/3016/3016 3012/3012/3012 3060/3060/3060
f 3016/3016/3016 3061/3061/3061 3062/3062/3062
f 3016/3016/3016 3062/3062/3062 3013/3013/3013
f 3026/3026/3026 3063/3063/3063 3064/3064/3064
f 3026/3026/3026 3025/3025/3025 3065/3065/3065
f 3065/3065/3065 3063/3063/3063 3026/3026/3026
f 3063/3063/3063 3066/3066/3066 3064/3064/3064
f 3063/3063/3063 3065/3065/3065 3067/3067/3067
f 3067/3067/3067 3068/3068/3068 3063/3063/3063
f 3068/3068/3068 3067/3067/3067 3069/3069/3069
f 3068/3068/3068 2658/2658/2658 3070/3070/3070
f 3069/3069/3069 2658/2658/2658 3068/3068/3068
f 3071/3071/3071 3072/3072/3072 3073/3073/3073
f 3072/3072/3072 3074/3074/3074 3075/3075/3075
f 3072/3072/3072 3075/3075/3075 3073/3073/3073
f 3072/3072/3072 3076/3076/3076 3077/3077/3077
f 3075/3075/3075 3042/3042/3042 3073/3073/3073
f 3075/3075/3075 3038/3038/3038 3037/3037/3037
f 3074/3074/3074 3038/3038/3038 3075/3075/3075
f 3074/3074/3074 3072/3072/3072 3077/3077/3077
f 3037/3037/3037 3034/3034/3034 3040/3040/3040
f 3041/3041/3041 3036/3036/3036 2958/2958/2958
f 2658/2658/2658 3069/3069/3069 2579/2579/2579
f 2658/2658/2658 2657/2657/2657 3070/3070/3070
f 2579/2579/2579 2578/2578/2578 2658/2658/2658
f 2585/2585/2585 3072/3072/3072 3071/3071/3071
f 2585/2585/2585 2584/2584/2584 3072/3072/3072
f 3076/3076/3076 3072/3072/3072 2584/2584/2584
f 3076/3076/3076 2586/2586/2586 3078/3078/3078
f 3042/3042/3042 3040/3040/3040 3079/3079/3079
f 3042/3042/3042 3075/3075/3075 3037/3037/3037
f 3079/3079/3079 3040/3040/3040 3039/3039/3039
f 3031/3031/3031 3030/3030/3030 3028/3028/3028
f 3031/3031/3031 3027/3027/3027 3033/3033/3033
f 3080/3080/3080 3055/3055/3055 3046/3046/3046
f 3081/3081/3081 2605/2605/2605 3082/3082/3082
f 3081/3081/3081 3083/3083/3083 3084/3084/3084
f 2605/2605/2605 3084/3084/3084 2603/2603/2603
f 2605/2605/2605 2598/2598/2598 3082/3082/3082
f 3082/3082/3082 3085/3085/3085 3081/3081/3081
f 3085/3085/3085 3049/3049/3049 3081/3081/3081
f 3049/3049/3049 3048/3048/3048 3083/3083/3083
f 3049/3049/3049 3085/3085/3085 3050/3050/3050
f 3050/3050/3050 3080/3080/3080 3046/3046/3046
f 3086/3086/3086 3052/3052/3052 3051/3051/3051
f 3086/3086/3086 3087/3087/3087 3088/3088/3088
f 3087/3087/3087 3086/3086/3086 3089/3089/3089
f 3088/3088/3088 3090/3090/3090 3091/3091/3091
f 3088/3088/3088 3092/3092/3092 3086/3086/3086
f 3089/3089/3089 3051/3051/3051 3054/3054/3054
f 3005/3005/3005 2500/2500/2500 3006/3006/3006
f 2999/2999/2999 2969/2969/2969 2964/2964/2964
f 2999/2999/2999 2964/2964/2964 3000/3000/3000
f 3044/3044/3044 3093/3093/3093 3094/3094/3094
f 3044/3044/3044 3043/3043/3043 2987/2987/2987
f 3045/3045/3045 3094/3094/3094 3095/3095/3095
f 3091/3091/3091 3095/3095/3095 3094/3094/3094
f 3091/3091/3091 3096/3096/3096 3097/3097/3097
f 3095/3095/3095 3091/3091/3091 3090/3090/3090
f 3094/3094/3094 3096/3096/3096 3091/3091/3091
f 3094/3094/3094 3045/3045/3045 3044/3044/3044
f 3090/3090/3090 3088/3088/3088 3087/3087/3087
f 2975/2975/2975 2972/2972/2972 2974/2974/2974
f 2980/2980/2980 2982/2982/2982 3098/3098/3098
f 2980/2980/2980 3099/3099/3099 3100/3100/3100
f 2980/2980/2980 2979/2979/2979 2982/2982/2982
f 2980/2980/2980 3100/3100/3100 2977/2977/2977
f 3051/3051/3051 3089/3089/3089 3086/3086/3086
f 3051/3051/3051 3047/3047/3047 3053/3053/3053
f 3054/3054/3054 3053/3053/3053 3055/3055/3055
f 3101/3101/3101 3102/3102/3102 3103/3103/3103
f 3102/3102/3102 3101/3101/3101 3104/3104/3104
f 3105/3105/3105 2982/2982/2982 2976/2976/2976
f 3000/3000/3000 2964/2964/2964 2968/2968/2968
f 3000/3000/3000 2627/2627/2627 2490/2490/2490
f 3098/3098/3098 3106/3106/3106 2980/2980/2980
f 3084/3084/3084 2605/2605/2605 3081/3081/3081
f 2603/2603/2603 2599/2599/2599 2605/2605/2605
f 3107/3107/3107 3108/3108/3108 3109/3109/3109
f 3108/3108/3108 3107/3107/3107 3110/3110/3110
f 2970/2970/2970 2967/2967/2967 2966/2966/2966
f 3002/3002/3002 3001/3001/3001 2945/2945/2945
f 2973/2973/2973 2972/2972/2972 2981/2981/2981
f 2973/2973/2973 3006/3006/3006 3008/3008/3008
f 2981/2981/2981 2978/2978/2978 3007/3007/3007
f 3007/3007/3007 3006/3006/3006 2981/2981/2981
f 2994/2994/2994 2993/2993/2993 2997/2997/2997
f 3111/3111/3111 2995/2995/2995 2994/2994/2994
f 3099/3099/3099 2980/2980/2980 3106/3106/3106
f 3112/3112/3112 3100/3100/3100 3099/3099/3099
f 3113/3113/3113 3114/3114/3114 3115/3115/3115
f 3113/3113/3113 3116/3116/3116 3117/3117/3117
f 3114/3114/3114 3118/3118/3118 3119/3119/3119
f 3114/3114/3114 3113/3113/3113 3117/3117/3117
f 3115/3115/3115 3114/3114/3114 3120/3120/3120
f 3120/3120/3120 3119/3119/3119 3121/3121/3121
f 3120/3120/3120 3122/3122/3122 3115/3115/3115
f 3116/3116/3116 3113/3113/3113 3123/3123/3123
f 3116/3116/3116 3124/3124/3124 3118/3118/3118
f 3116/3116/3116 3118/3118/3118 3117/3117/3117
f 3052/3052/3052 3086/3086/3086 3092/3092/3092
f 3070/3070/3070 3066/3066/3066 3068/3068/3068
f 3066/3066/3066 3063/3063/3063 3068/3068/3068
f 3083/3083/3083 3081/3081/3081 3049/3049/3049
f 3064/3064/3064 3032/3032/3032 3026/3026/3026
f 3032/3032/3032 3027/3027/3027 3026/3026/3026
f 3092/3092/3092 3088/3088/3088 3097/3097/3097
f 3097/3097/3097 3088/3088/3088 3091/3091/3091
f 3021/3021/3021 3018/3018/3018 3030/3030/3030
f 3021/3021/3021 3022/3022/3022 3019/3019/3019
f 3093/3093/3093 3044/3044/3044 2988/2988/2988
f 2988/2988/2988 3044/3044/3044 2987/2987/2987
f 3096/3096/3096 3094/3094/3094 3093/3093/3093
f 3023/3023/3023 2983/2983/2983 3024/3024/3024
f 3023/3023/3023 3020/3020/3020 3019/3019/3019
f 3023/3023/3023 3125/3125/3125 2983/2983/2983
f 3024/3024/3024 2983/2983/2983 2985/2985/2985
f 3125/3125/3125 3023/3023/3023 3022/3022/3022
f 3125/3125/3125 3126/3126/3126 2983/2983/2983
f 3127/3127/3127 3128/3128/3128 3129/3129/3129
f 3127/3127/3127 3130/3130/3130 3131/3131/3131
f 3128/3128/3128 3127/3127/3127 3132/3132/3132
f 3129/3129/3129 3133/3133/3133 3130/3130/3130
f 3134/3134/3134 3135/3135/3135 3136/3136/3136
f 3135/3135/3135 3058/3058/3058 3137/3137/3137
f 3135/3135/3135 3134/3134/3134 3015/3015/3015
f 3136/3136/3136 3128/3128/3128 3134/3134/3134
f 3136/3136/3136 3129/3129/3129 3128/3128/3128
f 3015/3015/3015 3011/3011/3011 3135/3135/3135
f 3133/3133/3133 3129/3129/3129 3136/3136/3136
f 3133/3133/3133 3138/3138/3138 3139/3139/3139
f 3130/3130/3130 3127/3127/3127 3129/3129/3129
f 3137/3137/3137 3133/3133/3133 3136/3136/3136
f 3137/3137/3137 3136/3136/3136 3135/3135/3135
f 3137/3137/3137 3140/3140/3140 3138/3138/3138
f 3058/3058/3058 3059/3059/3059 3140/3140/3140
f 3058/3058/3058 3135/3135/3135 3011/3011/3011
f 3057/3057/3057 3014/3014/3014 3013/3013/3013
f 3059/3059/3059 3058/3058/3058 3014/3014/3014
f 3060/3060/3060 3061/3061/3061 3016/3016/3016
f 3141/3141/3141 3142/3142/3142 3143/3143/3143
f 3141/3141/3141 3144/3144/3144 3145/3145/3145
f 3143/3143/3143 3146/3146/3146 3141/3141/3141
f 3143/3143/3143 3147/3147/3147 3146/3146/3146
f 3146/3146/3146 3148/3148/3148 3144/3144/3144
f 3146/3146/3146 3144/3144/3144 3141/3141/3141
f 3147/3147/3147 3149/3149/3149 3150/3150/3150
f 3147/3147/3147 3150/3150/3150 3148/3148/3148
f 3147/3147/3147 3143/3143/3143 3151/3151/3151
f 3151/3151/3151 3149/3149/3149 3147/3147/3147
f 2586/2586/2586 3152/3152/3152 3078/3078/3078
f 2586/2586/2586 2580/2580/2580 2583/2583/2583
f 2586/2586/2586 3076/3076/3076 2584/2584/2584
f 3153/3153/3153 3154/3154/3154 3155/3155/3155
f 3153/3153/3153 3156/3156/3156 3154/3154/3154
f 3153/3153/3153 3157/3157/3157 3158/3158/3158
f 3145/3145/3145 3061/3061/3061 3159/3159/3159
f 3061/3061/3061 3144/3144/3144 3062/3062/3062
f 3061/3061/3061 3145/3145/3145 3144/3144/3144
f 3061/3061/3061 3060/3060/3060 3159/3159/3159
f 3148/3148/3148 3056/3056/3056 3062/3062/3062
f 3148/3148/3148 3062/3062/3062 3144/3144/3144
f 3148/3148/3148 3146/3146/3146 3147/3147/3147
f 3160/3160/3160 3131/3131/3131 3161/3161/3161
f 3161/3161/3161 3131/3131/3131 3130/3130/3130
f 3161/3161/3161 3130/3130/3130 3139/3139/3139
f 3138/3138/3138 3133/3133/3133 3137/3137/3137
f 3139/3139/3139 3130/3130/3130 3133/3133/3133
f 3140/3140/3140 3137/3137/3137 3058/3058/3058
f 3149/3149/3149 3151/3151/3151 3162/3162/3162
f 3056/3056/3056 3148/3148/3148 3150/3150/3150
f 3056/3056/3056 3013/3013/3013 3062/3062/3062
f 3126/3126/3126 3125/3125/3125 3163/3163/3163
f 3164/3164/3164 3156/3156/3156 3153/3153/3153
f 3164/3164/3164 3165/3165/3165 3156/3156/3156
f 3164/3164/3164 3158/3158/3158 3166/3166/3166
f 3167/3167/3167 3168/3168/3168 3169/3169/3169
f 3168/3168/3168 3167/3167/3167 3170/3170/3170
f 3168/3168/3168 3171/3171/3171 3169/3169/3169
f 2719/2719/2719 3172/3172/3172 2720/2720/2720
f 2719/2719/2719 2716/2716/2716 2715/2715/2715
f 3172/3172/3172 2719/2719/2719 2718/2718/2718
f 3172/3172/3172 3173/3173/3173 3174/3174/3174
f 2720/2720/2720 3172/3172/3172 3174/3174/3174
f 3175/3175/3175 3176/3176/3176 3177/3177/3177
f 3175/3175/3175 3177/3177/3177 3178/3178/3178
f 3176/3176/3176 3175/3175/3175 3179/3179/3179
f 3176/3176/3176 3180/3180/3180 3177/3177/3177
f 3177/3177/3177 3181/3181/3181 3182/3182/3182
f 3178/3178/3178 3182/3182/3182 3183/3183/3183
f 3179/3179/3179 3184/3184/3184 3176/3176/3176
f 3184/3184/3184 3179/3179/3179 3185/3185/3185
f 3184/3184/3184 3180/3180/3180 3176/3176/3176
f 3186/3186/3186 3187/3187/3187 3188/3188/3188
f 3186/3186/3186 3189/3189/3189 3190/3190/3190
f 3186/3186/3186 3191/3191/3191 3192/3192/3192
f 3191/3191/3191 3193/3193/3193 3194/3194/3194
f 3191/3191/3191 3190/3190/3190 3193/3193/3193
f 3192/3192/3192 3195/3195/3195 3187/3187/3187
f 3196/3196/3196 3192/3192/3192 3191/3191/3191
f 3187/3187/3187 3186/3186/3186 3192/3192/3192
f 3197/3197/3197 3198/3198/3198 3199/3199/3199
f 3197/3197/3197 3200/3200/3200 3201/3201/3201
f 3198/3198/3198 3197/3197/3197 3202/3202/3202
f 3198/3198/3198 3203/3203/3203 3204/3204/3204
f 3199/3199/3199 3205/3205/3205 3206/3206/3206
f 3199/3199/3199 3198/3198/3198 3204/3204/3204
f 3199/3199/3199 3204/3204/3204 3205/3205/3205
f 3202/3202/3202 3207/3207/3207 3208/3208/3208
f 3209/3209/3209 3210/3210/3210 3211/3211/3211
f 3210/3210/3210 3209/3209/3209 3212/3212/3212
f 3210/3210/3210 3213/3213/3213 3214/3214/3214
f 3190/3190/3190 3191/3191/3191 3186/3186/3186
f 3193/3193/3193 3215/3215/3215 3216/3216/3216
f 3193/3193/3193 3190/3190/3190 3215/3215/3215
f 3217/3217/3217 3218/3218/3218 3219/3219/3219
f 3217/3217/3217 3219/3219/3219 3220/3220/3220
f 3217/3217/3217 3220/3220/3220 3221/3221/3221
f 3219/3219/3219 3222/3222/3222 3220/3220/3220
f 3220/3220/3220 3185/3185/3185 3179/3179/3179
f 3221/3221/3221 3179/3179/3179 3223/3223/3223
f 3221/3221/3221 3220/3220/3220 3179/3179/3179
f 3222/3222/3222 3219/3219/3219 3224/3224/3224
f 3222/3222/3222 3185/3185/3185 3220/3220/3220
f 3224/3224/3224 2997/2997/2997 3222/3222/3222
f 3224/3224/3224 2994/2994/2994 2997/2997/2997
f 3223/3223/3223 3179/3179/3179 3175/3175/3175
f 2775/2775/2775 2774/2774/2774 3225/3225/3225
f 2775/2775/2775 3195/3195/3195 3226/3226/3226
f 2775/2775/2775 3227/3227/3227 2776/2776/2776
f 2775/2775/2775 2772/2772/2772 2771/2771/2771
f 2718/2718/2718 3228/3228/3228 3172/3172/3172
f 3228/3228/3228 3229/3229/3229 3172/3172/3172
f 3230/3230/3230 3224/3224/3224 3218/3218/3218
f 3230/3230/3230 2994/2994/2994 3224/3224/3224
f 3230/3230/3230 3111/3111/3111 2994/2994/2994
f 3218/3218/3218 3224/3224/3224 3219/3219/3219
f 3218/3218/3218 3217/3217/3217 3231/3231/3231
f 2787/2787/2787 3232/3232/3232 3233/3233/3233
f 2784/2784/2784 3233/3233/3233 3234/3234/3234
f 2784/2784/2784 2780/2780/2780 2787/2787/2787
f 3233/3233/3233 3208/3208/3208 3207/3207/3207
f 3233/3233/3233 3235/3235/3235 3234/3234/3234
f 3233/3233/3233 2784/2784/2784 2787/2787/2787
f 3236/3236/3236 3237/3237/3237 3238/3238/3238
f 3236/3236/3236 3239/3239/3239 3240/3240/3240
f 3239/3239/3239 3241/3241/3241 3240/3240/3240
f 3239/3239/3239 3236/3236/3236 3238/3238/3238
f 3239/3239/3239 3242/3242/3242 3241/3241/3241
f 3240/3240/3240 3241/3241/3241 3243/3243/3243
f 3238/3238/3238 3244/3244/3244 3239/3239/3239
f 3245/3245/3245 3246/3246/3246 3247/3247/3247
f 3245/3245/3245 3248/3248/3248 3246/3246/3246
f 3246/3246/3246 3249/3249/3249 3250/3250/3250
f 3251/3251/3251 3250/3250/3250 3252/3252/3252
f 3251/3251/3251 3247/3247/3247 3246/3246/3246
f 3253/3253/3253 3254/3254/3254 3255/3255/3255
f 3254/3254/3254 3256/3256/3256 3251/3251/3251
f 3254/3254/3254 3253/3253/3253 3256/3256/3256
f 3254/3254/3254 3252/3252/3252 3257/3257/3257
f 3255/3255/3255 3258/3258/3258 3259/3259/3259
f 3255/3255/3255 3257/3257/3257 3260/3260/3260
f 3256/3256/3256 3247/3247/3247 3251/3251/3251
f 3261/3261/3261 3262/3262/3262 3263/3263/3263
f 3261/3261/3261 3182/3182/3182 3181/3181/3181
f 3262/3262/3262 3264/3264/3264 3265/3265/3265
f 3263/3263/3263 3262/3262/3262 3265/3265/3265
f 3263/3263/3263 3183/3183/3183 3182/3182/3182
f 3265/3265/3265 3266/3266/3266 3267/3267/3267
f 3181/3181/3181 3177/3177/3177 3180/3180/3180
f 3182/3182/3182 3178/3178/3178 3177/3177/3177
f 3182/3182/3182 3261/3261/3261 3263/3263/3263
f 3268/3268/3268 3269/3269/3269 3270/3270/3270
f 3269/3269/3269 3271/3271/3271 3270/3270/3270
f 3269/3269/3269 3268/3268/3268 3272/3272/3272
f 3270/3270/3270 3273/3273/3273 3274/3274/3274
f 3242/3242/3242 3239/3239/3239 3244/3244/3244
f 3242/3242/3242 3275/3275/3275 3241/3241/3241
f 3242/3242/3242 3276/3276/3276 3275/3275/3275
f 3244/3244/3244 3238/3238/3238 3277/3277/3277
f 3244/3244/3244 3278/3278/3278 3279/3279/3279
f 3244/3244/3244 3279/3279/3279 3242/3242/3242
f 3259/3259/3259 3280/3280/3280 3253/3253/3253
f 3259/3259/3259 3253/3253/3253 3255/3255/3255
f 3280/3280/3280 3281/3281/3281 3282/3282/3282
f 3281/3281/3281 3280/3280/3280 3259/3259/3259
f 3281/3281/3281 3283/3283/3283 3284/3284/3284
f 3281/3281/3281 3259/3259/3259 3285/3285/3285
f 3284/3284/3284 2905/2905/2905 2860/2860/2860
f 3284/3284/3284 3286/3286/3286 3282/3282/3282
f 3284/3284/3284 3282/3282/3282 3281/3281/3281
f 3286/3286/3286 2860/2860/2860 2859/2859/2859
f 3287/3287/3287 3288/3288/3288 3289/3289/3289
f 3289/3289/3289 3290/3290/3290 3291/3291/3291
f 3289/3289/3289 2862/2862/2862 3287/3287/3287
f 3289/3289/3289 3288/3288/3288 3292/3292/3292
f 3289/3289/3289 3152/3152/3152 2863/2863/2863
f 3292/3292/3292 3264/3264/3264 3293/3293/3293
f 3292/3292/3292 3266/3266/3266 3264/3264/3264
f 3293/3293/3293 3290/3290/3290 3292/3292/3292
f 3290/3290/3290 3289/3289/3289 3292/3292/3292
f 3264/3264/3264 3262/3262/3262 3293/3293/3293
f 3183/3183/3183 3263/3263/3263 3294/3294/3294
f 2860/2860/2860 2904/2904/2904 2857/2857/2857
f 2860/2860/2860 3286/3286/3286 3284/3284/3284
f 2862/2862/2862 3289/3289/3289 2863/2863/2863
f 2863/2863/2863 2586/2586/2586 2690/2690/2690
f 3152/3152/3152 3289/3289/3289 3291/3291/3291
f 3152/3152/3152 2586/2586/2586 2863/2863/2863
f 2592/2592/2592 2588/2588/2588 2591/2591/2591
f 3266/3266/3266 3292/3292/3292 3288/3288/3288
f 3266/3266/3266 3265/3265/3265 3264/3264/3264
f 3294/3294/3294 3263/3263/3263 3265/3265/3265
f 3294/3294/3294 3265/3265/3265 3267/3267/3267
f 3252/3252/3252 3254/3254/3254 3251/3251/3251
f 3257/3257/3257 3255/3255/3255 3254/3254/3254
f 3274/3274/3274 3295/3295/3295 3268/3268/3268
f 3274/3274/3274 3268/3268/3268 3270/3270/3270
f 3295/3295/3295 3296/3296/3296 3268/3268/3268
f 3297/3297/3297 3298/3298/3298 3299/3299/3299
f 3297/3297/3297 2877/2877/2877 2876/2876/2876
f 2877/2877/2877 3297/3297/3297 3300/3300/3300
f 2876/2876/2876 2875/2875/2875 3301/3301/3301
f 2876/2876/2876 3301/3301/3301 3297/3297/3297
f 2876/2876/2876 2872/2872/2872 2871/2871/2871
f 3300/3300/3300 3299/3299/3299 3296/3296/3296
f 3299/3299/3299 3300/3300/3300 3297/3297/3297
f 3299/3299/3299 3272/3272/3272 3268/3268/3268
f 3299/3299/3299 3298/3298/3298 3272/3272/3272
f 3299/3299/3299 3268/3268/3268 3296/3296/3296
f 3302/3302/3302 3303/3303/3303 3304/3304/3304
f 3303/3303/3303 3271/3271/3271 3305/3305/3305
f 3303/3303/3303 3302/3302/3302 3306/3306/3306
f 3304/3304/3304 3307/3307/3307 3308/3308/3308
f 3304/3304/3304 3308/3308/3308 3302/3302/3302
f 3304/3304/3304 3309/3309/3309 3310/3310/3310
f 3306/3306/3306 3273/3273/3273 3271/3271/3271
f 3232/3232/3232 2787/2787/2787 2786/2786/2786
f 3227/3227/3227 2775/2775/2775 3226/3226/3226
f 3227/3227/3227 3192/3192/3192 3196/3196/3196
f 3227/3227/3227 3226/3226/3226 3192/3192/3192
f 3311/3311/3311 3312/3312/3312 3194/3194/3194
f 3311/3311/3311 3216/3216/3216 3313/3313/3313
f 3311/3311/3311 3193/3193/3193 3216/3216/3216
f 3307/3307/3307 3314/3314/3314 3308/3308/3308
f 3314/3314/3314 3307/3307/3307 3315/3315/3315
f 3315/3315/3315 3313/3313/3313 3314/3314/3314
f 3315/3315/3315 3316/3316/3316 3312/3312/3312
f 3315/3315/3315 3311/3311/3311 3313/3313/3313
f 3200/3200/3200 3197/3197/3197 3199/3199/3199
f 3317/3317/3317 3203/3203/3203 3198/3198/3198
f 3317/3317/3317 3112/3112/3112 3099/3099/3099
f 3317/3317/3317 3099/3099/3099 3203/3203/3203
f 3203/3203/3203 3205/3205/3205 3204/3204/3204
f 3203/3203/3203 3099/3099/3099 3106/3106/3106
f 3203/3203/3203 3106/3106/3106 3318/3318/3318
f 3271/3271/3271 3303/3303/3303 3306/3306/3306
f 3271/3271/3271 3269/3269/3269 3305/3305/3305
f 3273/3273/3273 3270/3270/3270 3271/3271/3271
f 3319/3319/3319 3320/3320/3320 3321/3321/3321
f 3320/3320/3320 3319/3319/3319 3322/3322/3322
f 3205/3205/3205 3203/3203/3203 3318/3318/3318
f 3225/3225/3225 3195/3195/3195 2775/2775/2775
f 3195/3195/3195 3192/3192/3192 3226/3226/3226
f 2875/2875/2875 2871/2871/2871 2874/2874/2874
f 3323/3323/3323 3324/3324/3324 3325/3325/3325
f 3323/3323/3323 3326/3326/3326 3324/3324/3324
f 3189/3189/3189 3186/3186/3186 3188/3188/3188
f 3229/3229/3229 3228/3228/3228 3327/3327/3327
f 3235/3235/3235 3197/3197/3197 3201/3201/3201
f 3235/3235/3235 3233/3233/3233 3207/3207/3207
f 3207/3207/3207 3202/3202/3202 3197/3197/3197
f 3207/3207/3207 3197/3197/3197 3235/3235/3235
f 3208/3208/3208 3233/3233/3233 3232/3232/3232
f 3173/3173/3173 3172/3172/3172 3328/3328/3328
f 3118/3118/3118 3114/3114/3114 3117/3117/3117
f 3119/3119/3119 3120/3120/3120 3114/3114/3114
f 2905/2905/2905 3284/3284/3284 3283/3283/3283
f 3283/3283/3283 3281/3281/3281 3285/3285/3285
f 3298/3298/3298 3297/3297/3297 3301/3301/3301
f 3285/3285/3285 3259/3259/3259 3258/3258/3258
f 3258/3258/3258 3255/3255/3255 3260/3260/3260
f 3309/3309/3309 3303/3303/3303 3305/3305/3305
f 3309/3309/3309 3304/3304/3304 3303/3303/3303
f 3310/3310/3310 3307/3307/3307 3304/3304/3304
f 3250/3250/3250 3251/3251/3251 3246/3246/3246
f 3312/3312/3312 3311/3311/3311 3315/3315/3315
f 3194/3194/3194 3193/3193/3193 3311/3311/3311
f 3316/3316/3316 3307/3307/3307 3310/3310/3310
f 3316/3316/3316 3315/3315/3315 3307/3307/3307
f 3248/3248/3248 3214/3214/3214 3249/3249/3249
f 3248/3248/3248 3245/3245/3245 3329/3329/3329
f 3248/3248/3248 3329/3329/3329 3210/3210/3210
f 3329/3329/3329 3211/3211/3211 3210/3210/3210
f 3249/3249/3249 3246/3246/3246 3248/3248/3248
f 3214/3214/3214 3248/3248/3248 3210/3210/3210
f 3214/3214/3214 3213/3213/3213 3330/3330/3330
f 3331/3331/3331 3332/3332/3332 3333/3333/3333
f 3331/3331/3331 3333/3333/3333 3334/3334/3334
f 3333/3333/3333 3335/3335/3335 3334/3334/3334
f 3333/3333/3333 3336/3336/3336 3335/3335/3335
f 3334/3334/3334 3337/3337/3337 3331/3331/3331
f 3338/3338/3338 3238/3238/3238 3237/3237/3237
f 3338/3338/3338 3277/3277/3277 3238/3238/3238
f 3338/3338/3338 3339/3339/3339 3335/3335/3335
f 3339/3339/3339 3338/3338/3338 3237/3237/3237
f 3339/3339/3339 3334/3334/3334 3335/3335/3335
f 3335/3335/3335 3340/3340/3340 3338/3338/3338
f 3336/3336/3336 3341/3341/3341 3340/3340/3340
f 3336/3336/3336 3333/3333/3333 3332/3332/3332
f 3332/3332/3332 3331/3331/3331 3342/3342/3342
f 3340/3340/3340 3335/3335/3335 3336/3336/3336
f 3277/3277/3277 3278/3278/3278 3244/3244/3244
f 3277/3277/3277 3338/3338/3338 3340/3340/3340
f 3278/3278/3278 3277/3277/3277 3343/3343/3343
f 3243/3243/3243 3344/3344/3344 3345/3345/3345
f 3346/3346/3346 3347/3347/3347 3348/3348/3348
f 3347/3347/3347 3349/3349/3349 3350/3350/3350
f 3348/3348/3348 3347/3347/3347 3350/3350/3350
f 3348/3348/3348 3350/3350/3350 3351/3351/3351
f 3350/3350/3350 3352/3352/3352 3351/3351/3351
f 3351/3351/3351 3353/3353/3353 3348/3348/3348
f 3351/3351/3351 3354/3354/3354 3355/3355/3355
f 3353/3353/3353 3355/3355/3355 3356/3356/3356
f 3157/3157/3157 3153/3153/3153 3155/3155/3155
f 3158/3158/3158 3164/3164/3164 3153/3153/3153
f 3357/3357/3357 3344/3344/3344 3349/3349/3349
f 3344/3344/3344 3243/3243/3243 3241/3241/3241
f 3344/3344/3344 3241/3241/3241 3275/3275/3275
f 3344/3344/3344 3357/3357/3357 3345/3345/3345
f 3349/3349/3349 3347/3347/3347 3357/3357/3357
f 3349/3349/3349 3344/3344/3344 3275/3275/3275
f 3275/3275/3275 3352/3352/3352 3349/3349/3349
f 3352/3352/3352 3276/3276/3276 3354/3354/3354
f 3352/3352/3352 3350/3350/3350 3349/3349/3349
f 3342/3342/3342 3358/3358/3358 3332/3332/3332
f 3358/3358/3358 3359/3359/3359 3332/3332/3332
f 3358/3358/3358 3342/3342/3342 3360/3360/3360
f 3341/3341/3341 3343/3343/3343 3340/3340/3340
f 3341/3341/3341 3336/3336/3336 3359/3359/3359
f 3359/3359/3359 3336/3336/3336 3332/3332/3332
f 3343/3343/3343 3277/3277/3277 3340/3340/3340
f 3355/3355/3355 3353/3353/3353 3351/3351/3351
f 3276/3276/3276 3242/3242/3242 3279/3279/3279
f 3276/3276/3276 3352/3352/3352 3275/3275/3275
f 3354/3354/3354 3351/3351/3351 3352/3352/3352
f 3171/3171/3171 3168/3168/3168 3361/3361/3361
f 3362/3362/3362 3363/3363/3363 3364/3364/3364
f 3363/3363/3363 3362/3362/3362 3365/3365/3365
f 3366/3366/3366 3367/3367/3367 3368/3368/3368
f 3367/3367/3367 3366/3366/3366 3369/3369/3369
f 3367/3367/3367 3370/3370/3370 3368/3368/3368
f 3369/3369/3369 3371/3371/3371 3372/3372/3372
f 3373/3373/3373 3374/3374/3374 3375/3375/3375
f 3374/3374/3374 3373/3373/3373 3376/3376/3376
f 3375/3375/3375 3374/3374/3374 3377/3377/3377
f 3376/3376/3376 3373/3373/3373 3378/3378/3378
f 3379/3379/3379 3380/3380/3380 3381/3381/3381
f 3379/3379/3379 3382/3382/3382 3383/3383/3383
f 3380/3380/3380 3379/3379/3379 3384/3384/3384
f 3380/3380/3380 3385/3385/3385 3386/3386/3386
f 3387/3387/3387 3388/3388/3388 3389/3389/3389
f 3388/3388/3388 3387/3387/3387 3390/3390/3390
f 3389/3389/3389 3378/3378/3378 3391/3391/3391
f 3392/3392/3392 3389/3389/3389 3388/3388/3388
f 3377/3377/3377 3393/3393/3393 3394/3394/3394
f 3393/3393/3393 3377/3377/3377 3395/3395/3395
f 3395/3395/3395 3377/3377/3377 3374/3374/3374
f 3371/3371/3371 3385/3385/3385 3372/3372/3372
f 3371/3371/3371 3369/3369/3369 3366/3366/3366
f 3391/3391/3391 3378/3378/3378 3373/3373/3373
f 3378/3378/3378 3389/3389/3389 3392/3392/3392
f 3396/3396/3396 3382/3382/3382 3397/3397/3397
f 3382/3382/3382 3396/3396/3396 3383/3383/3383
f 3382/3382/3382 3379/3379/3379 3381/3381/3381
f 3385/3385/3385 3380/3380/3380 3384/3384/3384
f 3385/3385/3385 3371/3371/3371 3386/3386/3386
f 3398/3398/3398 3399/3399/3399 3400/3400/3400
f 3398/3398/3398 3400/3400/3400 3401/3401/3401
f 3401/3401/3401 3402/3402/3402 3403/3403/3403
f 3401/3401/3401 3400/3400/3400 3402/3402/3402
f 3404/3404/3404 3390/3390/3390 3405/3405/3405
f 3390/3390/3390 3404/3404/3404 3406/3406/3406
f 3405/3405/3405 3390/3390/3390 3387/3387/3387
f 3403/3403/3403 3402/3402/3402 3407/3407/3407
f 3407/3407/3407 3408/3408/3408 3403/3403/3403
f 3370/3370/3370 3367/3367/3367 3409/3409/3409
f 3410/3410/3410 3411/3411/3411 3412/3412/3412
f 3410/3410/3410 3412/3412/3412 3413/3413/3413
f 3411/3411/3411 3414/3414/3414 3412/3412/3412
f 3415/3415/3415 3413/3413/3413 3416/3416/3416
f 3415/3415/3415 3410/3410/3410 3413/3413/3413
f 3415/3415/3415 3416/3416/3416 3417/3417/3417
f 3399/3399/3399 3398/3398/3398 3418/3418/3418
f 3408/3408/3408 3407/3407/3407 3419/3419/3419
f 3420/3420/3420 3414/3414/3414 3411/3411/3411
f 3421/3421/3421 3422/3422/3422 3423/3423/3423
f 3424/3424/3424 3423/3423/3423 3422/3422/3422
f 3417/3417/3417 3416/3416/3416 3425/3425/3425
f 3426/3426/3426 3427/3427/3427 3428/3428/3428
f 3427/3427/3427 3426/3426/3426 3429/3429/3429
f 3430/3430/3430 3431/3431/3431 3432/3432/3432
f 3431/3431/3431 3430/3430/3430 3433/3433/3433
f 3434/3434/3434 3435/3435/3435 3436/3436/3436
f 3435/3435/3435 3437/3437/3437 3438/3438/3438
f 3436/3436/3436 3439/3439/3439 3440/3440/3440
f 3441/3441/3441 3442/3442/3442 3443/3443/3443
f 3442/3442/3442 3444/3444/3444 3445/3445/3445
f 3442/3442/3442 3441/3441/3441 3446/3446/3446
f 3442/3442/3442 3447/3447/3447 3448/3448/3448
f 3442/3442/3442 3449/3449/3449 3444/3444/3444
f 3443/3443/3443 3450/3450/3450 3441/3441/3441
f 3443/3443/3443 3451/3451/3451 3450/3450/3450
f 3452/3452/3452 3453/3453/3453 3439/3439/3439
f 3453/3453/3453 3452/3452/3452 3454/3454/3454
f 3439/3439/3439 3449/3449/3449 3440/3440/3440
f 3439/3439/3439 3436/3436/3436 3435/3435/3435
f 3439/3439/3439 3455/3455/3455 3444/3444/3444
f 3456/3456/3456 3448/3448/3448 3457/3457/3457
f 3448/3448/3448 3456/3456/3456 3458/3458/3458
f 3457/3457/3457 3448/3448/3448 3447/3447/3447
f 3449/3449/3449 3439/3439/3439 3444/3444/3444
f 3449/3449/3449 3442/3442/3442 3446/3446/3446
f 3437/3437/3437 3435/3435/3435 3434/3434/3434
f 3455/3455/3455 3439/3439/3439 3453/3453/3453
f 3459/3459/3459 3452/3452/3452 3460/3460/3460
f 3454/3454/3454 3452/3452/3452 3459/3459/3459
f 3447/3447/3447 3442/3442/3442 3445/3445/3445
f 3451/3451/3451 3443/3443/3443 3461/3461/3461
